contractSymbol,lastTradeDate,strike,lastPrice,bid,ask,change,percentChange,volume,openInterest,impliedVolatility,inTheMoney,contractSize,currency,option_type,expiration,T,S0,mid_price,spread_pct,moneyness,implied_vol,bs_price,heston_price,bs_error,heston_error,maturity_bucket
SPY260923C00755000,2026-09-16 20:13:02+00:00,755.0,4.8,4.78,4.81,-2.4199996,-33.518,758.0,97.0,0.1264430618286132,False,REGULAR,USD,call,2026-09-23,0.0191780821917808,754.0499877929688,4.795,0.0062565172054221,1.0012598796133023,0.11862873017600659,6.480912249140886,4.940476975271736,1.6859122491408858,0.14547697527173575,<1mo
SPY260923C00756000,2026-09-16 20:08:27+00:00,756.0,4.29,4.28,4.31,-2.63,-38.00578,600.0,48.0,0.1253139227294922,False,REGULAR,USD,call,2026-09-23,0.0191780821917808,754.0499877929688,4.295,0.0069848661233991,1.0025860516392802,0.11792106270739325,6.0048583522583385,4.305374285597679,1.7098583522583386,0.010374285597679389,<1mo
SPY260923C00757000,2026-09-16 20:14:33+00:00,757.0,3.85,3.8,3.84,-2.3400002,-37.80291,1261.0,127.0,0.1241542663574218,False,REGULAR,USD,call,2026-09-23,0.0191780821917808,754.0499877929688,3.82,0.0104712041884816,1.0039122236652582,0.11702983102081639,5.552632513242713,3.7102850837022174,1.7326325132427134,-0.1097149162977824,<1mo
SPY260923C00758000,2026-09-16 20:14:42+00:00,758.0,3.41,3.37,3.39,-2.3700001,-41.00346,1645.0,524.0,0.1226894372558593,False,REGULAR,USD,call,2026-09-23,0.0191780821917808,754.0499877929688,3.38,0.0059171597633136,1.005238395691236,0.11618996350752903,5.1240340208850625,3.1568773772872305,1.7440340208850627,-0.2231226227127694,<1mo
SPY260923C00759000,2026-09-16 20:14:04+00:00,759.0,2.95,2.96,2.98,-2.24,-43.159924,1693.0,695.0,0.1214077117919921,False,REGULAR,USD,call,2026-09-23,0.0191780821917808,754.0499877929688,2.97,0.0067340067340067,1.006564567717214,0.11527643931884314,4.71878015374898,2.646463024480397,1.7487801537489802,-0.32353697551960314,<1mo
SPY260923C00760000,2026-09-16 20:14:59+00:00,760.0,2.61,2.58,2.61,-1.9100001,-42.25664,4361.0,1878.0,0.1203701245117187,False,REGULAR,USD,call,2026-09-23,0.0191780821917808,754.0499877929688,2.595,0.0115606936416184,1.0078907397431918,0.11441928692556068,4.3365094947496345,2.179978008742353,1.7415094947496343,-0.4150219912576474,<1mo
SPY260923C00761000,2026-09-16 20:13:06+00:00,761.0,2.26,2.24,2.26,-1.7900002,-44.197533,1315.0,209.0,0.1190273645019531,False,REGULAR,USD,call,2026-09-23,0.0191780821917808,754.0499877929688,2.25,0.0088888888888887,1.0092169117691696,0.11349925639912571,3.9767860193391584,1.7579684306084573,1.7267860193391584,-0.4920315693915427,<1mo
SPY260923C00762000,2026-09-16 20:14:42+00:00,762.0,1.94,1.93,1.94,-1.6099999,-45.352108,957.0,169.0,0.1176846044921875,False,REGULAR,USD,call,2026-09-23,0.0191780821917808,754.0499877929688,1.935,0.0051679586563307,1.0105430837951477,0.11252646527734719,3.6391038814759327,1.3805823869137726,1.7041038814759326,-0.5544176130862275,<1mo
SPY260923C00763000,2026-09-16 20:14:22+00:00,763.0,1.65,1.65,1.66,-1.59,-49.074074,404.0,205.0,0.1165859826660156,False,REGULAR,USD,call,2026-09-23,0.0191780821917808,754.0499877929688,1.6549999999999998,0.0060422960725075,1.0118692558211255,0.11167167307505571,3.3228928112785354,1.0475678103666723,1.6678928112785356,-0.6074321896333275,<1mo
SPY260923C00764000,2026-09-16 20:11:40+00:00,764.0,1.4,1.4,1.43,-1.42,-50.35461,411.0,362.0,0.1161587408447265,False,REGULAR,USD,call,2026-09-23,0.0191780821917808,754.0499877929688,1.415,0.0212014134275618,1.0131954278471034,0.1111590810304919,3.027524030122237,0.7582762449526967,1.6125240301222368,-0.6567237550473033,<1mo
SPY260923C00765000,2026-09-16 20:12:10+00:00,765.0,1.17,1.18,1.21,-1.1999999,-50.63291,1491.0,665.0,0.11524322265625,False,REGULAR,USD,call,2026-09-23,0.0191780821917808,754.0499877929688,1.1949999999999998,0.0251046025104602,1.0145215998730812,0.1104107841670311,2.752316583045456,0.5116724373063164,1.557316583045456,-0.6833275626936834,<1mo
SPY260923C00766000,2026-09-16 20:13:02+00:00,766.0,0.98,0.99,1.0,-1.05,-51.724136,943.0,231.0,0.113717359008789,False,REGULAR,USD,call,2026-09-23,0.0191780821917808,754.0499877929688,0.995,0.0100502512562814,1.015847771899059,0.10942633333687475,2.4965439847596826,0.306349532393142,1.5015439847596825,-0.688650467606858,<1mo
SPY260923C00767000,2026-09-16 20:11:55+00:00,767.0,0.81,0.82,0.84,-0.94,-53.714287,762.0,242.0,0.1131680480957031,False,REGULAR,USD,call,2026-09-23,0.0191780821917808,754.0499877929688,0.83,0.0240963855421686,1.017173943925037,0.10884204857855935,2.259441074296973,0.14054957508039934,1.4294410742969728,-0.6894504249196006,<1mo
SPY260923C00768000,2026-09-16 20:01:38+00:00,768.0,0.67,0.67,0.7,-0.59999996,-47.24409,492.0,92.0,0.1125577026367187,False,REGULAR,USD,call,2026-09-23,0.0191780821917808,754.0499877929688,0.685,0.043795620437956,1.0185001159510148,0.10817011268388985,2.0402109742988728,0.012188938738034949,1.3552109742988727,-0.6728110612619651,<1mo
SPY260923C00769000,2026-09-16 20:02:38+00:00,769.0,0.56,0.55,0.57,-0.7,-55.555557,848.0,193.0,0.1115811499023437,False,REGULAR,USD,call,2026-09-23,0.0191780821917808,754.0499877929688,0.56,0.0357142857142855,1.0198262879769928,0.10747702189601216,1.8380320540367734,-0.08111177087198485,1.2780320540367733,-0.6411117708719849,<1mo
SPY260923C00770000,2026-09-16 20:13:15+00:00,770.0,0.44,0.45,0.46,-0.60999995,-58.095238,2164.0,772.0,0.1106045971679687,False,REGULAR,USD,call,2026-09-23,0.0191780821917808,754.0499877929688,0.455,0.0219780219780219,1.0211524600029709,0.10686772327083915,1.6520648002626217,-0.14199385246654117,1.1970648002626216,-0.5969938524665412,<1mo
SPY260923C00771000,2026-09-16 20:09:21+00:00,771.0,0.36,0.37,0.38,-0.40999997,-53.24675,311.0,45.0,0.1104825280761718,False,REGULAR,USD,call,2026-09-23,0.0191780821917808,754.0499877929688,0.375,0.0266666666666666,1.0224786320289485,0.10684532316049658,1.4814585067005197,-0.17332325776291668,1.1064585067005197,-0.5483232577629167,<1mo
SPY260923C00772000,2026-09-16 20:14:50+00:00,772.0,0.3,0.3,0.31,-0.37,-55.22388,1440.0,105.0,0.1101163208007812,False,REGULAR,USD,call,2026-09-23,0.0191780821917808,754.0499877929688,0.305,0.0327868852459016,1.0238048040549264,0.10664769988660713,1.325357701148988,-0.1781505672226018,1.0203577011489882,-0.4831505672226018,<1mo
SPY260923C00773000,2026-09-16 20:00:49+00:00,773.0,0.24,0.24,0.25,-0.33999997,-58.620686,841.0,531.0,0.1098721826171875,False,REGULAR,USD,call,2026-09-23,0.0191780821917808,754.0499877929688,0.245,0.0408163265306122,1.0251309760809042,0.10632933005186612,1.1829082384837903,-0.1596688425752859,0.9379082384837903,-0.4046688425752859,<1mo
SPY260923C00774000,2026-09-16 20:13:20+00:00,774.0,0.19,0.19,0.2,-0.19,-50.0,779.0,341.0,0.10938390625,False,REGULAR,USD,call,2026-09-23,0.0191780821917808,754.0499877929688,0.195,0.0512820512820513,1.026457148106882,0.10598335553658815,1.0532629980417028,-0.12117002866453674,0.8582629980417027,-0.31617002866453675,<1mo
SPY260923C00775000,2026-09-16 20:13:20+00:00,775.0,0.16,0.16,0.17,-0.20000002,-55.555557,2640.0,731.0,0.1103604589843749,False,REGULAR,USD,call,2026-09-23,0.0191780821917808,754.0499877929688,0.165,0.0606060606060606,1.02778332013286,0.10696909729508162,0.9355871346208176,-0.06600058896413685,0.7705871346208175,-0.23100058896413686,<1mo
SPY260923C00776000,2026-09-16 20:07:16+00:00,776.0,0.12,0.13,0.14,-0.13,-52.0,1301.0,285.0,0.1108487353515624,False,REGULAR,USD,call,2026-09-23,0.0191780821917808,754.0499877929688,0.135,0.0740740740740741,1.029109492158838,0.10734095645734451,0.8290628433712897,0.0024829401902835,0.6940628433712897,-0.1325170598097165,<1mo
SPY260923C00777000,2026-09-16 20:14:50+00:00,777.0,0.12,0.1,0.11,-0.1,-45.454544,1594.0,459.0,0.1103604589843749,False,REGULAR,USD,call,2026-09-23,0.0191780821917808,754.0499877929688,0.105,0.0952380952380951,1.0304356641848158,0.10689511250787292,0.7328936098772232,0.08095780182651424,0.6278936098772232,-0.024042198173485754,<1mo
SPY260923C00778000,2026-09-16 19:56:07+00:00,778.0,0.1,0.08,0.09,-0.050000004,-33.333336,490.0,459.0,0.1108487353515624,False,REGULAR,USD,call,2026-09-23,0.0191780821917808,754.0499877929688,0.0849999999999999,0.1176470588235293,1.0317618362107936,0.10724654069009946,0.6463079275008354,0.16617762290898597,0.5613079275008356,0.08117762290898607,<1mo
SPY260923C00779000,2026-09-16 20:04:59+00:00,779.0,0.08,0.07,0.08,-0.060000002,-42.857143,1136.0,462.0,0.1128018408203125,False,REGULAR,USD,call,2026-09-23,0.0191780821917808,754.0499877929688,0.075,0.1333333333333332,1.0330880082367715,0.109014333477089,0.5685624743372628,0.25501314783703144,0.4935624743372628,0.18001314783703143,<1mo
SPY260923C00780000,2026-09-16 20:14:10+00:00,780.0,0.07,0.06,0.07,-0.04,-36.363636,1559.0,550.0,0.114266669921875,False,REGULAR,USD,call,2026-09-23,0.0191780821917808,754.0499877929688,0.065,0.1538461538461539,1.0344141802627496,0.11046164997504153,0.4989447517134806,0.3444905173854469,0.4339447517134806,0.2794905173854469,<1mo
SPY260923C00781000,2026-09-16 18:27:15+00:00,781.0,0.11,0.05,0.06,-0.009999998,-8.333331,204.0,191.0,0.11524322265625,False,REGULAR,USD,call,2026-09-23,0.0191780821917808,754.0499877929688,0.055,0.1818181818181817,1.0357403522887274,0.11151851727835184,0.4367751949016636,0.4318265579731353,0.3817751949016636,0.3768265579731353,<1mo
SPY260930C00755000,2026-09-16 20:12:54+00:00,755.0,7.35,7.33,7.36,-2.4,-24.615387,1407.0,3141.0,0.1327296200561523,False,REGULAR,USD,call,2026-09-30,0.0383561643835616,754.0499877929688,7.345000000000001,0.0040844111640572,1.0012598796133023,0.12169106019036961,9.5479301184767,8.536289066255335,2.202930118476699,1.1912890662553348,<1mo
SPY260930C00756000,2026-09-16 20:10:02+00:00,756.0,6.77,6.77,6.79,-2.3200002,-25.522554,386.0,1066.0,0.1309596182250976,False,REGULAR,USD,call,2026-09-30,0.0383561643835616,754.0499877929688,6.779999999999999,0.0029498525073746,1.0025860516392802,0.12043693575909156,9.057488293430595,7.851519009429353,2.2774882934305953,1.0715190094293536,<1mo
SPY260930C00757000,2026-09-16 20:00:48+00:00,757.0,6.26,6.23,6.28,-2.3400002,-27.209303,866.0,1007.0,0.1298304791259765,False,REGULAR,USD,call,2026-09-30,0.0383561643835616,754.0499877929688,6.255000000000001,0.0079936051159072,1.0039122236652582,0.11948070077458997,8.583934630444105,7.186352662909599,2.3289346304441043,0.9313526629095978,<1mo
SPY260930C00758000,2026-09-16 20:14:28+00:00,758.0,5.73,5.74,5.75,-2.27,-28.375,935.0,972.0,0.1279994427490234,False,REGULAR,USD,call,2026-09-30,0.0383561643835616,754.0499877929688,5.745,0.0017406440382941,1.005238395691236,0.11838951605019638,8.127200917207006,6.542896588361657,2.3822009172070056,0.7978965883616569,<1mo
SPY260930C00759000,2026-09-16 20:09:38+00:00,759.0,5.25,5.25,5.27,-2.02,-27.78542,346.0,1744.0,0.1266261654663085,False,REGULAR,USD,call,2026-09-30,0.0383561643835616,754.0499877929688,5.26,0.0038022813688212,1.006564567717214,0.11732637605445712,7.687189252850487,5.923181222010612,2.4271892528504875,0.6631812220106124,<1mo
SPY260930C00760000,2026-09-16 20:14:08+00:00,760.0,4.79,4.79,4.82,-2.0100002,-29.558826,5069.0,3712.0,0.1254054745483398,False,REGULAR,USD,call,2026-09-30,0.0383561643835616,754.0499877929688,4.805,0.0062434963579605,1.0078907397431918,0.11637383553634552,7.263772687487176,5.329129865125253,2.4587726874871763,0.5241298651252535,<1mo
SPY260930C00761000,2026-09-16 20:14:06+00:00,761.0,4.35,4.36,4.39,-1.77,-28.92157,559.0,5355.0,0.1241237490844726,False,REGULAR,USD,call,2026-09-30,0.0383561643835616,754.0499877929688,4.375,0.0068571428571427,1.0092169117691696,0.11544369799125356,6.856796009247489,4.762529188917597,2.481796009247489,0.3875291889175969,<1mo
SPY260930C00762000,2026-09-16 20:14:12+00:00,762.0,3.95,3.94,3.98,-1.3500001,-25.4717,485.0,2221.0,0.1228115063476562,False,REGULAR,USD,call,2026-09-30,0.0383561643835616,754.0499877929688,3.96,0.0101010101010101,1.0105430837951477,0.11435292133968407,6.466076670935763,4.225001720582895,2.506076670935763,0.2650017205828954,<1mo
SPY260930C00763000,2026-09-16 20:13:08+00:00,763.0,3.57,3.58,3.6,-1.53,-30.0,450.0,1017.0,0.1216213327026367,False,REGULAR,USD,call,2026-09-30,0.0383561643835616,754.0499877929688,3.59,0.0055710306406685,1.0118692558211255,0.11365027473936877,6.091405847332396,3.717980739835866,2.5014058473323963,0.12798073983586633,<1mo
SPY260930C00764000,2026-09-16 20:04:14+00:00,764.0,3.21,3.2,3.24,-1.5900002,-33.125,518.0,1321.0,0.1203701245117187,False,REGULAR,USD,call,2026-09-30,0.0383561643835616,754.0499877929688,3.22,0.0124223602484472,1.0131954278471034,0.11250323093424516,5.7325496131916225,3.242687971377279,2.5125496131916223,0.02268797137727896,<1mo
SPY260930C00765000,2026-09-16 20:14:48+00:00,765.0,2.89,2.87,2.89,-1.4599998,-33.563217,4148.0,4386.0,0.1188442608642578,False,REGULAR,USD,call,2026-09-30,0.0383561643835616,754.0499877929688,2.88,0.0069444444444444,1.0145215998730812,0.11146986637573551,5.389250231131427,2.8001144091073797,2.5092502311314275,-0.07988559089262015,<1mo
SPY260930C00766000,2026-09-16 20:14:33+00:00,766.0,2.58,2.57,2.58,-1.04,-28.729282,407.0,1708.0,0.1176846044921875,False,REGULAR,USD,call,2026-09-30,0.0383561643835616,754.0499877929688,2.575,0.0038834951456311,1.015847771899059,0.11067128565166565,5.061227537898361,2.3910045535212134,2.486227537898361,-0.18399544647878674,<1mo
SPY260930C00767000,2026-09-16 20:05:08+00:00,767.0,2.23,2.28,2.29,-1.22,-35.36232,212.0,1547.0,0.1164639135742187,False,REGULAR,USD,call,2026-09-30,0.0383561643835616,754.0499877929688,2.285,0.0043763676148797,1.017173943925037,0.10971245434686117,4.748180416913243,2.015844285556568,2.463180416913243,-0.269155714443432,<1mo
SPY260930C00768000,2026-09-16 20:14:15+00:00,768.0,2.03,2.02,2.03,-0.8299999,-29.020977,136.0,1540.0,0.1154263262939453,False,REGULAR,USD,call,2026-09-30,0.0383561643835616,754.0499877929688,2.025,0.0049382716049381,1.0185001159510148,0.10892336428597889,4.449788344572539,1.6748525392666238,2.4247883445725393,-0.3501474607333761,<1mo
SPY260930C00769000,2026-09-16 20:05:22+00:00,769.0,1.81,1.78,1.81,-0.86000013,-32.209743,179.0,2463.0,0.1148770153808593,False,REGULAR,USD,call,2026-09-30,0.0383561643835616,754.0499877929688,1.795,0.0167130919220055,1.0198262879769928,0.10834588664125941,4.1657129974903455,1.3679768730908108,2.3707129974903456,-0.4270231269091891,<1mo
SPY260930C00770000,2026-09-16 20:14:33+00:00,770.0,1.58,1.57,1.6,-0.93999994,-37.301586,3247.0,5599.0,0.1141446008300781,False,REGULAR,USD,call,2026-09-30,0.0383561643835616,754.0499877929688,1.585,0.0189274447949527,1.0211524600029709,0.10778154450302546,3.8955999077218166,1.0948929762755597,2.3105999077218167,-0.49010702372444026,<1mo
SPY260930C00771000,2026-09-16 20:05:26+00:00,771.0,1.3,1.37,1.39,-0.93000007,-41.70404,509.0,1487.0,0.1128628753662109,False,REGULAR,USD,call,2026-09-30,0.0383561643835616,754.0499877929688,1.38,0.0144927536231882,1.0224786320289485,0.10684882646375446,3.6390801530027943,0.8550080841929457,2.2590801530027944,-0.5249919158070542,<1mo
SPY260930C00772000,2026-09-16 20:10:18+00:00,772.0,1.21,1.2,1.21,-0.7099999,-36.979164,1057.0,1950.0,0.1119473571777343,False,REGULAR,USD,call,2026-09-30,0.0383561643835616,754.0499877929688,1.205,0.0082987551867219,1.0238048040549264,0.10622110681856443,3.395772069170789,0.6474682149233217,2.190772069170789,-0.5575317850766783,<1mo
SPY260930C00773000,2026-09-16 20:14:53+00:00,773.0,1.05,1.04,1.05,-0.6700001,-38.95349,558.0,2580.0,0.1110318389892578,False,REGULAR,USD,call,2026-09-30,0.0383561643835616,754.0499877929688,1.045,0.0095693779904306,1.0251309760809042,0.10552790389787432,3.1652829721888054,0.4711690805113449,2.1202829721888055,-0.5738309194886551,<1mo
SPY260930C00774000,2026-09-16 20:14:22+00:00,774.0,0.91,0.91,0.92,-0.59999996,-39.735096,387.0,1376.0,0.1106656317138671,False,REGULAR,USD,call,2026-09-30,0.0383561643835616,754.0499877929688,0.915,0.0109289617486338,1.026457148106882,0.10529354626554084,2.9472108775733545,0.324770470638839,2.0322108775733545,-0.590229529361161,<1mo
SPY260930C00775000,2026-09-16 20:14:36+00:00,775.0,0.78,0.78,0.81,-0.53,-40.458015,7404.0,15967.0,0.1105435626220703,False,REGULAR,USD,call,2026-09-30,0.0383561643835616,754.0499877929688,0.795,0.0377358490566038,1.02778332013286,0.10493891380065729,2.741146205516486,0.20671385496203243,1.9461462055164862,-0.5882861450379676,<1mo
SPY260930C00776000,2026-09-16 20:11:31+00:00,776.0,0.67,0.68,0.7,-0.46999997,-41.228065,435.0,1047.0,0.1099942517089843,False,REGULAR,USD,call,2026-09-30,0.0383561643835616,754.0499877929688,0.69,0.0289855072463766,1.029109492158838,0.1046691097744463,2.54667346058136,0.11524290375204771,1.85667346058136,-0.5747570962479522,<1mo
SPY260930C00777000,2026-09-16 20:10:26+00:00,777.0,0.59,0.59,0.6,-0.38000005,-39.17526,713.0,3382.0,0.1092618371582031,False,REGULAR,USD,call,2026-09-30,0.0383561643835616,754.0499877929688,0.595,0.0168067226890756,1.0304356641848158,0.10433225181500054,2.3633728755295067,0.04842658542817446,1.7683728755295067,-0.5465734145718255,<1mo
SPY260930C00778000,2026-09-16 20:08:03+00:00,778.0,0.47,0.51,0.52,-0.35,-42.682926,1416.0,2479.0,0.1090176989746093,False,REGULAR,USD,call,2026-09-30,0.0383561643835616,754.0499877929688,0.515,0.0194174757281553,1.0317618362107936,0.10419163838048649,2.1908220095921536,0.004184464621076245,1.6758220095921534,-0.5108155353789238,<1mo
SPY260930C00779000,2026-09-16 20:08:20+00:00,779.0,0.42,0.44,0.45,-0.27,-39.130436,9965.0,1387.0,0.108834595336914,False,REGULAR,USD,call,2026-09-30,0.0383561643835616,754.0499877929688,0.445,0.0224719101123595,1.0330880082367715,0.10409233675573211,2.0285972923212654,-0.019686204002510976,1.5835972923212653,-0.464686204002511,<1mo
SPY260930C00780000,2026-09-16 20:13:16+00:00,780.0,0.37,0.38,0.39,-0.25,-40.32258,19145.0,16972.0,0.1087735607910156,False,REGULAR,USD,call,2026-09-30,0.0383561643835616,754.0499877929688,0.385,0.0259740259740259,1.0344141802627496,0.10409493350338724,1.8762755050206579,-0.025482012477844762,1.4912755050206579,-0.41048201247784477,<1mo
SPY260930C00781000,2026-09-16 19:54:15+00:00,781.0,0.31,0.33,0.34,-0.16999999,-35.416664,240.0,2284.0,0.1088956298828125,False,REGULAR,USD,call,2026-09-30,0.0383561643835616,754.0499877929688,0.335,0.0298507462686567,1.0357403522887274,0.10428065083271668,1.73343519267371,-0.015564007639738975,1.39843519267371,-0.350564007639739,<1mo
SPY260930C00782000,2026-09-16 19:58:29+00:00,782.0,0.26,0.29,0.3,-0.120000005,-31.578947,2254.0,1565.0,0.1092618371582031,False,REGULAR,USD,call,2026-09-30,0.0383561643835616,754.0499877929688,0.295,0.0338983050847458,1.0370665243147053,0.10475452717824196,1.59965800021547,0.0076721812899123165,1.3046580002154702,-0.28732781871008767,<1mo
SPY260930C00783000,2026-09-16 19:46:49+00:00,783.0,0.19,0.25,0.26,-0.13,-40.625,498.0,1157.0,0.10938390625,False,REGULAR,USD,call,2026-09-30,0.0383561643835616,754.0499877929688,0.255,0.0392156862745098,1.038392696340683,0.10488199120084322,1.4745299279467474,0.04182624729715201,1.2195299279467475,-0.213173752702848,<1mo
SPY260930C00784000,2026-09-16 20:11:12+00:00,784.0,0.21,0.22,0.23,-0.10000001,-32.258068,863.0,1640.0,0.1098721826171875,False,REGULAR,USD,call,2026-09-30,0.0383561643835616,754.0499877929688,0.225,0.0444444444444444,1.039718868366661,0.10544279811656025,1.3576425018387113,0.08452270080789503,1.1326425018387112,-0.14047729919210497,<1mo
SPY260930C00785000,2026-09-16 19:55:34+00:00,785.0,0.19,0.19,0.2,-0.060000002,-24.0,1726.0,5090.0,0.1101163208007812,False,REGULAR,USD,call,2026-09-30,0.0383561643835616,754.0499877929688,0.195,0.0512820512820513,1.0410450403926388,0.10568544455189754,1.2485938554162885,0.13343952752546429,1.0535938554162885,-0.06156047247453572,<1mo
SPY260930C00786000,2026-09-16 20:06:45+00:00,786.0,0.16,0.16,0.17,-0.08,-33.333336,1192.0,21388.0,0.1098721826171875,False,REGULAR,USD,call,2026-09-30,0.0383561643835616,754.0499877929688,0.165,0.0606060606060606,1.0423712124186169,0.10553884422356961,1.1469897208305895,0.18633560074414746,0.9819897208305894,0.021335600744147448,<1mo
SPY260930C00787000,2026-09-16 19:59:30+00:00,787.0,0.15,0.14,0.15,-0.049999997,-24.999998,292.0,2193.0,0.1103604589843749,False,REGULAR,USD,call,2026-09-30,0.0383561643835616,754.0499877929688,0.145,0.0689655172413791,1.0436973844445947,0.10609034936965402,1.0524443276198383,0.24107646584582065,0.9074443276198383,0.09607646584582066,<1mo
SPY260930C00788000,2026-09-16 20:14:21+00:00,788.0,0.14,0.13,0.14,-0.030000001,-17.647058,510.0,1095.0,0.1118252880859374,False,REGULAR,USD,call,2026-09-30,0.0383561643835616,754.0499877929688,0.135,0.0740740740740741,1.0450235564705723,0.10761268075161184,0.9645812085126266,0.295658145936875,0.8295812085126266,0.160658145936875,<1mo
SPY260930C00789000,2026-09-16 19:31:21+00:00,789.0,0.09,0.11,0.12,-0.049999997,-35.714283,1625.0,1815.0,0.1118252880859374,False,REGULAR,USD,call,2026-09-30,0.0383561643835616,754.0499877929688,0.1149999999999999,0.0869565217391304,1.0463497284965504,0.1076470825550627,0.8830339124337883,0.34822865364533495,0.7680339124337884,0.23322865364533507,<1mo
SPY260930C00790000,2026-09-16 19:57:30+00:00,790.0,0.1,0.1,0.11,-0.04,-28.571428,734.0,12240.0,0.1130459790039062,False,REGULAR,USD,call,2026-09-30,0.0383561643835616,754.0499877929688,0.105,0.0952380952380951,1.0476759005225282,0.10881563643932732,0.8074466256275983,0.3971069343072493,0.7024466256275983,0.2921069343072493,<1mo
SPY260930C00791000,2026-09-16 19:38:48+00:00,791.0,0.09,0.09,0.1,-0.019999996,-18.181814,70.0,1425.0,0.114266669921875,False,REGULAR,USD,call,2026-09-30,0.0383561643835616,754.0499877929688,0.095,0.1052631578947369,1.049002072548506,0.10982280323027911,0.7374747025130333,0.44079900942286265,0.6424747025130333,0.3457990094228627,<1mo
SPY260930C00792000,2026-09-16 19:52:59+00:00,792.0,0.1,0.09,0.1,0.009999998,11.111108,218.0,1461.0,0.1167080517578125,False,REGULAR,USD,call,2026-09-30,0.0383561643835616,754.0499877929688,0.095,0.1052631578947369,1.050328244574484,0.11238799590856016,0.6727851085179637,0.4780111355993615,0.5777851085179637,0.3830111355993615,<1mo
SPY260930C00793000,2026-09-16 19:59:30+00:00,793.0,0.09,0.08,0.09,0.0,0.0,51.0,1803.0,0.1176846044921875,False,REGULAR,USD,call,2026-09-30,0.0383561643835616,754.0499877929688,0.0849999999999999,0.1176470588235293,1.051654416600462,0.11316896885759747,0.613056777714263,0.5076598424494811,0.5280567777142632,0.42265984244948124,<1mo
SPY260930C00794000,2026-09-16 19:41:29+00:00,794.0,0.07,0.08,0.09,0.0,0.0,1255.0,2290.0,0.1201259863281249,False,REGULAR,USD,call,2026-09-30,0.0383561643835616,754.0499877929688,0.0849999999999999,0.1176470588235293,1.0529805886264398,0.11568237729018144,0.5579808885784772,0.5288787623000921,0.47298088857847725,0.4438787623000922,<1mo
SPY260930C00795000,2026-09-16 20:03:05+00:00,795.0,0.08,0.07,0.08,0.009999998,14.285711,597.0,4863.0,0.1206142626953125,False,REGULAR,USD,call,2026-09-30,0.0383561643835616,754.0499877929688,0.075,0.1333333333333332,1.0543067606524177,0.11620214267141152,0.5072610616397171,0.5410222142967136,0.43226106163971706,0.4660222142967136,<1mo
SPY260930C00796000,2026-09-16 19:36:39+00:00,796.0,0.05,0.07,0.08,-0.009999998,-16.666662,29.0,910.0,0.12305564453125,False,REGULAR,USD,call,2026-09-30,0.0383561643835616,754.0499877929688,0.075,0.1333333333333332,1.0556329326783955,0.1186630568804373,0.46061348314572115,0.5436655547893103,0.38561348314572114,0.4686655547893103,<1mo
SPY260930C00797000,2026-09-16 19:55:41+00:00,797.0,0.07,0.06,0.07,0.010000002,16.66667,22.0,879.0,0.1235439208984375,False,REGULAR,USD,call,2026-09-30,0.0383561643835616,754.0499877929688,0.065,0.1538461538461539,1.0569591047043734,0.11887234972463179,0.4177669591803266,0.5366023540220652,0.3527669591803266,0.47160235402206524,<1mo
SPY260930C00798000,2026-09-16 19:24:55+00:00,798.0,0.04,0.06,0.07,-0.010000002,-20.000002,20.0,1126.0,0.125985302734375,False,REGULAR,USD,call,2026-09-30,0.0383561643835616,754.0499877929688,0.065,0.1538461538461539,1.0582852767303514,0.12127927718455427,0.37846290490186263,0.519838505397356,0.3134629049018626,0.454838505397356,<1mo
SPY260930C00799000,2026-09-16 19:31:21+00:00,799.0,0.05,0.06,0.07,0.0,0.0,58.0,1318.0,0.127938408203125,False,REGULAR,USD,call,2026-09-30,0.0383561643835616,754.0499877929688,0.065,0.1538461538461539,1.0596114487563293,0.12367734061963788,0.3424552737454789,0.49358341728965627,0.2774552737454789,0.42858341728965627,<1mo
SPY260930C00800000,2026-09-16 20:04:49+00:00,800.0,0.06,0.05,0.06,0.009999998,19.999994,3882.0,61306.0,0.127938408203125,False,REGULAR,USD,call,2026-09-30,0.0383561643835616,754.0499877929688,0.055,0.1818181818181817,1.0609376207823071,0.12345638271318266,0.30951043154742663,0.45823847792248884,0.25451043154742664,0.40323847792248885,<1mo
SPY260930C00801000,2026-09-16 17:46:24+00:00,801.0,0.06,0.05,0.06,0.0,0.0,57.0,1734.0,0.1303797900390624,False,REGULAR,USD,call,2026-09-30,0.0383561643835616,754.0499877929688,0.055,0.1818181818181817,1.062263792808285,0.12579857608112222,0.27940698060389835,0.4143830206690122,0.22440698060389835,0.35938302066901223,<1mo
SPY260930C00802000,2026-09-16 17:56:05+00:00,802.0,0.06,0.05,0.06,0.009999998,19.999994,24.0,827.0,0.132821171875,False,REGULAR,USD,call,2026-09-30,0.0383561643835616,754.0499877929688,0.055,0.1818181818181817,1.0635899648342628,0.12813269132224672,0.2519355386841369,0.3627580497848246,0.19693553868413688,0.3077580497848246,<1mo
SPY260930C00803000,2026-09-16 18:11:48+00:00,803.0,0.05,0.05,0.06,-0.009999998,-16.666662,31.0,3059.0,0.1352625537109375,False,REGULAR,USD,call,2026-09-30,0.0383561643835616,754.0499877929688,0.055,0.1818181818181817,1.064916136860241,0.13045888180917245,0.22689847797161988,0.30424801465318474,0.1718984779716199,0.24924801465318475,<1mo
SPY261016C00755000,2026-09-16 20:14:46+00:00,755.0,12.17,12.1,12.16,-2.4700003,-16.871586,3986.0,3997.0,0.1463250651550293,False,REGULAR,USD,call,2026-10-16,0.0821917808219178,754.0499877929688,12.13,0.0049464138499588,1.0012598796133023,0.12988455628685103,14.641642833684443,14.07677816564751,2.5116428336844425,1.94677816564751,<1mo
SPY261016C00756000,2026-09-16 20:13:01+00:00,756.0,11.58,11.52,11.56,-2.42,-17.285715,804.0,1175.0,0.1448449774169922,False,REGULAR,USD,call,2026-10-16,0.0821917808219178,754.0499877929688,11.54,0.0034662045060659,1.0025860516392802,0.12895266736603453,14.137064156391602,13.473736480040202,2.5970641563916033,1.9337364800402028,<1mo
SPY261016C00757000,2026-09-16 20:00:30+00:00,757.0,10.96,10.94,10.98,-2.42,-18.086697,741.0,950.0,0.1434717001342773,False,REGULAR,USD,call,2026-10-16,0.0821917808219178,754.0499877929688,10.96,0.0036496350364964,1.0039122236652582,0.12797508277663222,13.644011137813663,12.877821942651167,2.6840111378136626,1.917821942651166,<1mo
SPY261016C00758000,2026-09-16 20:14:56+00:00,758.0,10.46,10.37,10.42,-2.2399998,-17.637793,1279.0,1577.0,0.1421594573974609,False,REGULAR,USD,call,2026-10-16,0.0821917808219178,754.0499877929688,10.395,0.0048100048100048,1.005238395691236,0.12700644684193912,13.162464278903997,12.289219539110036,2.767464278903997,1.8942195391100363,<1mo
SPY261016C00759000,2026-09-16 20:14:19+00:00,759.0,9.85,9.82,9.85,-2.2599993,-18.662256,1087.0,1197.0,0.1405725592041015,False,REGULAR,USD,call,2026-10-16,0.0821917808219178,754.0499877929688,9.835,0.0030503304524656,1.006564567717214,0.1259272390331226,12.692394516383274,11.708193172684275,2.8573945163832732,1.8731931726842745,<1mo
SPY261016C00760000,2026-09-16 20:04:36+00:00,760.0,9.3,9.29,9.33,-2.2299995,-19.340847,9474.0,8978.0,0.1394129028320312,False,REGULAR,USD,call,2026-10-16,0.0821917808219178,754.0499877929688,9.31,0.004296455424275,1.0078907397431918,0.12508276734119422,12.233763333233185,11.135084581243746,2.9237633332331843,1.825084581243745,<1mo
SPY261016C00761000,2026-09-16 20:03:36+00:00,761.0,8.86,8.77,8.8,-1.6700001,-15.859449,1515.0,1064.0,0.1379633323669433,False,REGULAR,USD,call,2026-10-16,0.0821917808219178,754.0499877929688,8.785,0.0034149117814457,1.0092169117691696,0.12406297669641446,11.786522891912739,10.570310763870907,3.001522891912739,1.785310763870907,<1mo
SPY261016C00762000,2026-09-16 20:09:38+00:00,762.0,8.32,8.26,8.3,-2.0500002,-19.768564,1214.0,1599.0,0.1366968655395508,False,REGULAR,USD,call,2026-10-16,0.0821917808219178,754.0499877929688,8.280000000000001,0.0048309178743962,1.0105430837951477,0.12309779578612712,11.350616189601794,10.014359959203205,3.070616189601793,1.7343599592032035,<1mo
SPY261016C00763000,2026-09-16 20:12:17+00:00,763.0,7.77,7.78,7.83,-1.9699998,-20.225872,3772.0,1687.0,0.1356287609863281,False,REGULAR,USD,call,2026-10-16,0.0821917808219178,754.0499877929688,7.805,0.0064061499039077,1.0118692558211255,0.12230408779946758,10.925977234688446,9.467786242070133,3.1209772346884463,1.6627862420701334,<1mo
SPY261016C00764000,2026-09-16 20:13:33+00:00,764.0,7.34,7.31,7.33,-1.9300003,-20.81985,613.0,2267.0,0.1340113455200195,False,REGULAR,USD,call,2026-10-16,0.0821917808219178,754.0499877929688,7.32,0.0027322404371585,1.0131954278471034,0.12120515389081779,10.512531243641718,8.93120282805188,3.1925312436417173,1.61120282805188,<1mo
SPY261016C00765000,2026-09-16 20:14:34+00:00,765.0,6.9,6.85,6.88,-1.8499999,-21.142855,2969.0,6997.0,0.1327906546020508,False,REGULAR,USD,call,2026-10-16,0.0821917808219178,754.0499877929688,6.865,0.0043699927166788,1.0145215998730812,0.12027360383513173,10.110194857339764,8.405274196856396,3.2451948573397633,1.5402741968563962,<1mo
SPY261016C00766000,2026-09-16 20:04:43+00:00,766.0,6.45,6.42,6.44,-1.3900003,-17.729595,1091.0,6048.0,0.1315394464111328,False,REGULAR,USD,call,2026-10-16,0.0821917808219178,754.0499877929688,6.43,0.0031104199066874,1.015847771899059,0.11939052465318639,9.718876375857349,7.8907071645593305,3.288876375857349,1.4607071645593308,<1mo
SPY261016C00767000,2026-09-16 20:10:45+00:00,767.0,6.07,6.0,6.04,-1.6299996,-21.168827,1352.0,7606.0,0.130593410949707,False,REGULAR,USD,call,2026-10-16,0.0821917808219178,754.0499877929688,6.02,0.0066445182724252,1.017173943925037,0.11861860600011624,9.33847601065844,7.388241051497573,3.31847601065844,1.3682410514975736,<1mo
SPY261016C00768000,2026-09-16 20:12:17+00:00,768.0,5.61,5.6,5.66,-1.5899997,-22.08333,473.0,4201.0,0.1297084100341796,False,REGULAR,USD,call,2026-10-16,0.0821917808219178,754.0499877929688,5.63,0.0106571936056839,1.0185001159510148,0.11789903671156875,8.968886153083474,6.898637106700562,3.3388861530834744,1.2686371067005622,<1mo
SPY261016C00769000,2026-09-16 20:14:55+00:00,769.0,5.24,5.22,5.28,-1.2400002,-19.135805,476.0,2385.0,0.1286250468444824,False,REGULAR,USD,call,2026-10-16,0.0821917808219178,754.0499877929688,5.25,0.0114285714285715,1.0198262879769928,0.11710575407732635,8.609991657978242,6.422667361001629,3.3599916579782416,1.1726673610016292,<1mo
SPY261016C00770000,2026-09-16 20:14:33+00:00,770.0,4.9,4.87,4.9,-1.5499997,-24.031004,7858.0,12850.0,0.1273280627441406,False,REGULAR,USD,call,2026-10-16,0.0821917808219178,754.0499877929688,4.885,0.0061412487205732,1.0211524600029709,0.11630037569883228,8.261670141268382,5.961103089251992,3.3766701412683826,1.0761030892519923,<1mo
SPY261016C00771000,2026-09-16 20:12:11+00:00,771.0,4.55,4.52,4.54,-1.3699999,-23.14189,490.0,2635.0,0.1261073718261718,False,REGULAR,USD,call,2026-10-16,0.0821917808219178,754.0499877929688,4.529999999999999,0.0044150110375276,1.0224786320289485,0.11541534155912382,7.923792290250844,5.514703067267249,3.393792290250845,0.9847030672672492,<1mo
SPY261016C00772000,2026-09-16 20:05:30+00:00,772.0,4.19,4.2,4.21,-1.02,-19.577736,488.0,2471.0,0.1251003018188476,False,REGULAR,USD,call,2026-10-16,0.0821917808219178,754.0499877929688,4.205,0.0023781212841854,1.0238048040549264,0.11472101399304666,7.596222185348296,5.084201811253706,3.391222185348296,0.8792018112537061,<1mo
SPY261016C00773000,2026-09-16 20:14:02+00:00,773.0,3.89,3.89,3.95,-1.2899997,-24.90347,897.0,2103.0,0.1248561636352539,False,REGULAR,USD,call,2026-10-16,0.0821917808219178,754.0499877929688,3.92,0.0153061224489796,1.0251309760809042,0.11437483470706196,7.278817632051471,4.670297986482183,3.358817632051471,0.7502979864821828,<1mo
SPY261016C00774000,2026-09-16 20:13:50+00:00,774.0,3.57,3.61,3.62,-1.2100003,-25.313812,467.0,1612.0,0.1234218518066406,False,REGULAR,USD,call,2026-10-16,0.0821917808219178,754.0499877929688,3.615,0.0027662517289073,1.026457148106882,0.11353710592549937,6.971430501762171,4.273643167988723,3.356430501762171,0.658643167988723,<1mo
SPY261016C00775000,2026-09-16 20:13:44+00:00,775.0,3.33,3.33,3.35,-1.1599998,-25.835188,13624.0,17163.0,0.1226284027099609,False,REGULAR,USD,call,2026-10-16,0.0821917808219178,754.0499877929688,3.34,0.0059880239520958,1.02778332013286,0.11291555063403348,6.673907080241861,3.8948311291852633,3.333907080241861,0.5548311291852634,<1mo
SPY261016C00776000,2026-09-16 19:58:36+00:00,776.0,3.0,3.07,3.11,-1.19,-28.400955,495.0,1686.0,0.1221096090698242,False,REGULAR,USD,call,2026-10-16,0.0821917808219178,754.0499877929688,3.09,0.0129449838187702,1.029109492158838,0.11245708105961018,6.386088422373263,3.5343878246353597,3.2960884223732627,0.44438782463535986,<1mo
SPY261016C00777000,2026-09-16 20:13:50+00:00,777.0,2.83,2.83,2.85,-1.0600002,-27.249361,2219.0,1548.0,0.1210415045166015,False,REGULAR,USD,call,2026-10-16,0.0821917808219178,754.0499877929688,2.84,0.0070422535211267,1.0304356641848158,0.1117827097172508,6.10781071194512,3.1927622210664026,3.2678107119451205,0.35276222106640276,<1mo
SPY261016C00778000,2026-09-16 19:58:46+00:00,778.0,2.53,2.6,2.62,-1.05,-29.329607,824.0,3079.0,0.1202785726928711,False,REGULAR,USD,call,2026-10-16,0.0821917808219178,754.0499877929688,2.6100000000000003,0.0076628352490421,1.0317618362107936,0.11120577765730819,5.838905625186584,2.8703181162260023,3.2289056251865835,0.260318116226002,<1mo
SPY261016C00779000,2026-09-16 20:14:57+00:00,779.0,2.39,2.39,2.4,-0.9299998,-28.012045,916.0,1892.0,0.1194240890502929,False,REGULAR,USD,call,2026-10-16,0.0821917808219178,754.0499877929688,2.395,0.0041753653444675,1.0330880082367715,0.11065682687345432,5.57920069679102,2.567327068681635,3.1842006967910197,0.17232706868163516,<1mo
SPY261016C00780000,2026-09-16 20:14:11+00:00,780.0,2.2,2.19,2.2,-0.8499999,-27.86885,4492.0,13437.0,0.1187221917724609,False,REGULAR,USD,call,2026-10-16,0.0821917808219178,754.0499877929688,2.1950000000000003,0.0045558086560365,1.0344141802627496,0.11014558254059958,5.328519687198053,2.2839625434320396,3.133519687198053,0.08896254343203935,<1mo
SPY261016C00781000,2026-09-16 20:04:36+00:00,781.0,1.99,2.01,2.02,-0.78999996,-28.417267,1273.0,2332.0,0.118172880859375,False,REGULAR,USD,call,2026-10-16,0.0821917808219178,754.0499877929688,2.0149999999999997,0.0049627791563276,1.0357403522887274,0.10977795255894338,5.086682949926853,2.0202953585605314,3.0716829499268536,0.00529535856053176,<1mo
SPY261016C00782000,2026-09-16 20:01:38+00:00,782.0,1.84,1.84,1.85,-0.7399999,-28.682169,841.0,2517.0,0.1175930526733398,False,REGULAR,USD,call,2026-10-16,0.0821917808219178,754.0499877929688,1.845,0.005420054200542,1.0370665243147053,0.10938479896341338,4.853507797789547,1.7762904974407547,3.008507797789547,-0.06870950255924524,<1mo
SPY261016C00783000,2026-09-16 20:01:38+00:00,783.0,1.69,1.68,1.7,-0.6799998,-28.691978,440.0,2054.0,0.1172268453979492,False,REGULAR,USD,call,2026-10-16,0.0821917808219178,754.0499877929688,1.69,0.0118343195266272,1.038392696340683,0.10907374283557547,4.628808866852836,1.551805329570783,2.938808866852836,-0.13819467042921696,<1mo
SPY261016C00784000,2026-09-16 20:06:06+00:00,784.0,1.54,1.54,1.55,-0.61000013,-28.372099,230.0,2662.0,0.116647017211914,False,REGULAR,USD,call,2026-10-16,0.0821917808219178,754.0499877929688,1.545,0.0064724919093851,1.039718868366661,0.10875800529932929,4.412398477055945,1.34658926129228,2.8673984770559446,-0.19841073870771986,<1mo
SPY261016C00785000,2026-09-16 20:14:57+00:00,785.0,1.41,1.4,1.41,-0.59000003,-29.500002,10785.0,17323.0,0.1160366717529296,False,REGULAR,USD,call,2026-10-16,0.0821917808219178,754.0499877929688,1.4049999999999998,0.0071174377224199,1.0410450403926388,0.10833278730517236,4.204086988442185,1.160284815812929,2.7990869884421854,-0.24471518418707072,<1mo
SPY261016C00786000,2026-09-16 20:14:26+00:00,786.0,1.29,1.28,1.29,-0.4000001,-23.668642,4237.0,1683.0,0.1157314990234375,False,REGULAR,USD,call,2026-10-16,0.0821917808219178,754.0499877929688,1.285,0.0077821011673151,1.0423712124186169,0.10814968624384202,4.003683152008307,0.9924301204249559,2.718683152008307,-0.292569879575044,<1mo
SPY261016C00787000,2026-09-16 20:03:47+00:00,787.0,1.21,1.17,1.18,-0.29999995,-19.867548,395.0,1814.0,0.1154263262939453,False,REGULAR,USD,call,2026-10-16,0.0821917808219178,754.0499877929688,1.1749999999999998,0.0085106382978723,1.0436973844445947,0.10800727271220792,3.8109944542320875,0.8424627579395576,2.6359944542320877,-0.3325372420604422,<1mo
SPY261016C00788000,2026-09-16 20:03:47+00:00,788.0,1.11,1.06,1.07,-0.28999996,-20.714283,166.0,1842.0,0.1149380499267578,False,REGULAR,USD,call,2026-10-16,0.0821917808219178,754.0499877929688,1.065,0.0093896713615023,1.0450235564705723,0.10765680816342178,3.625827454389821,0.7097249194426922,2.560827454389821,-0.3552750805573077,<1mo
SPY261016C00789000,2026-09-16 20:05:22+00:00,789.0,0.96,0.97,0.98,-0.31,-24.409449,402.0,1602.0,0.1148159808349609,False,REGULAR,USD,call,2026-10-16,0.0821917808219178,754.0499877929688,0.975,0.0102564102564102,1.0463497284965504,0.10763755379567375,3.447988113838818,0.5934697768175425,2.472988113838818,-0.38153022318245744,<1mo
SPY261016C00790000,2026-09-16 20:13:06+00:00,790.0,0.89,0.89,0.9,-0.38,-29.92126,5303.0,20052.0,0.1147549462890625,False,REGULAR,USD,call,2026-10-16,0.0821917808219178,754.0499877929688,0.895,0.0111731843575419,1.0476759005225282,0.10772202957896362,3.277282116492273,0.4928689763395653,2.382282116492273,-0.40213102366043474,<1mo
SPY261016C00791000,2026-09-16 19:56:37+00:00,791.0,0.77,0.82,0.82,-0.27999997,-26.666664,506.0,1915.0,0.1145718426513672,False,REGULAR,USD,call,2026-10-16,0.0821917808219178,754.0499877929688,0.82,0.0,1.049002072548506,0.10778234796229974,3.1135151797824534,0.4070211392638754,2.2935151797824536,-0.41297886073612455,<1mo
SPY261016C00792000,2026-09-16 20:09:43+00:00,792.0,0.73,0.74,0.75,-0.31999993,-30.476185,471.0,2218.0,0.1144497735595703,False,REGULAR,USD,call,2026-10-16,0.0821917808219178,754.0499877929688,0.745,0.0134228187919463,1.050328244574484,0.10765852975696823,2.9564933554650423,0.3349612419057735,2.211493355465042,-0.4100387580942265,<1mo
SPY261016C00793000,2026-09-16 20:01:24+00:00,793.0,0.68,0.68,0.69,-0.21999997,-24.44444,5441.0,2137.0,0.1145718426513672,False,REGULAR,USD,call,2026-10-16,0.0821917808219178,754.0499877929688,0.685,0.0145985401459852,1.051654416600462,0.1078599969995256,2.8060233196813726,0.27567073641606044,2.1210233196813726,-0.4093292635839396,<1mo
SPY261016C00794000,2026-09-16 20:05:22+00:00,794.0,0.6,0.62,0.63,-0.23999995,-28.571423,930.0,4158.0,0.1145108081054687,False,REGULAR,USD,call,2026-10-16,0.0821917808219178,754.0499877929688,0.625,0.016,1.0529805886264398,0.10789625776701388,2.6619126517609857,0.22808826442769714,2.0369126517609857,-0.39691173557230286,<1mo
SPY261016C00795000,2026-09-16 20:05:22+00:00,795.0,0.54,0.57,0.58,-0.22999996,-29.870125,3018.0,10476.0,0.1146328771972656,False,REGULAR,USD,call,2026-10-16,0.0821917808219178,754.0499877929688,0.575,0.0173913043478261,1.0543067606524177,0.10814655427347312,2.5239701013056504,0.19112080907454043,1.9489701013056504,-0.3838791909254595,<1mo
SPY261016C00796000,2026-09-16 20:05:24+00:00,796.0,0.51,0.52,0.53,-0.16000003,-23.8806,1077.0,2637.0,0.114693911743164,False,REGULAR,USD,call,2026-10-16,0.0821917808219178,754.0499877929688,0.525,0.019047619047619,1.0556329326783955,0.10824007423222004,2.3920058431625506,0.16365512662971327,1.8670058431625507,-0.36134487337028676,<1mo
SPY261016C00797000,2026-09-16 19:48:29+00:00,797.0,0.44,0.48,0.49,-0.14999998,-25.423727,1393.0,12035.0,0.1149990844726562,False,REGULAR,USD,call,2026-10-16,0.0821917808219178,754.0499877929688,0.485,0.0206185567010309,1.0569591047043734,0.10860789124760135,2.265831719953198,0.14456929718388523,1.780831719953198,-0.34043070281611476,<1mo
SPY261016C00798000,2026-09-16 20:13:50+00:00,798.0,0.45,0.44,0.45,-0.09000003,-16.666674,868.0,1673.0,0.1151211535644531,False,REGULAR,USD,call,2026-10-16,0.0821917808219178,754.0499877929688,0.445,0.0224719101123595,1.0582852767303514,0.10883664008236842,2.145261471889185,0.13274423437818683,1.700261471889185,-0.3122557656218132,<1mo
SPY261016C00799000,2026-09-16 20:11:25+00:00,799.0,0.4,0.41,0.42,-0.15,-27.272728,1683.0,2787.0,0.1156094299316406,False,REGULAR,USD,call,2026-10-16,0.0821917808219178,754.0499877929688,0.415,0.0240963855421686,1.0596114487563293,0.10941539010660258,2.0301109536607953,0.12707499715378745,1.6151109536607953,-0.28792500284621253,<1mo
SPY261016C00800000,2026-09-16 20:13:05+00:00,800.0,0.38,0.38,0.38,-0.120000005,-24.0,14451.0,28535.0,0.1154873608398437,False,REGULAR,USD,call,2026-10-16,0.0821917808219178,754.0499877929688,0.38,0.0,1.0609376207823071,0.10961750591133437,1.9201983382469336,0.12648175170133769,1.5401983382469338,-0.2535182482986623,<1mo
SPY261016C00805000,2026-09-16 20:10:19+00:00,805.0,0.26,0.26,0.27,-0.060000002,-18.75,987.0,9981.0,0.118172880859375,False,REGULAR,USD,call,2026-10-16,0.0821917808219178,754.0499877929688,0.265,0.0377358490566038,1.0675684809121966,0.11226614081073005,1.4430250481256337,0.16488044415279468,1.1780250481256336,-0.10011955584720533,<1mo
SPY261016C00810000,2026-09-16 19:46:00+00:00,810.0,0.17,0.19,0.2,-0.03999999,-19.047615,740.0,15083.0,0.1215908154296875,False,REGULAR,USD,call,2026-10-16,0.0821917808219178,754.0499877929688,0.195,0.0512820512820513,1.074199341042086,0.11580331228045364,1.071154599206345,0.19879908547941394,0.8761545992063449,0.003799085479413933,<1mo
SPY261016C00815000,2026-09-16 19:50:47+00:00,815.0,0.14,0.14,0.15,-0.019999996,-12.499997,905.0,16498.0,0.12500875,False,REGULAR,USD,call,2026-10-16,0.0821917808219178,754.0499877929688,0.145,0.0689655172413791,1.0808302011719757,0.11934701384186633,0.7853710482226006,0.168713503036785,0.6403710482226006,0.023713503036785016,<1mo
SPY261016C00820000,2026-09-16 19:48:31+00:00,820.0,0.11,0.11,0.12,0.009999998,9.999997,452.0,14494.0,0.1294032373046875,False,REGULAR,USD,call,2026-10-16,0.0821917808219178,754.0499877929688,0.1149999999999999,0.0869565217391304,1.0874610613018647,0.12377097981520191,0.568780188200396,0.0680072215630192,0.4537801882003961,-0.0469927784369807,<1mo
SPY261016C00825000,2026-09-16 19:46:21+00:00,825.0,0.08,0.09,0.1,-0.010000005,-11.111116,675.0,16133.0,0.1342860009765625,False,REGULAR,USD,call,2026-10-16,0.0821917808219178,754.0499877929688,0.095,0.1052631578947369,1.0940919214317542,0.12863354660777035,0.40688428345045935,-0.06857574450698745,0.3118842834504594,-0.16357574450698745,<1mo
SPY261016C00830000,2026-09-16 20:03:12+00:00,830.0,0.08,0.07,0.08,0.02,33.333336,395.0,18428.0,0.1381922119140625,False,REGULAR,USD,call,2026-10-16,0.0821917808219178,754.0499877929688,0.075,0.1333333333333332,1.1007227815616436,0.1325543816062515,0.28752204719783236,-0.18748270305452142,0.21252204719783235,-0.2624827030545214,<1mo
SPY261016C00835000,2026-09-16 20:13:50+00:00,835.0,0.06,0.06,0.07,0.009999998,19.999994,44.0,3446.0,0.143563251953125,False,REGULAR,USD,call,2026-10-16,0.0821917808219178,754.0499877929688,0.065,0.1538461538461539,1.107353641691533,0.1377623347207313,0.20070963035927925,-0.24139891873677843,0.13570963035927924,-0.30639891873677844,<1mo
SPY261016C00840000,2026-09-16 20:02:43+00:00,840.0,0.06,0.05,0.06,0.02,50.0,75.0,3073.0,0.148446015625,False,REGULAR,USD,call,2026-10-16,0.0821917808219178,754.0499877929688,0.055,0.1818181818181817,1.1139845018214225,0.1424007533145225,0.13841737057938275,-0.20834864015730847,0.08341737057938275,-0.26334864015730847,<1mo
SPY261120C00755000,2026-09-16 20:13:12+00:00,755.0,20.5,20.47,20.52,-2.3899994,-10.441238,497.0,1840.0,0.1652305157470703,False,REGULAR,USD,call,2026-11-20,0.1780821917808219,754.0499877929688,20.494999999999997,0.0024396194193706,1.0012598796133023,0.14104447979930276,22.765255784385204,22.700919966444474,2.2702557843852063,2.205919966444476,1-4mo
SPY261120C00760000,2026-09-16 20:12:58+00:00,760.0,17.45,17.43,17.48,-2.2599983,-11.466252,1247.0,5387.0,0.1594017166137695,False,REGULAR,USD,call,2026-11-20,0.1780821917808219,754.0499877929688,17.455,0.0028645087367516,1.0078907397431918,0.13707100239238793,20.2499547455281,19.73533687163149,2.794954745528102,2.2803368716314907,1-4mo
SPY261120C00765000,2026-09-16 20:07:37+00:00,765.0,14.58,14.64,14.7,-2.1499996,-12.851164,793.0,5616.0,0.1540001593017578,False,REGULAR,USD,call,2026-11-20,0.1780821917808219,754.0499877929688,14.67,0.0040899795501021,1.0145215998730812,0.1333641403848224,17.92830514471882,16.96776041606728,3.25830514471882,2.2977604160672787,1-4mo
SPY261120C00770000,2026-09-16 20:07:37+00:00,770.0,12.07,12.11,12.16,-1.8600006,-13.352481,905.0,5376.0,0.1487511883544922,False,REGULAR,USD,call,2026-11-20,0.1780821917808219,754.0499877929688,12.135,0.0041203131437989,1.0211524600029709,0.12976339006355186,15.797549154471483,14.412165113350625,3.662549154471483,2.277165113350625,1-4mo
SPY261120C00775000,2026-09-16 20:14:06+00:00,775.0,9.87,9.87,9.91,-1.6300001,-14.173914,844.0,8753.0,0.1439752351379394,False,REGULAR,USD,call,2026-11-20,0.1780821917808219,754.0499877929688,9.89,0.0040444893832154,1.02778332013286,0.1265028362075953,13.853219103825836,12.076198836127048,3.9632191038258355,2.1861988361270477,1-4mo
SPY261120C00780000,2026-09-16 20:12:51+00:00,780.0,7.96,7.92,7.97,-1.54,-16.210526,2508.0,8954.0,0.1398248860168457,False,REGULAR,USD,call,2026-11-20,0.1780821917808219,754.0499877929688,7.945,0.0062932662051604,1.0344141802627496,0.12364310529887604,12.08929226405877,9.961646272924554,4.14429226405877,2.016646272924554,1-4mo
SPY261120C00785000,2026-09-16 20:14:49+00:00,785.0,6.3,6.26,6.31,-0.9499998,-13.103446,181.0,6511.0,0.1360865200805664,False,REGULAR,USD,call,2026-11-20,0.1780821917808219,754.0499877929688,6.285,0.0079554494828957,1.0410450403926388,0.12110354866020433,10.498379726065224,8.066583130206709,4.213379726065224,1.7815831302067089,1-4mo
SPY261120C00790000,2026-09-16 20:13:31+00:00,790.0,4.91,4.91,4.93,-0.99000025,-16.779665,558.0,6667.0,0.1328822064208984,False,REGULAR,USD,call,2026-11-20,0.1780821917808219,754.0499877929688,4.92,0.0040650406504064,1.0476759005225282,0.11912268798553922,9.071940189120966,6.3880609523782255,4.151940189120966,1.4680609523782255,1-4mo
SPY261120C00795000,2026-09-16 20:05:25+00:00,795.0,3.76,3.79,3.81,-0.75000024,-16.629717,217.0,4474.0,0.1302577209472656,False,REGULAR,USD,call,2026-11-20,0.1780821917808219,754.0499877929688,3.8,0.0052631578947368,1.0543067606524177,0.11744082371555063,7.800509115274053,4.924020711932883,4.0005091152740535,1.124020711932883,1-4mo
SPY261120C00800000,2026-09-16 20:14:58+00:00,800.0,2.9,2.89,2.9,-0.6799998,-18.99441,4318.0,5327.0,0.1278773736572265,False,REGULAR,USD,call,2026-11-20,0.1780821917808219,754.0499877929688,2.895,0.0034542314335059,1.0609376207823071,0.11600053493032828,6.6739338793411775,3.6735306030003017,3.7789338793411775,0.7785306030003016,1-4mo
SPY261120C00805000,2026-09-16 20:05:24+00:00,805.0,2.18,2.18,2.2,-0.53999996,-19.85294,588.0,3617.0,0.1261989236450195,False,REGULAR,USD,call,2026-11-20,0.1780821917808219,754.0499877929688,2.1900000000000004,0.0091324200913242,1.0675684809121966,0.11498772534161321,5.6816061930585136,2.6351854445204594,3.491606193058513,0.44518544452045905,1-4mo
SPY261120C00810000,2026-09-16 20:10:02+00:00,810.0,1.63,1.63,1.65,-0.40999997,-20.098038,395.0,8114.0,0.1247646118164062,False,REGULAR,USD,call,2026-11-20,0.1780821917808219,754.0499877929688,1.64,0.0121951219512195,1.074199341042086,0.11420064261852798,4.812684110352933,1.8042818362149404,3.1726841103529333,0.16428183621494052,1-4mo
SPY261120C00815000,2026-09-16 20:05:26+00:00,815.0,1.2,1.22,1.23,-0.3399999,-22.077917,79.0,3337.0,0.1236965072631836,False,REGULAR,USD,call,2026-11-20,0.1780821917808219,754.0499877929688,1.225,0.0081632653061224,1.0808302011719757,0.11379055206284579,4.0562972216791024,1.1698969123388991,2.8312972216791024,-0.05510308766110095,1-4mo
SPY261120C00820000,2026-09-16 20:09:46+00:00,820.0,0.92,0.91,0.92,-0.19999999,-17.857141,509.0,3639.0,0.1231166790771484,False,REGULAR,USD,call,2026-11-20,0.1780821917808219,754.0499877929688,0.915,0.0109289617486338,1.0874610613018647,0.11371963574108436,3.4017301074636066,0.7130724513101825,2.4867301074636066,-0.20192754868981755,1-4mo
SPY261120C00825000,2026-09-16 20:07:50+00:00,825.0,0.68,0.68,0.69,-0.14999998,-18.072287,164.0,5043.0,0.1229335754394531,False,REGULAR,USD,call,2026-11-20,0.1780821917808219,754.0499877929688,0.685,0.0145985401459852,1.0940919214317542,0.11395087775882926,2.8385806372798186,0.4069372362719861,2.1535806372798185,-0.278062763728014,1-4mo
SPY261120C00830000,2026-09-16 20:05:47+00:00,830.0,0.51,0.51,0.52,-0.06999999,-12.068964,709.0,4034.0,0.12305564453125,False,REGULAR,USD,call,2026-11-20,0.1780821917808219,754.0499877929688,0.515,0.0194174757281553,1.1007227815616436,0.11444964835155853,2.3568911777741732,0.21894426532629296,1.841891177774173,-0.29605573467370705,1-4mo
SPY261120C00835000,2026-09-16 19:51:53+00:00,835.0,0.38,0.39,0.4,-0.050000012,-11.627909,387.0,2013.0,0.1237880590820312,False,REGULAR,USD,call,2026-11-20,0.1780821917808219,754.0499877929688,0.395,0.0253164556962025,1.107353641691533,0.11545157384035952,1.9472521309597184,0.11469968477500814,1.5522521309597184,-0.2803003152249919,1-4mo
SPY261120C00840000,2026-09-16 19:43:38+00:00,840.0,0.3,0.3,0.31,-0.01999998,-6.2499943,81.0,1064.0,0.1247646118164062,False,REGULAR,USD,call,2026-11-20,0.1780821917808219,754.0499877929688,0.305,0.0327868852459016,1.1139845018214225,0.11661901284031351,1.6008784074921394,0.06235698412385027,1.2958784074921395,-0.24264301587614973,1-4mo
SPY261120C00845000,2026-09-16 19:24:03+00:00,845.0,0.19,0.24,0.25,-0.16,-45.714287,13.0,1221.0,0.1263515100097656,False,REGULAR,USD,call,2026-11-20,0.1780821917808219,754.0499877929688,0.245,0.0408163265306122,1.120615361951312,0.11848051397287516,1.3096604098081102,0.03639751586757267,1.06466040980811,-0.20860248413242732,1-4mo
SPY261120C00850000,2026-09-16 19:42:54+00:00,850.0,0.19,0.19,0.2,-0.030000001,-13.636364,74.0,3498.0,0.127938408203125,False,REGULAR,USD,call,2026-11-20,0.1780821917808219,754.0499877929688,0.195,0.0512820512820513,1.1272462220812014,0.12013856866364153,1.0661918399837873,0.019842542476757437,0.8711918399837872,-0.17515745752324258,1-4mo
SPY261120C00855000,2026-09-16 14:13:45+00:00,855.0,0.19,0.16,0.17,0.019999996,11.764703,14.0,992.0,0.1303797900390624,False,REGULAR,USD,call,2026-11-20,0.1780821917808219,754.0499877929688,0.165,0.0606060606060606,1.1338770822110908,0.12273884587061881,0.8637771566417634,0.004444097046128803,0.6987771566417633,-0.1605559029538712,1-4mo
SPY261120C00860000,2026-09-16 15:10:54+00:00,860.0,0.18,0.13,0.14,0.040000007,28.571432,18.0,726.0,0.1323328955078125,False,REGULAR,USD,call,2026-11-20,0.1780821917808219,754.0499877929688,0.135,0.0740740740740741,1.14050794234098,0.12471625331991,0.6964217980394345,-0.010996542432795575,0.5614217980394345,-0.14599654243279558,1-4mo
SPY261120C00865000,2026-09-16 18:59:15+00:00,865.0,0.11,0.11,0.12,0.0,0.0,31.0,718.0,0.13477427734375,False,REGULAR,USD,call,2026-11-20,0.1780821917808219,754.0499877929688,0.1149999999999999,0.0869565217391304,1.1471388024708695,0.12724987966181825,0.5588083889086022,-0.023526083117021014,0.4438083889086023,-0.13852608311702092,1-4mo
SPY261120C00870000,2026-09-16 18:42:24+00:00,870.0,0.1,0.1,0.11,0.009999998,11.111108,20.0,271.0,0.1381922119140625,False,REGULAR,USD,call,2026-11-20,0.1780821917808219,754.0499877929688,0.105,0.0952380952380951,1.153769662600759,0.13075855806375944,0.44626208773619425,-0.029226435097180148,0.34126208773619426,-0.13422643509718013,1-4mo
SPY261120C00875000,2026-09-16 20:08:28+00:00,875.0,0.1,0.09,0.1,0.020000003,25.000004,5.0,23304.0,0.141610146484375,False,REGULAR,USD,call,2026-11-20,0.1780821917808219,754.0499877929688,0.095,0.1052631578947369,1.1604005227306484,0.13403137487411176,0.35470804335501604,-0.025793366441611787,0.25970804335501607,-0.12079336644161179,1-4mo
SPY261120C00880000,2026-09-16 15:10:45+00:00,880.0,0.1,0.07,0.08,0.030000001,42.857143,4.0,1116.0,0.14258669921875,False,REGULAR,USD,call,2026-11-20,0.1780821917808219,754.0499877929688,0.075,0.1333333333333332,1.167031382860538,0.13515157285174598,0.2806236497174286,-0.013892970054137699,0.20562364971742858,-0.0888929700541377,1-4mo
SPY261120C00885000,2026-09-15 15:30:09+00:00,885.0,0.07,0.06,0.07,0.0,0.0,1.0,757.0,0.1450280810546875,False,REGULAR,USD,call,2026-11-20,0.1780821917808219,754.0499877929688,0.065,0.1538461538461539,1.173662242990427,0.13761533523682853,0.22098794837468105,0.0028867373843008415,0.15598794837468105,-0.06211326261569916,1-4mo
SPY261120C00890000,2026-09-14 13:30:01+00:00,890.0,0.09,0.05,0.06,0.0,0.0,1.0,779.0,0.147469462890625,False,REGULAR,USD,call,2026-11-20,0.1780821917808219,754.0499877929688,0.055,0.1818181818181817,1.1802931031203168,0.13966042929930222,0.1732301586730376,0.019237742228327102,0.1182301586730376,-0.0357622577716729,1-4mo
SPY261120C00895000,2026-09-14 16:14:02+00:00,895.0,0.06,0.05,0.06,0.0,0.0,1.0,995.0,0.1518639501953125,False,REGULAR,USD,call,2026-11-20,0.1780821917808219,754.0499877929688,0.055,0.1818181818181817,1.186923963250206,0.14406130039593235,0.13517894053858281,0.029926845656464862,0.08017894053858282,-0.025073154343535138,1-4mo
SPY261218C00755000,2026-09-16 19:59:51+00:00,755.0,25.69,25.59,25.71,-2.4699993,-8.771305,3675.0,8309.0,0.172310523071289,False,REGULAR,USD,call,2026-12-18,0.2547945205479452,754.0499877929688,25.65,0.0046783625730994,1.0012598796133023,0.14304546668216694,28.05203206367264,28.455426141543,2.4020320636726424,2.805426141543002,1-4mo
SPY261218C00760000,2026-09-16 20:08:20+00:00,760.0,22.51,22.49,22.61,-2.3899994,-9.598392,754.0,14967.0,0.16709969871521,False,REGULAR,USD,call,2026-12-18,0.2547945205479452,754.0499877929688,22.549999999999997,0.0053215077605321,1.0078907397431918,0.1396658003625935,25.490280076307045,25.5253163966521,2.9402800763070474,2.9753163966521043,1-4mo
SPY261218C00765000,2026-09-16 20:01:59+00:00,765.0,19.59,19.59,19.66,-1.6800003,-7.89845,552.0,10980.0,0.1618125811767577,False,REGULAR,USD,call,2026-12-18,0.2547945205479452,754.0499877929688,19.625,0.0035668789808917,1.0145215998730812,0.13628119382368073,23.089981041742305,22.746681912417728,3.4649810417423055,3.1216819124177277,1-4mo
SPY261218C00770000,2026-09-16 19:59:09+00:00,770.0,16.92,16.9,16.97,-2.0300007,-10.712404,586.0,12225.0,0.1571129211425781,False,REGULAR,USD,call,2026-12-18,0.2547945205479452,754.0499877929688,16.935,0.0041334514319456,1.0211524600029709,0.13321062868428998,20.849611288248298,20.124458910217925,3.914611288248299,3.189458910217926,1-4mo
SPY261218C00775000,2026-09-16 20:14:10+00:00,775.0,14.47,14.43,14.5,-1.7799997,-10.953844,852.0,10575.0,0.1526726579284668,False,REGULAR,USD,call,2026-12-18,0.2547945205479452,754.0499877929688,14.465,0.0048392671966816,1.02778332013286,0.1302932196643538,18.766629860882233,17.663927096597433,4.301629860882233,3.1989270965974335,1-4mo
SPY261218C00780000,2026-09-16 19:58:48+00:00,780.0,12.12,12.2,12.27,-1.6800003,-12.173915,474.0,28611.0,0.1485833433532715,False,REGULAR,USD,call,2026-12-18,0.2547945205479452,754.0499877929688,12.235,0.0057212913771965,1.0344141802627496,0.12762170655856178,16.837547037888896,15.370522442257254,4.602547037888897,3.1355224422572547,1-4mo
SPY261218C00785000,2026-09-16 20:02:48+00:00,785.0,10.28,10.22,10.29,-1.4800005,-12.585037,103.0,15627.0,0.1449060119628906,False,REGULAR,USD,call,2026-12-18,0.2547945205479452,754.0499877929688,10.255,0.0068259385665527,1.0410450403926388,0.12525583341925464,15.058007969233415,13.249267139438587,4.803007969233414,2.994267139438586,1-4mo
SPY261218C00790000,2026-09-16 20:07:34+00:00,790.0,8.52,8.49,8.55,-1.3199997,-13.414631,501.0,14102.0,0.1415948878479004,False,REGULAR,USD,call,2026-12-18,0.2547945205479452,754.0499877929688,8.52,0.0070422535211268,1.0476759005225282,0.12318947323834298,13.422888405990221,11.304005096179026,4.902888405990222,2.784005096179026,1-4mo
SPY261218C00795000,2026-09-16 20:00:37+00:00,795.0,7.08,7.0,7.05,-0.72000027,-9.230773,462.0,9860.0,0.1387262641906738,False,REGULAR,USD,call,2026-12-18,0.2547945205479452,754.0499877929688,7.025,0.0071174377224199,1.0543067606524177,0.12145671837639276,11.926399321900334,9.53669370184906,4.901399321900334,2.51169370184906,1-4mo
SPY261218C00800000,2026-09-16 20:14:48+00:00,800.0,5.75,5.72,5.77,-1.0,-14.814815,3537.0,66703.0,0.1362391064453125,False,REGULAR,USD,call,2026-12-18,0.2547945205479452,754.0499877929688,5.744999999999999,0.0087032201914708,1.0609376207823071,0.11996860388351527,10.562197195119012,7.946964379309151,4.817197195119013,2.2019643793091515,1-4mo
SPY261218C00805000,2026-09-16 20:00:13+00:00,805.0,4.64,4.65,4.68,-0.62000036,-11.787079,281.0,12531.0,0.1340113455200195,False,REGULAR,USD,call,2026-12-18,0.2547945205479452,754.0499877929688,4.665,0.0064308681672024,1.0675684809121966,0.11873685139663817,9.323496807848443,6.532050170256213,4.658496807848443,1.8670501702562126,1-4mo
SPY261218C00810000,2026-09-16 19:59:15+00:00,810.0,3.76,3.75,3.78,-0.47000003,-11.111112,890.0,22776.0,0.1322108264160156,False,REGULAR,USD,call,2026-12-18,0.2547945205479452,754.0499877929688,3.765,0.0079681274900397,1.074199341042086,0.1177533727373555,8.203183618180162,5.287039367977172,4.438183618180162,1.5220393679771722,1-4mo
SPY261218C00815000,2026-09-16 20:13:40+00:00,815.0,2.98,3.0,3.03,-0.6199999,-17.22222,928.0,14685.0,0.1306239282226562,False,REGULAR,USD,call,2026-12-18,0.2547945205479452,754.0499877929688,3.0149999999999997,0.0099502487562188,1.0808302011719757,0.11690566103104558,7.193923042599607,4.205305353435136,4.178923042599608,1.1903053534351367,1-4mo
SPY261218C00820000,2026-09-16 20:12:44+00:00,820.0,2.39,2.38,2.41,-0.27999997,-10.48689,535.0,14237.0,0.1292201336669922,False,REGULAR,USD,call,2026-12-18,0.2547945205479452,754.0499877929688,2.395,0.012526096033403,1.0874610613018647,0.11616323067260947,6.2882643377973295,3.2789226742050914,3.8932643377973295,0.8839226742050914,1-4mo
SPY261218C00825000,2026-09-16 20:06:31+00:00,825.0,1.9,1.9,1.91,-0.19999993,-9.523807,833.0,14045.0,0.1281215118408203,False,REGULAR,USD,call,2026-12-18,0.2547945205479452,754.0499877929688,1.905,0.005249343832021,1.0940919214317542,0.11578826968334253,5.478737164670221,2.498916972817412,3.573737164670221,0.5939169728174118,1-4mo
SPY261218C00830000,2026-09-16 20:01:14+00:00,830.0,1.49,1.5,1.51,-0.29999995,-16.759775,399.0,55765.0,0.1272365109252929,False,REGULAR,USD,call,2026-12-18,0.2547945205479452,754.0499877929688,1.505,0.0066445182724252,1.1007227815616436,0.11547521200849163,4.757939334357559,1.8552908756859807,3.252939334357559,0.35029087568598083,1-4mo
SPY261218C00835000,2026-09-16 19:45:20+00:00,835.0,1.15,1.18,1.19,-0.26,-18.439716,813.0,11034.0,0.1265956481933593,False,REGULAR,USD,call,2026-12-18,0.2547945205479452,754.0499877929688,1.185,0.0084388185654008,1.107353641691533,0.1152984538026022,4.118614656162265,1.33687946296331,2.933614656162265,0.15187946296331,1-4mo
SPY261218C00840000,2026-09-16 20:14:31+00:00,840.0,0.94,0.94,0.95,-0.07999998,-7.8431354,319.0,8099.0,0.1264735791015624,False,REGULAR,USD,call,2026-12-18,0.2547945205479452,754.0499877929688,0.945,0.0105820105820105,1.1139845018214225,0.11560227130130965,3.5537202130967245,0.9311745278911374,2.6087202130967246,-0.013825472108862535,1-4mo
SPY261218C00845000,2026-09-16 20:12:55+00:00,845.0,0.76,0.74,0.75,-0.04000002,-5.0000024,1401.0,4717.0,0.1262294409179687,False,REGULAR,USD,call,2026-12-18,0.2547945205479452,754.0499877929688,0.745,0.0134228187919463,1.120615361951312,0.11576285536592121,3.0564827683712537,0.62428608752613,2.3114827683712535,-0.12071391247386998,1-4mo
SPY261218C00850000,2026-09-16 20:12:55+00:00,850.0,0.6,0.59,0.6,-0.03999996,-6.2499943,483.0,12294.0,0.126412544555664,False,REGULAR,USD,call,2026-12-18,0.2547945205479452,754.0499877929688,0.595,0.0168067226890756,1.1272462220812014,0.11630185782247607,2.620444344511924,0.40117414091776027,2.025444344511924,-0.1938258590822397,1-4mo
SPY261218C00855000,2026-09-16 18:29:04+00:00,855.0,0.53,0.48,0.49,0.00999999,1.9230752,6.0,4000.0,0.1271449591064453,False,REGULAR,USD,call,2026-12-18,0.2547945205479452,754.0499877929688,0.485,0.0206185567010309,1.1338770822110908,0.11729535794888725,2.239497308354771,0.24619811663516344,1.7544973083547712,-0.23880188336483654,1-4mo
SPY261218C00860000,2026-09-16 19:23:27+00:00,860.0,0.3,0.39,0.4,-0.13,-30.232557,11.0,5109.0,0.1278773736572265,False,REGULAR,USD,call,2026-12-18,0.2547945205479452,754.0499877929688,0.395,0.0253164556962025,1.14050794234098,0.11828152437608826,1.907909535538714,0.14392657422724398,1.5129095355387139,-0.25107342577275604,1-4mo
SPY261218C00865000,2026-09-16 19:25:52+00:00,865.0,0.26,0.32,0.33,-0.07000002,-21.212128,8.0,3724.0,0.1287928918457031,False,REGULAR,USD,call,2026-12-18,0.2547945205479452,754.0499877929688,0.325,0.0307692307692307,1.1471388024708695,0.11945334908053047,1.6203404157699381,0.08006087927083527,1.2953404157699382,-0.24493912072916474,1-4mo
SPY261218C00870000,2026-09-16 19:20:06+00:00,870.0,0.23,0.27,0.28,-0.040000007,-14.8148155,155.0,2673.0,0.1302577209472656,False,REGULAR,USD,call,2026-12-18,0.2547945205479452,754.0499877929688,0.275,0.0363636363636363,1.153769662600759,0.12109147306727819,1.3718485960691282,0.04228181744039716,1.0968485960691283,-0.23271818255960286,1-4mo
SPY261218C00875000,2026-09-16 18:57:38+00:00,875.0,0.21,0.23,0.24,-0.02000001,-8.695656,129.0,3456.0,0.1319666882324218,False,REGULAR,USD,call,2026-12-18,0.2547945205479452,754.0499877929688,0.235,0.0425531914893616,1.1604005227306484,0.1228490470436433,1.157892446441572,0.020839856864942607,0.9228924464415721,-0.21416014313505738,1-4mo
SPY261218C00880000,2026-09-16 19:30:03+00:00,880.0,0.17,0.2,0.21,-0.019999996,-10.526314,11.0,5506.0,0.133797724609375,False,REGULAR,USD,call,2026-12-18,0.2547945205479452,754.0499877929688,0.205,0.0487804878048779,1.167031382860538,0.12489311691458742,0.9743242754932524,0.008772195953862028,0.7693242754932524,-0.19622780404613796,1-4mo
SPY261218C00885000,2026-09-16 17:55:25+00:00,885.0,0.19,0.17,0.18,0.019999996,11.764703,295.0,3950.0,0.1353846228027344,False,REGULAR,USD,call,2026-12-18,0.2547945205479452,754.0499877929688,0.175,0.057142857142857,1.173662242990427,0.12652522603827662,0.8173793280817243,0.0017221623077419146,0.6423793280817243,-0.17327783769225807,1-4mo
SPY261218C00890000,2026-09-15 19:15:01+00:00,890.0,0.14,0.15,0.16,0.0,0.0,12.0,2331.0,0.1374597973632813,False,REGULAR,USD,call,2026-12-18,0.2547945205479452,754.0499877929688,0.155,0.0645161290322581,1.1802931031203168,0.12869432641158834,0.6836605693703959,-0.0025690426911741046,0.5286605693703958,-0.1575690426911741,1-4mo
SPY261218C00895000,2026-09-16 19:22:17+00:00,895.0,0.11,0.13,0.14,-0.009999998,-8.333331,163.0,1390.0,0.1391687646484375,False,REGULAR,USD,call,2026-12-18,0.2547945205479452,754.0499877929688,0.135,0.0740740740740741,1.186923963250206,0.13053786900151293,0.570120206110996,-0.004958179762920325,0.435120206110996,-0.13995817976292033,1-4mo
SPY261218C00900000,2026-09-16 19:29:19+00:00,900.0,0.1,0.12,0.13,-0.009999998,-9.090907,1.0,8396.0,0.1418542846679687,False,REGULAR,USD,call,2026-12-18,0.2547945205479452,754.0499877929688,0.125,0.08,1.1935548233800954,0.13327644219259008,0.4740388229489305,-0.005614762480628213,0.3490388229489305,-0.1306147624806282,1-4mo
SPY261218C00905000,2026-09-08 15:24:22+00:00,905.0,0.22,0.1,0.11,0.0,0.0,2.0,2621.0,0.1430749755859375,False,REGULAR,USD,call,2026-12-18,0.2547945205479452,754.0499877929688,0.105,0.0952380952380951,1.200185683509985,0.13445011560648115,0.39300292499597944,-0.004603134152565802,0.28800292499597946,-0.1096031341525658,1-4mo
SPY261218C00910000,2026-09-16 15:02:19+00:00,910.0,0.1,0.09,0.1,-0.019999996,-16.666662,11.0,3935.0,0.1452722192382812,False,REGULAR,USD,call,2026-12-18,0.2547945205479452,754.0499877929688,0.095,0.1052631578947369,1.2068165436398743,0.13671157332825704,0.3248815832379215,-0.0022336413380734943,0.2298815832379215,-0.0972336413380735,1-4mo
SPY261218C00915000,2026-09-15 15:31:39+00:00,915.0,0.09,0.08,0.09,0.0,0.0,1.0,2367.0,0.147469462890625,False,REGULAR,USD,call,2026-12-18,0.2547945205479452,754.0499877929688,0.0849999999999999,0.1176470588235293,1.2134474037697638,0.1387492369597842,0.2678027812383661,0.0008433387021505034,0.18280278123836619,-0.08415666129784939,1-4mo
SPY261218C00920000,2026-09-16 19:58:13+00:00,920.0,0.09,0.07,0.08,-0.029999994,-24.999994,1.0,718.0,0.1489342919921875,False,REGULAR,USD,call,2026-12-18,0.2547945205479452,754.0499877929688,0.075,0.1333333333333332,1.2200782638996532,0.14052883313717787,0.22012996399732643,0.0037574643131011894,0.14512996399732642,-0.07124253568689881,1-4mo
SPY261218C00925000,2026-09-15 15:09:36+00:00,925.0,0.07,0.07,0.08,0.0,0.0,1.0,1230.0,0.1528405029296875,False,REGULAR,USD,call,2026-12-18,0.2547945205479452,754.0499877929688,0.075,0.1333333333333332,1.226709124029543,0.14412004073142623,0.1804391958745386,0.0056609254178855775,0.10543919587453861,-0.06933907458211441,1-4mo
SPY261218C00930000,2026-09-15 15:15:51+00:00,930.0,0.07,0.06,0.07,0.0,0.0,4.0,1713.0,0.15430533203125,False,REGULAR,USD,call,2026-12-18,0.2547945205479452,754.0499877929688,0.065,0.1538461538461539,1.233339984159432,0.14552183281527611,0.14749724658823737,0.0059841563787586816,0.08249724658823737,-0.05901584362124132,1-4mo
SPY261218C00935000,2026-09-16 17:53:14+00:00,935.0,0.07,0.06,0.07,0.010000002,16.66667,1.0,1992.0,0.1577232666015625,False,REGULAR,USD,call,2026-12-18,0.2547945205479452,754.0499877929688,0.065,0.1538461538461539,1.2399708442893214,0.14901284853283575,0.12024084413798519,0.004609882066503521,0.05524084413798519,-0.06039011793349648,1-4mo
SPY261218C00940000,2026-09-15 18:53:39+00:00,940.0,0.05,0.05,0.06,-0.009999998,-16.666662,1.0,434.0,0.1586998193359375,False,REGULAR,USD,call,2026-12-18,0.2547945205479452,754.0499877929688,0.055,0.1818181818181817,1.2466017044192108,0.14996034648207152,0.09775726213897995,0.0019089918631378933,0.04275726213897995,-0.05309100813686211,1-4mo
SPY261218C00945000,2026-08-26 20:13:22+00:00,945.0,0.12,0.05,0.06,0.0,0.0,3.0,56.0,0.16211775390625,False,REGULAR,USD,call,2026-12-18,0.2547945205479452,754.0499877929688,0.055,0.1818181818181817,1.2532325645491005,0.15335040715011522,0.07926634701567847,-0.0013691653981124478,0.024266347015678473,-0.056369165398112445,1-4mo
SPY270319C00755000,2026-09-16 19:22:33+00:00,755.0,38.5,40.41,40.72,-4.119999,-9.666821,24.0,2689.0,0.1928105011749267,False,REGULAR,USD,call,2027-03-19,0.5041095890410959,754.0499877929688,40.565,0.0076420559595711,1.0012598796133023,0.15121422501456816,42.1976943335132,43.66604418636217,1.6326943335132,3.1010441863621736,4-7mo
SPY270319C00760000,2026-09-16 19:44:18+00:00,760.0,36.39,37.23,37.56,-2.8600006,-7.286626,91.0,7462.0,0.1887745918273926,False,REGULAR,USD,call,2027-03-19,0.5041095890410959,754.0499877929688,37.395,0.0088247091857201,1.0078907397431918,0.1488192675345424,39.5514756952233,40.75930994302064,2.1564756952232997,3.3643099430206362,4-7mo
SPY270319C00765000,2026-09-16 19:24:12+00:00,765.0,32.4,34.27,34.38,-3.6099968,-10.024985,60.0,3318.0,0.1841970008850098,False,REGULAR,USD,call,2027-03-19,0.5041095890410959,754.0499877929688,34.325,0.0032046613255644,1.0145215998730812,0.14638175953019167,37.018475014340424,37.955778891584146,2.6934750143404216,3.630778891584143,4-7mo
SPY270319C00770000,2026-09-16 19:33:26+00:00,770.0,30.25,31.3,31.41,-3.1899986,-9.539471,138.0,4391.0,0.1801153156280517,False,REGULAR,USD,call,2027-03-19,0.5041095890410959,754.0499877929688,31.355,0.0035082124063147,1.0211524600029709,0.14387822307787484,34.59825217544079,35.25751186513213,3.243252175440791,3.90251186513213,4-7mo
SPY270319C00775000,2026-09-16 19:56:33+00:00,775.0,28.41,28.46,28.6,-1.6399994,-5.4575686,112.0,6295.0,0.1762853978729248,False,REGULAR,USD,call,2027-03-19,0.5041095890410959,754.0499877929688,28.53,0.0049071153172099,1.02778332013286,0.14149537733769224,32.289997565285375,32.66632796596525,3.7599975652853743,4.1363279659652505,4-7mo
SPY270319C00780000,2026-09-16 19:58:53+00:00,780.0,25.8,25.78,25.91,-1.6400013,-5.9766808,3167.0,5577.0,0.1724936267089844,False,REGULAR,USD,call,2027-03-19,0.5041095890410959,754.0499877929688,25.845,0.0050299864577287,1.0344141802627496,0.1391857077711502,30.09254718066171,30.183779085323692,4.247547180661712,4.338779085323694,4-7mo
SPY270319C00785000,2026-09-16 19:20:07+00:00,785.0,21.93,23.24,23.38,-2.8199997,-11.393938,206.0,4293.0,0.1689002178192139,False,REGULAR,USD,call,2027-03-19,0.5041095890410959,754.0499877929688,23.31,0.006006006006006,1.0410450403926388,0.13697549267871392,28.004400678842956,27.81112633203054,4.694400678842957,4.501126332030541,4-7mo
SPY270319C00790000,2026-09-16 19:58:08+00:00,790.0,20.76,20.86,20.99,-1.3699989,-6.1906867,2579.0,6634.0,0.1654059900665283,False,REGULAR,USD,call,2027-03-19,0.5041095890410959,754.0499877929688,20.924999999999997,0.0062126642771803,1.0476759005225282,0.13484807028368126,26.023741992643465,25.549319359492358,5.098741992643468,4.624319359492361,4-7mo
SPY270319C00795000,2026-09-16 19:28:22+00:00,795.0,17.3,18.64,18.76,-2.5600014,-12.890238,171.0,6527.0,0.1620872366333007,False,REGULAR,USD,call,2027-03-19,0.5041095890410959,754.0499877929688,18.700000000000003,0.0064171122994652,1.0543067606524177,0.13283935347058332,24.14846211236278,23.398978881619314,5.448462112362776,4.698978881619311,4-7mo
SPY270319C00800000,2026-09-16 20:03:03+00:00,800.0,16.7,16.61,16.71,-1.4099998,-7.785753,384.0,18080.0,0.1590507679748535,False,REGULAR,USD,call,2027-03-19,0.5041095890410959,754.0499877929688,16.66,0.0060024009603842,1.0609376207823071,0.13106836420677276,22.376183626338843,21.36038204504598,5.716183626338843,4.700382045045981,4-7mo
SPY270319C00805000,2026-09-16 19:22:30+00:00,805.0,14.6,14.71,14.81,-1.0999994,-7.006366,207.0,6903.0,0.1561363684082031,False,REGULAR,USD,call,2027-03-19,0.5041095890410959,754.0499877929688,14.760000000000002,0.0067750677506774,1.0675684809121966,0.1293169781643568,20.70428660985118,19.433450011247828,5.944286609851179,4.6734500112478266,4-7mo
SPY270319C00810000,2026-09-16 19:58:08+00:00,810.0,12.93,12.99,13.08,-0.9200001,-6.6425996,166.0,6583.0,0.1534661070251465,False,REGULAR,USD,call,2027-03-19,0.5041095890410959,754.0499877929688,13.035,0.0069044879171461,1.074199341042086,0.12777120014443968,19.12993545810366,17.617737188199612,6.094935458103659,4.582737188199612,4-7mo
SPY270319C00815000,2026-09-16 19:51:18+00:00,815.0,11.35,11.44,11.53,-0.8499994,-6.9672084,39.0,3625.0,0.1511315356445313,False,REGULAR,USD,call,2027-03-19,0.5041095890410959,754.0499877929688,11.485,0.0078363082281236,1.0808302011719757,0.12645959072360852,17.65010627215642,15.912421966684974,6.165106272156422,4.427421966684975,4-7mo
SPY270319C00820000,2026-09-16 20:14:32+00:00,820.0,10.11,10.05,10.09,-1.04,-9.327354,670.0,25203.0,0.1487511883544922,False,REGULAR,USD,call,2027-03-19,0.5041095890410959,754.0499877929688,10.07,0.0039721946375371,1.0874610613018647,0.12519588551938063,16.26161442606133,14.316299374136179,6.191614426061328,4.2462993741361785,4-7mo
SPY270319C00825000,2026-09-16 19:59:55+00:00,825.0,8.83,8.79,8.83,-0.65999985,-6.9546876,750.0,3464.0,0.1467675656127929,False,REGULAR,USD,call,2027-03-19,0.5041095890410959,754.0499877929688,8.809999999999999,0.0045402951191828,1.0940919214317542,0.12412837014566808,14.961141968123997,12.82777653649444,6.151141968123998,4.017776536494441,4-7mo
SPY270319C00830000,2026-09-16 19:41:51+00:00,830.0,7.25,7.66,7.7,-1.1499996,-13.690473,105.0,5005.0,0.1449365292358398,False,REGULAR,USD,call,2027-03-19,0.5041095890410959,754.0499877929688,7.68,0.0052083333333333,1.1007227815616436,0.12315669952393368,13.745264538150366,11.444872062212198,6.065264538150366,3.7648720622121985,4-7mo
SPY270319C00835000,2026-09-16 19:49:40+00:00,835.0,6.52,6.66,6.69,-0.8000002,-10.928964,4.0,4659.0,0.1432428205871582,False,REGULAR,USD,call,2027-03-19,0.5041095890410959,754.0499877929688,6.675000000000001,0.0044943820224719,1.107353641691533,0.12229826153814292,12.610477514728046,10.165220363254889,5.935477514728046,3.4902203632548883,4-7mo
SPY270319C00840000,2026-09-16 19:59:26+00:00,840.0,5.81,5.77,5.8,-0.61000013,-9.50156,13.0,7715.0,0.1417322155761718,False,REGULAR,USD,call,2027-03-19,0.5041095890410959,754.0499877929688,5.785,0.0051858254105445,1.1139845018214225,0.12154316642316275,11.55322114106491,8.98608155417432,5.76822114106491,3.201081554174319,4-7mo
SPY270319C00845000,2026-09-16 20:05:00+00:00,845.0,5.0,4.98,5.02,-0.40999985,-7.5785556,51.0,2833.0,0.1404047142028808,False,REGULAR,USD,call,2027-03-19,0.5041095890410959,754.0499877929688,5.0,0.0079999999999998,1.120615361951312,0.12088177531593562,10.569904413712408,7.904357057612344,5.569904413712408,2.9043570576123443,4-7mo
SPY270319C00850000,2026-09-16 19:53:23+00:00,850.0,4.25,4.3,4.33,-0.38999987,-8.4051695,335.0,5249.0,0.1391687646484375,False,REGULAR,USD,call,2027-03-19,0.5041095890410959,754.0499877929688,4.3149999999999995,0.0069524913093859,1.1272462220812014,0.12034565710381344,9.656927554781873,6.916610559401221,5.341927554781874,2.6016105594012213,4-7mo
SPY270319C00855000,2026-09-16 19:59:49+00:00,855.0,3.73,3.69,3.73,-0.23000002,-5.808081,24.0,1671.0,0.1381006600952148,False,REGULAR,USD,call,2027-03-19,0.5041095890410959,754.0499877929688,3.71,0.0107816711590296,1.1338770822110908,0.11983879140111235,8.810702924224728,6.019093636062365,5.100702924224728,2.3090936360623653,4-7mo
SPY270319C00860000,2026-09-16 19:22:29+00:00,860.0,2.79,3.17,3.2,-0.61000013,-17.941181,104.0,11444.0,0.137078331451416,False,REGULAR,USD,call,2027-03-19,0.5041095890410959,754.0499877929688,3.185,0.0094191522762952,1.14050794234098,0.1194300484434924,8.027674263706189,5.2077752873401835,4.842674263706188,2.0227752873401834,4-7mo
SPY270319C00865000,2026-09-15 13:34:18+00:00,865.0,3.24,2.72,2.75,0.0,0.0,1.0,4455.0,0.1362696237182617,False,REGULAR,USD,call,2027-03-19,0.5041095890410959,754.0499877929688,2.7350000000000003,0.0109689213893966,1.1471388024708695,0.11915793086885458,7.304334196969819,4.478374726378192,4.569334196969819,1.7433747263781916,4-7mo
SPY270319C00870000,2026-09-16 19:31:30+00:00,870.0,2.14,2.34,2.35,-0.51,-19.245283,7.0,4148.0,0.1354456573486328,False,REGULAR,USD,call,2027-03-19,0.5041095890410959,754.0499877929688,2.345,0.0042643923240939,1.153769662600759,0.1189496200757966,6.6372399428688595,3.8263970212023537,4.292239942868859,1.4813970212023535,4-7mo
SPY270319C00875000,2026-09-16 19:08:41+00:00,875.0,1.88,2.0,2.01,-0.32000005,-14.545456,122.0,6769.0,0.13477427734375,False,REGULAR,USD,call,2027-03-19,0.5041095890410959,754.0499877929688,2.005,0.0049875311720697,1.1604005227306484,0.11876110880624034,6.023027226062055,3.2471714224625003,4.018027226062055,1.2421714224625005,4-7mo
SPY270319C00880000,2026-09-16 19:18:44+00:00,880.0,1.5,1.71,1.72,-0.41999996,-21.874998,542.0,5147.0,0.1342554837036133,False,REGULAR,USD,call,2027-03-19,0.5041095890410959,754.0499877929688,1.715,0.0058309037900874,1.167031382860538,0.11867156609032493,5.458422396438593,2.735892344474337,3.743422396438593,1.0208923444743367,4-7mo
SPY270319C00885000,2026-09-16 13:49:23+00:00,885.0,1.73,1.46,1.47,0.15999997,10.19108,1.0,2715.0,0.133797724609375,False,REGULAR,USD,call,2027-03-19,0.5041095890410959,754.0499877929688,1.465,0.0068259385665529,1.173662242990427,0.11862388640862344,4.9402527914698595,2.2876629261072168,3.4752527914698597,0.8226629261072167,4-7mo
SPY270319C00890000,2026-09-16 20:13:19+00:00,890.0,1.25,1.25,1.26,-0.09000003,-6.7164207,8.0,2342.0,0.1334925518798828,False,REGULAR,USD,call,2027-03-19,0.5041095890410959,754.0499877929688,1.255,0.0079681274900398,1.1802931031203168,0.11870795523172634,4.465455395777909,1.8975408838106915,3.2104553957779087,0.6425408838106916,4-7mo
SPY270319C00895000,2026-09-16 19:12:57+00:00,895.0,0.95,1.07,1.08,-0.38000005,-28.57143,6.0,1582.0,0.1332789309692382,False,REGULAR,USD,call,2027-03-19,0.5041095890410959,754.0499877929688,1.0750000000000002,0.0093023255813953,1.186923963250206,0.11884040208346024,4.031083869235445,1.560586037010026,2.956083869235445,0.4855860370100258,4-7mo
SPY270319C00900000,2026-09-16 19:43:27+00:00,900.0,0.85,0.92,0.93,-0.109999955,-11.458328,20.0,8898.0,0.133248413696289,False,REGULAR,USD,call,2027-03-19,0.5041095890410959,754.0499877929688,0.925,0.0108108108108108,1.1935548233800954,0.11911200906746468,3.6343140289238676,1.271908527188458,2.7093140289238677,0.346908527188458,4-7mo
SPY270319C00905000,2026-09-16 13:58:56+00:00,905.0,0.94,0.79,0.8,0.07999998,9.302323,1.0,2317.0,0.1331873791503906,False,REGULAR,USD,call,2027-03-19,0.5041095890410959,754.0499877929688,0.795,0.0125786163522012,1.200185683509985,0.11938904152688358,3.2724478813608116,1.02671646194851,2.4774478813608116,0.23171646194851003,4-7mo
SPY270319C00910000,2026-09-14 19:09:19+00:00,910.0,0.9,0.68,0.69,0.0,0.0,28.0,2566.0,0.133248413696289,False,REGULAR,USD,call,2027-03-19,0.5041095890410959,754.0499877929688,0.685,0.0145985401459852,1.2068165436398743,0.1197420893945437,2.9429163097386635,0.820361566419713,2.2579163097386634,0.13536156641971298,4-7mo
SPY270319C00915000,2026-09-16 17:48:22+00:00,915.0,0.68,0.59,0.6,0.050000012,7.9365096,1.0,590.0,0.1335535864257812,False,REGULAR,USD,call,2027-03-19,0.5041095890410959,754.0499877929688,0.595,0.0168067226890756,1.2134474037697638,0.12026643238660771,2.643280526653598,0.6483814472191405,2.048280526653598,0.05338144721914051,4-7mo
SPY270319C00920000,2026-09-16 19:52:35+00:00,920.0,0.52,0.51,0.52,-0.18,-25.714287,1.0,1005.0,0.133797724609375,False,REGULAR,USD,call,2027-03-19,0.5041095890410959,754.0499877929688,0.515,0.0194174757281553,1.2200782638996532,0.12073176588598071,2.371232406195425,0.5065372540178963,1.8562324061954247,-0.008462745982103725,4-7mo
SPY270319C00925000,2026-09-16 19:31:46+00:00,925.0,0.42,0.45,0.46,-0.15,-26.315792,22.0,555.0,0.1344080700683594,False,REGULAR,USD,call,2027-03-19,0.5041095890410959,754.0499877929688,0.455,0.0219780219780219,1.226709124029543,0.12156991596891004,2.1245938105223203,0.39084581016037134,1.6695938105223203,-0.06415418983962867,4-7mo
SPY270319C00930000,2026-09-16 19:57:54+00:00,930.0,0.4,0.4,0.41,-0.060000002,-13.043478,4.0,426.0,0.1351404846191406,False,REGULAR,USD,call,2027-03-19,0.5041095890410959,754.0499877929688,0.405,0.0246913580246912,1.233339984159432,0.12252421021346722,1.901315025432723,0.2976056092613284,1.4963150254327229,-0.10739439073867163,4-7mo
SPY270319C00935000,2026-09-16 20:09:09+00:00,935.0,0.37,0.35,0.36,0.00999999,2.777775,54.0,3516.0,0.1356287609863281,False,REGULAR,USD,call,2027-03-19,0.5041095890410959,754.0499877929688,0.355,0.028169014084507,1.2399708442893214,0.12319766710561905,1.6994724171985425,0.22341637580603013,1.3444724171985425,-0.13158362419396985,4-7mo
SPY270319C00940000,2026-09-16 19:04:15+00:00,940.0,0.3,0.32,0.33,-0.089999974,-23.076916,10.0,1749.0,0.1369715209960937,False,REGULAR,USD,call,2027-03-19,0.5041095890410959,754.0499877929688,0.325,0.0307692307692307,1.2466017044192108,0.12458896641682142,1.517265419309922,0.16519212217156642,1.192265419309922,-0.1598078778284336,4-7mo
SPY270319C00945000,2026-09-16 19:19:04+00:00,945.0,0.25,0.28,0.29,-0.13999999,-35.89743,5.0,145.0,0.1374597973632813,False,REGULAR,USD,call,2027-03-19,0.5041095890410959,754.0499877929688,0.285,0.0350877192982454,1.2532325645491005,0.12523791973096926,1.3530129530283688,0.12016778958593566,1.0680129530283688,-0.16483221041406432,4-7mo
SPY270319C00950000,2026-09-16 19:53:12+00:00,950.0,0.25,0.26,0.27,0.0,0.0,11.0,6154.0,0.1389246264648437,False,REGULAR,USD,call,2027-03-19,0.5041095890410959,754.0499877929688,0.265,0.0377358490566038,1.2598634246789897,0.12682406481895991,1.2051493799940936,0.08589965225761631,0.9401493799940935,-0.1791003477423837,4-7mo
SPY270319C00955000,2026-09-16 18:32:32+00:00,955.0,0.25,0.23,0.24,-0.060000002,-19.35484,1.0,122.0,0.1395349719238281,False,REGULAR,USD,call,2027-03-19,0.5041095890410959,754.0499877929688,0.235,0.0425531914893616,1.2664942848088792,0.1276151714079517,1.0722200787905614,0.060259727193696655,0.8372200787905614,-0.17474027280630333,4-7mo
SPY270319C00960000,2026-09-11 17:30:45+00:00,960.0,0.31,0.21,0.22,0.0,0.0,2.0,537.0,0.1407556628417968,False,REGULAR,USD,call,2027-03-19,0.5041095890410959,754.0499877929688,0.215,0.0465116279069767,1.2731251449387686,0.12888169842352887,0.9528767305452668,0.04142450678031517,0.7378767305452668,-0.17357549321968482,4-7mo
SPY270319C00965000,2026-09-04 19:40:06+00:00,965.0,0.36,0.19,0.2,0.0,0.0,449.0,249.0,0.1417322155761718,False,REGULAR,USD,call,2027-03-19,0.5041095890410959,754.0499877929688,0.195,0.0512820512820513,1.279756005068658,0.129984864146134,0.8458723915058712,0.027858447363831917,0.6508723915058712,-0.1671415526361681,4-7mo
SPY270319C00970000,2026-09-03 18:14:49+00:00,970.0,0.35,0.18,0.19,0.0,0.0,1.0,822.0,0.1434411828613281,False,REGULAR,USD,call,2027-03-19,0.5041095890410959,754.0499877929688,0.185,0.0540540540540541,1.2863868651985475,0.13175848767163048,0.7500564232469777,0.018292815491208758,0.5650564232469777,-0.16670718450879124,4-7mo
SPY270319C00975000,2026-09-10 17:33:06+00:00,975.0,0.22,0.16,0.17,0.0,0.0,11.0,159.0,0.1440515283203124,False,REGULAR,USD,call,2027-03-19,0.5041095890410959,754.0499877929688,0.165,0.0606060606060606,1.2930177253284367,0.13254928415628447,0.6643693438651805,0.011700701476397013,0.4993693438651805,-0.153299298523603,4-7mo
SPY270319C00980000,2026-09-16 18:28:10+00:00,980.0,0.17,0.15,0.16,-0.030000001,-15.0,9.0,758.0,0.1456384265136718,False,REGULAR,USD,call,2027-03-19,0.5041095890410959,754.0499877929688,0.155,0.0645161290322581,1.2996485854583262,0.13410935498147097,0.587837656331768,0.007269224841543576,0.43283765633176796,-0.14773077515845642,4-7mo
SPY270617C00755000,2026-09-16 19:59:26+00:00,755.0,54.4,54.22,54.61,-2.0900002,-3.69977,277.0,1611.0,0.2114031497192382,False,REGULAR,USD,call,2027-06-17,0.7506849315068493,754.0499877929688,54.415,0.0071671414132132,1.0012598796133023,0.16091328813268307,53.96380083978016,56.146040280726424,-0.4511991602198364,1.7310402807264254,>7mo
SPY270617C00760000,2026-09-16 20:02:13+00:00,760.0,51.0,50.36,51.25,-1.8899994,-3.5734532,48.0,3210.0,0.2072146540069579,False,REGULAR,USD,call,2027-06-17,0.7506849315068493,754.0499877929688,50.805,0.0175179608306269,1.0078907397431918,0.15724821506715322,51.271974140987766,53.25329077257186,0.4669741409877659,2.448290772571859,>7mo
SPY270617C00765000,2026-09-16 19:30:21+00:00,765.0,46.38,47.76,48.23,-3.2799988,-6.604911,6.0,2301.0,0.2040637455749511,False,REGULAR,USD,call,2027-06-17,0.7506849315068493,754.0499877929688,47.995,0.0097926867382018,1.0145215998730812,0.15644685790815013,48.67151719145329,50.442823785463474,0.6765171914532928,2.447823785463477,>7mo
SPY270617C00770000,2026-09-16 20:07:33+00:00,770.0,44.78,44.8,44.97,-1.8700027,-4.00858,39.0,1677.0,0.1997150341796875,False,REGULAR,USD,call,2027-06-17,0.7506849315068493,754.0499877929688,44.885,0.0037874568341317,1.0211524600029709,0.15413473119579182,46.16224579180425,47.71574244900779,1.2772457918042548,2.8307424490077935,>7mo
SPY270617C00775000,2026-09-16 19:51:51+00:00,775.0,41.6,41.82,42.0,-1.9000015,-4.36782,23.0,2003.0,0.1961902891540527,False,REGULAR,USD,call,2027-06-17,0.7506849315068493,754.0499877929688,41.91,0.0042949176807444,1.02778332013286,0.1520182115157417,43.7437736847624,45.07301437020635,1.8337736847624058,3.163014370206355,>7mo
SPY270617C00780000,2026-09-16 20:05:59+00:00,780.0,39.04,38.94,39.09,-2.1299973,-5.1736636,145.0,3404.0,0.1925892509460449,False,REGULAR,USD,call,2027-06-17,0.7506849315068493,754.0499877929688,39.015,0.003844675124952,1.0344141802627496,0.14986980020764723,41.41551902762535,42.5154645836966,2.40051902762535,3.5004645836965977,>7mo
SPY270617C00785000,2026-09-16 19:26:11+00:00,785.0,34.09,36.16,36.34,-3.619999,-9.599573,51.0,3340.0,0.189285756149292,False,REGULAR,USD,call,2027-06-17,0.7506849315068493,754.0499877929688,36.25,0.0049655172413794,1.0410450403926388,0.14786949136084562,39.17671195320719,40.04376904455302,2.926711953207189,3.7937690445530166,>7mo
SPY270617C00790000,2026-09-16 19:59:42+00:00,790.0,33.6,33.49,33.67,-1.3300018,-3.8076205,42.0,2327.0,0.1859670027160644,False,REGULAR,USD,call,2027-06-17,0.7506849315068493,754.0499877929688,33.58,0.0053603335318641,1.0476759005225282,0.14587103430764897,37.02640310383839,37.65844872569397,3.446403103838392,4.078448725693974,>7mo
SPY270617C00795000,2026-09-16 19:05:21+00:00,795.0,31.02,30.94,31.11,-1.1300011,-3.5147777,42.0,3669.0,0.1827321717834472,False,REGULAR,USD,call,2027-06-17,0.7506849315068493,754.0499877929688,31.025,0.0054794520547944,1.0543067606524177,0.14394079201731377,34.963473018511934,35.35986438038947,3.938473018511935,4.334864380389469,>7mo
SPY270617C00800000,2026-09-16 20:07:51+00:00,800.0,28.57,28.52,28.67,-1.8299999,-6.019737,135.0,16834.0,0.1796194099426269,False,REGULAR,USD,call,2027-06-17,0.7506849315068493,754.0499877929688,28.595,0.0052456723203357,1.0609376207823071,0.14210853478283453,32.98664225062606,33.14821202995074,4.391642250626063,4.553212029950743,>7mo
SPY270617C00805000,2026-09-16 18:28:22+00:00,805.0,28.25,26.18,26.36,0.7199993,2.6153262,10.0,2360.0,0.1766592344665527,False,REGULAR,USD,call,2027-06-17,0.7506849315068493,754.0499877929688,26.27,0.00685192234488,1.0675684809121966,0.14028958852526188,31.094482092921623,31.023519236375193,4.824482092921624,4.753519236375194,>7mo
SPY270617C00810000,2026-09-16 19:13:40+00:00,810.0,22.81,24.01,24.13,-2.4300003,-9.627577,13.0,3245.0,0.1736380244445801,False,REGULAR,USD,call,2027-06-17,0.7506849315068493,754.0499877929688,24.07,0.0049854590776899,1.074199341042086,0.13855613056824917,29.2854257870232,28.985642218179237,5.2154257870232,4.9156422181792365,>7mo
SPY270617C00815000,2026-09-16 19:58:52+00:00,815.0,21.96,21.92,22.08,-1.25,-5.3856096,3.0,2697.0,0.1709677630615234,False,REGULAR,USD,call,2027-06-17,0.7506849315068493,754.0499877929688,22.0,0.0072727272727271,1.0808302011719757,0.13692579227995766,27.557780097320972,27.034263863917715,5.557780097320972,5.034263863917715,>7mo
SPY270617C00820000,2026-09-16 19:42:48+00:00,820.0,19.24,20.01,20.14,-1.9300003,-9.116676,30.0,2969.0,0.1683585362243652,False,REGULAR,USD,call,2027-06-17,0.7506849315068493,754.0499877929688,20.075000000000003,0.0064757160647571,1.0874610613018647,0.13546142688492932,25.90973713262798,25.16889269156769,5.834737132627978,5.093892691567689,>7mo
SPY270617C00825000,2026-09-16 19:51:58+00:00,825.0,18.0,18.2,18.33,-1.2800007,-6.639007,62.0,3406.0,0.1659095250701904,False,REGULAR,USD,call,2027-06-17,0.7506849315068493,754.0499877929688,18.265,0.0071174377224198,1.0940919214317542,0.13404595837787753,24.339386303943343,23.388862793388626,6.074386303943342,5.123862793388625,>7mo
SPY270617C00830000,2026-09-16 19:56:36+00:00,830.0,16.49,16.51,16.66,-1.0300007,-5.878999,27.0,2666.0,0.1636665055084229,False,REGULAR,USD,call,2027-06-17,0.7506849315068493,754.0499877929688,16.585,0.0090443171540547,1.1007227815616436,0.1327483703387534,22.84472631258768,21.69333479588562,6.259726312587681,5.108334795885618,>7mo
SPY270617C00835000,2026-09-16 19:34:54+00:00,835.0,14.51,14.96,15.07,-1.46,-9.142141,3.0,2261.0,0.1613700807189941,False,REGULAR,USD,call,2027-06-17,0.7506849315068493,754.0499877929688,15.015,0.0073260073260072,1.107353641691533,0.13149293477830698,21.42367706976131,20.081297854110517,6.4086770697613105,5.066297854110516,>7mo
SPY270617C00840000,2026-09-16 19:50:33+00:00,840.0,13.41,13.53,13.66,-1.0,-6.9396253,24.0,4909.0,0.1594932684326171,False,REGULAR,USD,call,2027-06-17,0.7506849315068493,754.0499877929688,13.595,0.0095623390952556,1.1139845018214225,0.13047279187769487,20.07409145606266,18.55157268954153,6.47909145606266,4.956572689541529,>7mo
SPY270617C00845000,2026-09-16 15:51:35+00:00,845.0,14.02,12.23,12.32,0.9200001,7.022901,11.0,3987.0,0.1575477922821045,False,REGULAR,USD,call,2027-06-17,0.7506849315068493,754.0499877929688,12.275,0.0073319755600814,1.120615361951312,0.12948351468723818,18.793766837508798,17.102815671594556,6.518766837508798,4.827815671594555,>7mo
SPY270617C00850000,2026-09-16 20:13:16+00:00,850.0,11.1,11.03,11.11,-0.96000004,-7.960199,289.0,4556.0,0.1558311956787109,False,REGULAR,USD,call,2027-06-17,0.7506849315068493,754.0499877929688,11.07,0.007226738934056,1.1272462220812014,0.12861419664741008,17.580456262972973,15.733523934315286,6.510456262972973,4.663523934315286,>7mo
SPY270617C00855000,2026-09-16 19:59:33+00:00,855.0,9.94,9.93,10.0,-0.52000046,-4.9713235,7.0,4142.0,0.1542290388488769,False,REGULAR,USD,call,2027-06-17,0.7506849315068493,754.0499877929688,9.965,0.0070245860511791,1.1338770822110908,0.12781619438364397,16.43187927654614,14.44204151153798,6.466879276546141,4.47704151153798,>7mo
SPY270617C00860000,2026-09-16 19:48:58+00:00,860.0,8.77,8.92,9.0,-0.7399998,-7.78128,51.0,5886.0,0.1528176149749756,False,REGULAR,USD,call,2027-06-17,0.7506849315068493,754.0499877929688,8.96,0.0089285714285714,1.14050794234098,0.12711534026317026,15.345732286995172,13.226566465148437,6.385732286995172,4.266566465148436,>7mo
SPY270617C00865000,2026-09-16 20:04:31+00:00,865.0,8.05,8.01,8.08,-0.5999994,-6.93641,77.0,12687.0,0.1514595963287353,False,REGULAR,USD,call,2027-06-17,0.7506849315068493,754.0499877929688,8.045,0.0087010565568676,1.1471388024708695,0.1264873581428873,14.3196984451192,12.085158971580313,6.274698445119201,4.040158971580313,>7mo
SPY270617C00870000,2026-09-15 15:47:16+00:00,870.0,7.82,7.18,7.22,0.0,0.0,2.0,3174.0,0.1500481724548339,False,REGULAR,USD,call,2027-06-17,0.7506849315068493,754.0499877929688,7.199999999999999,0.0055555555555555,1.153769662600759,0.12584394694869036,13.351456988264005,11.01575032111245,6.151456988264005,3.81575032111245,>7mo
SPY270617C00875000,2026-09-16 19:44:30+00:00,875.0,6.11,6.42,6.46,-1.2799997,-17.3207,1.0,1900.0,0.1488579988098144,False,REGULAR,USD,call,2027-06-17,0.7506849315068493,754.0499877929688,6.4399999999999995,0.0062111801242236,1.1604005227306484,0.1252997069121459,12.438692019463446,10.016152773111912,5.998692019463446,3.5761527731119127,>7mo
SPY270617C00880000,2026-09-16 19:25:32+00:00,880.0,5.23,5.74,5.78,-0.9499998,-15.372167,23.0,5957.0,0.147820411529541,False,REGULAR,USD,call,2027-06-17,0.7506849315068493,754.0499877929688,5.76,0.0069444444444444,1.167031382860538,0.12486279115840314,11.579100696539484,9.084070198602944,5.8191006965394845,3.3240701986029446,>7mo
SPY270617C00885000,2026-09-16 19:13:36+00:00,885.0,4.8,5.12,5.16,-1.0999999,-18.644066,4.0,9636.0,0.1468133415222168,False,REGULAR,USD,call,2027-06-17,0.7506849315068493,754.0499877929688,5.140000000000001,0.0077821011673151,1.173662242990427,0.12443577951300379,10.770400813938295,8.217109430097565,5.630400813938294,3.0771094300975648,>7mo
SPY270617C00890000,2026-09-16 19:18:44+00:00,890.0,4.2,4.56,4.61,-2.1000004,-33.333336,1.0,10878.0,0.1459741165161132,False,REGULAR,USD,call,2027-06-17,0.7506849315068493,754.0499877929688,4.585,0.0109051254089423,1.1802931031203168,0.1240856994201181,10.01033776706467,7.412792228183207,5.425337767064669,2.827792228183207,>7mo
SPY270617C00895000,2026-09-16 19:53:48+00:00,895.0,4.03,4.06,4.11,-0.40999985,-9.234231,50.0,15113.0,0.1451501501464843,False,REGULAR,USD,call,2027-06-17,0.7506849315068493,754.0499877929688,4.085,0.0122399020807835,1.186923963250206,0.12377514941819717,9.296690895331409,6.668567765411424,5.211690895331409,2.5835677654114244,>7mo
SPY270617C00900000,2026-09-16 20:10:12+00:00,900.0,3.62,3.61,3.65,-0.44000006,-10.8374405,792.0,10754.0,0.1442804078674316,False,REGULAR,USD,call,2027-06-17,0.7506849315068493,754.0499877929688,3.63,0.0110192837465564,1.1935548233800954,0.12345446363039422,8.627279206060265,5.981825520804236,4.9972792060602655,2.351825520804236,>7mo
SPY270617C00905000,2026-09-16 20:12:46+00:00,905.0,3.23,3.2,3.25,-0.26,-7.4498568,6.0,7066.0,0.1436242864990234,False,REGULAR,USD,call,2027-06-17,0.7506849315068493,754.0499877929688,3.225,0.0155038759689921,1.200185683509985,0.12319886391233036,7.999966486717767,5.349908472776534,4.7749664867177675,2.1249084727765335,>7mo
SPY270617C00910000,2026-09-16 18:43:22+00:00,910.0,3.27,2.86,2.87,-0.30999994,-8.659217,1.0,3035.0,0.1427698028564453,False,REGULAR,USD,call,2027-06-17,0.7506849315068493,754.0499877929688,2.865,0.0034904013961606,1.2068165436398743,0.12300456674092947,7.412665817733227,4.770126474258333,4.547665817733227,1.9051264742583331,>7mo
SPY270617C00915000,2026-09-15 13:55:12+00:00,915.0,2.98,2.53,2.55,0.0,0.0,2.0,5342.0,0.1421899746704101,False,REGULAR,USD,call,2027-06-17,0.7506849315068493,754.0499877929688,2.54,0.0078740157480315,1.2134474037697638,0.12280920244391905,6.863343502341124,4.239769691019376,4.323343502341124,1.6997696910193758,>7mo
SPY270617C00920000,2026-09-14 15:36:56+00:00,920.0,2.77,2.25,2.26,0.0,0.0,42.0,4945.0,0.1416254051208496,False,REGULAR,USD,call,2027-06-17,0.7506849315068493,754.0499877929688,2.255,0.0044345898004433,1.2200782638996532,0.12270443982233947,6.350022433502005,3.7561219824606695,4.095022433502005,1.5011219824606696,>7mo
SPY270617C00925000,2026-09-15 18:09:04+00:00,925.0,2.15,1.99,2.01,0.0,0.0,4.0,3646.0,0.1412134219360352,False,REGULAR,USD,call,2027-06-17,0.7506849315068493,754.0499877929688,2.0,0.0099999999999998,1.226709124029543,0.12261863980766238,5.870784921020231,3.316474103350089,3.870784921020231,1.3164741033500889,>7mo
SPY270617C00930000,2026-09-15 18:15:26+00:00,930.0,1.91,1.76,1.78,0.0,0.0,5.0,2995.0,0.1407556628417968,False,REGULAR,USD,call,2027-06-17,0.7506849315068493,754.0499877929688,1.77,0.0112994350282485,1.233339984159432,0.12252056312903392,5.4237750045010245,2.9181366052802247,3.6537750045010244,1.1481366052802247,>7mo
SPY270617C00935000,2026-09-16 19:44:13+00:00,935.0,1.48,1.56,1.58,-0.19999993,-11.9047575,87.0,1313.0,0.1404199728393554,False,REGULAR,USD,call,2027-06-17,0.7506849315068493,754.0499877929688,1.57,0.0127388535031847,1.2399708442893214,0.12251629787843267,5.007200279801168,2.5584523182268555,3.437200279801168,0.9884523182268554,>7mo
SPY270617C00940000,2026-09-16 18:53:56+00:00,940.0,1.42,1.39,1.4,-0.05000007,-3.4013653,1.0,1554.0,0.140084282836914,False,REGULAR,USD,call,2027-06-17,0.7506849315068493,754.0499877929688,1.395,0.007168458781362,1.2466017044192108,0.12258316970811756,4.619333268166258,2.234808295826248,3.224333268166258,0.839808295826248,>7mo
SPY270617C00945000,2026-09-16 19:39:52+00:00,945.0,1.18,1.23,1.24,-0.1400001,-10.606068,1.0,3283.0,0.1397791101074219,False,REGULAR,USD,call,2027-06-17,0.7506849315068493,754.0499877929688,1.235,0.0080971659919028,1.2532325645491005,0.12259507202045053,4.258512358334201,1.944647113134799,3.0235123583342007,0.709647113134799,>7mo
SPY270617C00950000,2026-09-15 18:14:13+00:00,950.0,1.17,1.09,1.11,0.0,0.0,8.0,2123.0,0.1397485928344726,False,REGULAR,USD,call,2027-06-17,0.7506849315068493,754.0499877929688,1.1,0.0181818181818181,1.2598634246789897,0.1227642114830159,3.923142352558017,1.6854774128664545,2.823142352558017,0.5854774128664544,>7mo
SPY270617C00955000,2026-09-15 18:16:24+00:00,955.0,1.03,0.97,0.98,0.0,0.0,21.0,1450.0,0.1394434201049805,False,REGULAR,USD,call,2027-06-17,0.7506849315068493,754.0499877929688,0.975,0.0102564102564102,1.2664942848088792,0.12284918958125038,3.6116946478089957,1.45488360545189,2.6366946478089957,0.4798836054518901,>7mo
SPY270617C00960000,2026-09-15 18:11:44+00:00,960.0,0.92,0.86,0.88,0.0,0.0,17.0,867.0,0.1395349719238281,False,REGULAR,USD,call,2027-06-17,0.7506849315068493,754.0499877929688,0.87,0.0229885057471264,1.2731251449387686,0.12308886571460984,3.3227070833811894,1.2505346395475385,2.4527070833811893,0.3805346395475385,>7mo
SPY270617C00965000,2026-09-15 18:27:00+00:00,965.0,0.8,0.77,0.78,0.0,0.0,9.0,398.0,0.139382385559082,False,REGULAR,USD,call,2027-06-17,0.7506849315068493,754.0499877929688,0.775,0.0129032258064516,1.279756005068658,0.12330620952645163,3.054783485785258,1.070191772554601,2.279783485785258,0.29519177255460105,>7mo
SPY270617C00970000,2026-09-15 18:13:41+00:00,970.0,0.73,0.69,0.7,0.0,0.0,10.0,3747.0,0.1395349719238281,False,REGULAR,USD,call,2027-06-17,0.7506849315068493,754.0499877929688,0.695,0.0143884892086331,1.2863868651985475,0.12366125587074137,2.806592941224153,0.9117152848942816,2.111592941224153,0.2167152848942816,>7mo
SPY270617C00975000,2026-09-15 18:11:44+00:00,975.0,0.65,0.62,0.63,0.0,0.0,20.0,1265.0,0.1397180755615234,False,REGULAR,USD,call,2027-06-17,0.7506849315068493,754.0499877929688,0.625,0.016,1.2930177253284367,0.12407104160700748,2.576868825116648,0.7730700967879116,1.951868825116648,0.1480700967879116,>7mo
SPY270617C00980000,2026-09-15 13:29:59+00:00,980.0,0.7,0.56,0.57,0.0,0.0,1.0,1547.0,0.1400232482910156,False,REGULAR,USD,call,2027-06-17,0.7506849315068493,754.0499877929688,0.565,0.0176991150442476,1.2996485854583262,0.1245755479344252,2.364407617121479,0.6523302617356137,1.7994076171214792,0.08733026173561376,>7mo
SPY270917C00755000,2026-09-16 20:00:32+00:00,755.0,67.25,64.83,69.5,-1.800003,-2.606811,122.0,373.0,0.2325554345321655,False,REGULAR,USD,call,2027-09-17,1.0027397260273974,754.0499877929688,67.16499999999999,0.0695302612968064,1.0012598796133023,0.16748503347536423,64.78937266476714,67.5290008913085,-2.375627335232849,0.3640008913085069,>7mo
SPY270917C00760000,2026-09-16 19:14:02+00:00,760.0,62.2,63.02,64.92,-3.1499977,-4.820195,32.0,713.0,0.2247315686798095,False,REGULAR,USD,call,2027-09-17,1.0027397260273974,754.0499877929688,63.97,0.0297014225418164,1.0078907397431918,0.165726643450022,62.06785571098891,64.6466815223759,-1.9021442890110905,0.6766815223759011,>7mo
SPY270917C00765000,2026-09-16 19:35:09+00:00,765.0,59.82,59.86,61.75,-2.6800003,-4.2880006,13.0,1278.0,0.2214357032012939,False,REGULAR,USD,call,2027-09-17,1.0027397260273974,754.0499877929688,60.805,0.031082970150481,1.0145215998730812,0.16385552221368968,59.42413296005094,61.834021170655774,-1.3808670399490595,1.0290211706557741,>7mo
SPY270917C00770000,2026-09-16 19:53:48+00:00,770.0,57.49,56.76,58.01,-2.329998,-3.895015,12.0,1653.0,0.2160646631622314,False,REGULAR,USD,call,2027-09-17,1.0027397260273974,754.0499877929688,57.385,0.0217826958264354,1.0211524600029709,0.16089674041868962,56.85812252190175,59.09171915184697,-0.5268774780982497,1.7067191518469755,>7mo
SPY270917C00775000,2026-09-16 19:13:46+00:00,775.0,53.0,54.42,54.96,-4.0,-7.017544,128.0,954.0,0.212799314956665,False,REGULAR,USD,call,2027-09-17,1.0027397260273974,754.0499877929688,54.69,0.0098738343390016,1.02778332013286,0.1601834530787158,54.36961303567551,56.420386940263995,-0.3203869643244843,1.7303869402639975,>7mo
SPY270917C00780000,2026-09-16 19:23:24+00:00,780.0,49.51,51.65,51.82,-6.4900017,-11.589289,4.0,394.0,0.2090304317474365,False,REGULAR,USD,call,2027-09-17,1.0027397260273974,754.0499877929688,51.735,0.0032859766115782,1.0344141802627496,0.15835072661139798,51.958267228373245,53.82054530354577,0.22326722837324553,2.0855453035457714,>7mo
SPY270917C00785000,2026-09-16 20:01:07+00:00,785.0,48.92,48.77,48.96,-1.8100014,-3.5679114,20.0,1370.0,0.2059863337707519,False,REGULAR,USD,call,2027-09-17,1.0027397260273974,754.0499877929688,48.865,0.0038882635833418,1.0410450403926388,0.15656666243083067,49.623625992898155,51.292621739623314,0.7586259928981534,2.427621739623312,>7mo
SPY270917C00790000,2026-09-16 19:23:23+00:00,790.0,43.87,45.96,46.15,-4.2400017,-8.81314,2.0,1873.0,0.2028888305664062,False,REGULAR,USD,call,2027-09-17,1.0027397260273974,754.0499877929688,46.055,0.0041255021170339,1.0476759005225282,0.15474072449224519,47.365112936097375,48.83694823460462,1.3101129360973758,2.78194823460462,>7mo
SPY270917C00795000,2026-09-16 19:23:24+00:00,795.0,41.23,43.23,43.41,-3.9799995,-8.803361,2.0,683.0,0.1998065859985351,False,REGULAR,USD,call,2027-09-17,1.0027397260273974,754.0499877929688,43.31999999999999,0.0041551246537396,1.0543067606524177,0.15291646986597995,45.182039346090846,46.45375935872073,1.862039346090853,3.133759358720738,>7mo
SPY270917C00800000,2026-09-16 19:58:12+00:00,800.0,40.76,40.59,40.77,-1.1400032,-2.7207713,44.0,1033.0,0.1968311518859863,False,REGULAR,USD,call,2027-09-17,1.0027397260273974,754.0499877929688,40.68000000000001,0.0044247787610619,1.0609376207823071,0.1511536713187241,43.07360952739373,44.1431907158198,2.3936095273937212,3.463190715819792,>7mo
SPY270917C00805000,2026-09-16 19:42:07+00:00,805.0,36.78,38.04,38.21,-3.3600006,-8.370705,12.0,1401.0,0.1938862350463867,False,REGULAR,USD,call,2027-09-17,1.0027397260273974,754.0499877929688,38.125,0.0044590163934426,1.0675684809121966,0.14941288237725622,41.038926452129886,41.905277760064905,2.9139264521298855,3.780277760064905,>7mo
SPY270917C00810000,2026-09-16 19:21:28+00:00,810.0,33.92,35.58,35.8,-3.6900024,-9.811227,15.0,1116.0,0.1912083443450928,False,REGULAR,USD,call,2027-09-17,1.0027397260273974,754.0499877929688,35.69,0.0061641916503221,1.074199341042086,0.14780517750725458,39.07699767594323,39.73995499151533,3.3869976759432348,4.049954991515335,>7mo
SPY270917C00815000,2026-09-16 19:26:34+00:00,815.0,31.36,33.2,33.43,-3.6100006,-10.323135,46.0,1824.0,0.1884160138702392,False,REGULAR,USD,call,2027-09-17,1.0027397260273974,754.0499877929688,33.315,0.0069037970883985,1.0808302011719757,0.14612576751698783,37.18674146801078,37.64705554016115,3.8717414680107822,4.33205554016115,>7mo
SPY270917C00820000,2026-09-16 19:53:28+00:00,820.0,30.8,30.94,31.13,-1.6199989,-4.9969125,20.0,3678.0,0.1856007954406738,False,REGULAR,USD,call,2027-09-17,1.0027397260273974,754.0499877929688,31.035,0.0061221201868857,1.0874610613018647,0.14448682609615524,35.36699310578996,35.626311145754414,4.331993105789959,4.591311145754414,>7mo
SPY270917C00825000,2026-09-16 19:39:37+00:00,825.0,28.88,28.81,28.95,-1.5300007,-5.031242,10.0,314.0,0.1829457926940917,False,REGULAR,USD,call,2027-09-17,1.0027397260273974,754.0499877929688,28.88,0.0048476454293629,1.0940919214317542,0.14298743353783133,33.61651128675521,33.67735253845416,4.7365112867552135,4.7973525384541595,>7mo
SPY270917C00830000,2026-09-16 19:25:24+00:00,830.0,25.32,26.74,26.89,-2.7600002,-9.829061,11.0,359.0,0.1804357469940185,False,REGULAR,USD,call,2027-09-17,1.0027397260273974,754.0499877929688,26.815,0.005593884020138,1.1007227815616436,0.1415076515183625,31.93398461133887,31.79971022289942,5.11898461133887,4.98471022289942,>7mo
SPY270917C00835000,2026-09-16 19:54:20+00:00,835.0,24.56,24.77,24.92,-1.1300011,-4.398603,9.0,414.0,0.1779791065216064,False,REGULAR,USD,call,2027-09-17,1.0027397260273974,754.0499877929688,24.845,0.0060374320788891,1.107353641691533,0.1400632566852064,30.31803809354932,29.992815665860178,5.47303809354932,5.147815665860179,>7mo
SPY270917C00840000,2026-09-16 19:31:55+00:00,840.0,22.07,22.92,23.08,-1.8299999,-7.6569037,2.0,1720.0,0.1757208283233642,False,REGULAR,USD,call,2027-09-17,1.0027397260273974,754.0499877929688,23.0,0.0069565217391302,1.1139845018214225,0.1387612501262032,28.767239658240385,28.256002885104294,5.767239658240385,5.256002885104294,>7mo
SPY270917C00845000,2026-09-16 19:34:54+00:00,845.0,20.58,21.17,21.36,-1.3799992,-6.284149,45.0,1238.0,0.1736227658081054,False,REGULAR,USD,call,2027-09-17,1.0027397260273974,754.0499877929688,21.265,0.0089348695038795,1.120615361951312,0.13755426243858174,27.280106586704477,26.588510434576165,6.015106586704476,5.323510434576164,>7mo
SPY270917C00850000,2026-09-16 19:35:17+00:00,850.0,19.0,19.56,19.72,-1.8199997,-8.741593,46.0,1947.0,0.1715552205657959,False,REGULAR,USD,call,2027-09-17,1.0027397260273974,754.0499877929688,19.64,0.0081466395112016,1.1272462220812014,0.13644905933173512,25.855111875120173,24.989483778434533,6.215111875120172,5.349483778434532,>7mo
SPY270917C00855000,2026-09-16 19:34:54+00:00,855.0,17.47,18.02,18.17,-1.7000008,-8.868027,12.0,1579.0,0.1695410805511475,False,REGULAR,USD,call,2027-09-17,1.0027397260273974,754.0499877929688,18.095,0.0082895827576679,1.1338770822110908,0.13534053038476168,24.490690473346916,23.457978043943456,6.395690473346917,5.362978043943457,>7mo
SPY270917C00860000,2026-09-16 19:34:54+00:00,860.0,16.15,16.59,16.74,-1.1499996,-6.647397,3.0,1703.0,0.1677329321289062,False,REGULAR,USD,call,2027-09-17,1.0027397260273974,754.0499877929688,16.665,0.0090009000900089,1.14050794234098,0.13436862882438416,23.18524537459905,21.992961140697048,6.52024537459905,5.327961140697049,>7mo
SPY270917C00865000,2026-09-16 20:00:32+00:00,865.0,15.33,15.25,15.37,-0.8999996,-5.5452843,21.0,2029.0,0.1658637491607666,False,REGULAR,USD,call,2027-09-17,1.0027397260273974,754.0499877929688,15.31,0.0078380143696929,1.1471388024708695,0.13338818834183241,21.937153529598902,20.59331723118831,6.6271535295989015,5.283317231188308,>7mo
SPY270917C00870000,2026-09-16 18:22:24+00:00,870.0,15.45,14.03,14.11,0.84000015,5.749488,10.0,2343.0,0.1641776698303222,False,REGULAR,USD,call,2027-09-17,1.0027397260273974,754.0499877929688,14.07,0.005685856432125,1.153769662600759,0.13257030991353935,20.744771561876718,19.257850535338918,6.674771561876717,5.187850535338917,>7mo
SPY270917C00875000,2026-09-16 19:34:54+00:00,875.0,12.48,12.87,12.95,-0.94000053,-7.004475,5.0,2219.0,0.162644176864624,False,REGULAR,USD,call,2027-09-17,1.0027397260273974,754.0499877929688,12.91,0.0061967467079783,1.1604005227306484,0.13178757677443576,19.60644126392401,17.985289449318913,6.696441263924012,5.0752894493189125,>7mo
SPY270917C00880000,2026-09-16 19:50:48+00:00,880.0,11.7,11.81,11.88,-0.89000034,-7.0691047,13.0,4408.0,0.1612327529907226,False,REGULAR,USD,call,2027-09-17,1.0027397260273974,754.0499877929688,11.845,0.0059096665259603,1.167031382860538,0.1311186836568069,18.520494856877264,16.774290956811342,6.675494856877263,4.929290956811341,>7mo
SPY270917C00885000,2026-09-16 19:34:54+00:00,885.0,10.46,10.81,10.88,-0.8299999,-7.351638,5.0,1590.0,0.1598671050262451,False,REGULAR,USD,call,2027-09-17,1.0027397260273974,754.0499877929688,10.845,0.0064545873674504,1.173662242990427,0.13044701060678598,17.48525999930021,15.623445308857498,6.640259999300211,4.778445308857497,>7mo
SPY270917C00890000,2026-09-16 19:34:54+00:00,890.0,9.58,9.89,9.96,-1.0,-9.451796,7.0,979.0,0.1586082675170898,False,REGULAR,USD,call,2027-09-17,1.0027397260273974,754.0499877929688,9.925,0.0070528967254408,1.1802931031203168,0.12985466959737355,16.499064533418306,14.531280946553807,6.574064533418305,4.606280946553806,>7mo
SPY270917C00895000,2026-09-16 19:47:10+00:00,895.0,8.8,9.04,9.11,-0.8800001,-9.09091,31.0,639.0,0.1574333525085449,False,REGULAR,USD,call,2027-09-17,1.0027397260273974,754.0499877929688,9.075,0.0077134986225895,1.186923963250206,0.1293127185768695,15.56024095981084,13.496269639194054,6.485240959810842,4.421269639194055,>7mo
SPY270917C00900000,2026-09-16 20:07:53+00:00,900.0,8.29,8.25,8.33,-0.71000004,-7.888889,85.0,3100.0,0.1563499893188477,False,REGULAR,USD,call,2027-09-17,1.0027397260273974,754.0499877929688,8.29,0.0096501809408926,1.1935548233800954,0.12881374715736463,14.667130634088892,12.516831808967538,6.377130634088893,4.226831808967539,>7mo
SPY270917C00905000,2026-09-15 16:28:58+00:00,905.0,8.14,7.54,7.6,0.0,0.0,5.0,301.0,0.155281884765625,False,REGULAR,USD,call,2027-09-17,1.0027397260273974,754.0499877929688,7.57,0.0079260237780712,1.200185683509985,0.12837669645110497,13.818087681451999,11.591342012048813,6.248087681451999,4.021342012048812,>7mo
SPY270917C00910000,2026-09-15 15:46:13+00:00,910.0,7.39,6.87,6.93,0.0,0.0,3.0,208.0,0.1542748147583008,False,REGULAR,USD,call,2027-09-17,1.0027397260273974,754.0499877929688,6.9,0.0086956521739129,1.2068165436398743,0.12793783192583422,13.011482627219806,10.718134544869145,6.1114826272198055,3.818134544869144,>7mo
SPY270917C00915000,2026-09-16 18:36:49+00:00,915.0,6.53,6.26,6.32,-0.1699996,-2.5373075,1.0,592.0,0.1533745552062988,False,REGULAR,USD,call,2027-09-17,1.0027397260273974,754.0499877929688,6.29,0.0095389507154213,1.2134474037697638,0.12757181555469774,12.245705743473252,9.895509143545155,5.955705743473252,3.605509143545155,>7mo
SPY270917C00920000,2026-09-15 16:15:42+00:00,920.0,6.11,5.7,5.75,0.0,0.0,6.0,169.0,0.1524590370178223,False,REGULAR,USD,call,2027-09-17,1.0027397260273974,754.0499877929688,5.725,0.0087336244541484,1.2200782638996532,0.12720953732569473,11.519170113808201,9.121736743874322,5.794170113808201,3.396736743874323,>7mo
SPY270917C00925000,2026-09-16 19:57:22+00:00,925.0,5.2,5.18,5.24,-0.39000034,-6.9767504,9.0,553.0,0.1516961051940918,False,REGULAR,USD,call,2027-09-17,1.0027397260273974,754.0499877929688,5.21,0.0115163147792707,1.226709124029543,0.12690083258164048,10.830314419892218,8.395065269001208,5.620314419892218,3.185065269001208,>7mo
SPY270917C00930000,2026-09-16 19:30:57+00:00,930.0,4.46,4.71,4.76,-0.52,-10.441767,13.0,1114.0,0.1508873974609375,False,REGULAR,USD,call,2027-09-17,1.0027397260273974,754.0499877929688,4.734999999999999,0.010559662090813,1.233339984159432,0.12659984538984967,10.177605455041515,7.713725411812632,5.442605455041516,2.9787254118126327,>7mo
SPY270917C00935000,2026-09-16 19:44:45+00:00,935.0,4.05,4.28,4.33,-0.48999977,-10.792947,3.0,156.0,0.1502007588195801,False,REGULAR,USD,call,2027-09-17,1.0027397260273974,754.0499877929688,4.305,0.0116144018583042,1.2399708442893214,0.12636216976802783,9.559540371378489,7.075936379336639,5.254540371378489,2.7709363793366393,>7mo
SPY270917C00940000,2026-09-16 19:41:34+00:00,940.0,3.77,3.88,3.94,-0.42999983,-10.238092,12.0,2403.0,0.149575154724121,False,REGULAR,USD,call,2027-09-17,1.0027397260273974,754.0499877929688,3.91,0.0153452685421995,1.2466017044192108,0.1261365077364269,8.974648668315794,6.479911566918588,5.064648668315794,2.569911566918588,>7mo
SPY270917C00945000,2026-09-16 20:12:30+00:00,945.0,3.51,3.53,3.58,-0.30999994,-8.115182,3.0,1135.0,0.1489800679016113,False,REGULAR,USD,call,2027-09-17,1.0027397260273974,754.0499877929688,3.5549999999999997,0.0140646976090014,1.2532325645491005,0.12598473183495207,8.421493931131081,5.923864130695321,4.866493931131082,2.3688641306953215,>7mo
SPY270917C00950000,2026-09-16 19:05:47+00:00,950.0,3.15,3.22,3.23,-0.3499999,-9.999998,3.0,2012.0,0.1482018774414062,False,REGULAR,USD,call,2027-09-17,1.0027397260273974,754.0499877929688,3.225,0.0031007751937983,1.2598634246789897,0.12580344639277524,7.89867532926354,5.406012427902468,4.67367532926354,2.1810124279024676,>7mo
SPY270917C00955000,2026-09-16 19:30:17+00:00,955.0,2.69,2.92,2.94,-0.40999985,-13.225801,3.0,1056.0,0.1477593769836426,False,REGULAR,USD,call,2027-09-17,1.0027397260273974,754.0499877929688,2.9299999999999997,0.0068259385665529,1.2664942848088792,0.12570036223488265,7.404828884671218,4.9245852958131735,4.4748288846712185,1.9945852958131738,>7mo
SPY270917C00960000,2026-09-16 19:41:48+00:00,960.0,2.54,2.65,2.67,-0.36000013,-12.413798,20.0,1017.0,0.1473016178894043,False,REGULAR,USD,call,2027-09-17,1.0027397260273974,754.0499877929688,2.66,0.0075187969924812,1.2731251449387686,0.12560702350587416,6.938628521175048,4.477827141606113,4.278628521175047,1.817827141606113,>7mo
SPY270917C00965000,2026-09-15 15:28:00+00:00,965.0,2.63,2.41,2.43,0.0,0.0,7.0,2327.0,0.1469506692504882,False,REGULAR,USD,call,2027-09-17,1.0027397260273974,754.0499877929688,2.42,0.0082644628099173,1.279756005068658,0.12559760388049496,6.498786906142982,4.064002817177325,4.078786906142982,1.6440028171773253,>7mo
SPY270917C00970000,2026-09-16 20:10:40+00:00,970.0,2.2,2.19,2.2,-0.089999914,-3.9301274,288.0,2186.0,0.1464623928833007,False,REGULAR,USD,call,2027-09-17,1.0027397260273974,754.0499877929688,2.1950000000000003,0.0045558086560365,1.2863868651985475,0.12553319499972682,6.084056096200214,3.6814022548463186,3.889056096200214,1.4864022548463183,>7mo
SPY270917C00975000,2026-09-15 17:12:07+00:00,975.0,2.2,1.99,2.01,0.09000015,4.2654104,1.0,2204.0,0.14629454788208,False,REGULAR,USD,call,2027-09-17,1.0027397260273974,754.0499877929688,2.0,0.0099999999999998,1.2930177253284367,0.1256057069477865,5.6932279988474335,3.3283448420172306,3.6932279988474335,1.3283448420172306,>7mo
SPY270917C00980000,2026-09-15 18:24:55+00:00,980.0,1.9,1.81,1.82,0.0,0.0,11.0,3274.0,0.1459130819702148,False,REGULAR,USD,call,2027-09-17,1.0027397260273974,754.0499877929688,1.815,0.0055096418732782,1.2996485854583262,0.12559723324811228,5.325134661972214,3.003183515143533,3.5101346619722142,1.1881835151435332,>7mo
SPY260923P00625000,2026-09-16 13:36:12+00:00,625.0,0.06,0.05,0.06,-0.040000003,-40.000004,15.0,53.0,0.50586431640625,False,REGULAR,USD,put,2026-09-23,0.0191780821917808,754.0499877929688,0.055,0.1818181818181817,0.8288575162361774,0.5084595775868033,9.838471209029185e-18,-0.526418773549608,-0.05499999999999999,-0.581418773549608,<1mo
SPY260923P00630000,2026-09-16 17:47:16+00:00,630.0,0.05,0.06,0.07,-0.05,-50.0,3.0,131.0,0.500005,False,REGULAR,USD,put,2026-09-23,0.0191780821917808,754.0499877929688,0.065,0.1538461538461539,0.8354883763660669,0.49760584392281826,2.2207946926491175e-16,-0.8424102831876326,-0.06499999999999978,-0.9074102831876325,<1mo
SPY260923P00640000,2026-09-16 13:34:14+00:00,640.0,0.07,0.07,0.08,-0.12,-63.157894,25.0,10.0,0.46680220703125,False,REGULAR,USD,put,2026-09-23,0.0191780821917808,754.0499877929688,0.075,0.1333333333333332,0.8487500966258457,0.46550774076848705,7.230936324070243e-14,-0.07647608166735154,-0.0749999999999277,-0.15147608166735155,<1mo
SPY260923P00650000,2026-09-16 19:58:43+00:00,650.0,0.1,0.09,0.1,-0.04,-28.571428,5.0,508.0,0.438482177734375,False,REGULAR,USD,put,2026-09-23,0.0191780821917808,754.0499877929688,0.095,0.1052631578947369,0.8620118168856246,0.4377100230982968,1.327105402110303e-11,0.8534806890068012,-0.09499999998672895,0.7584806890068012,<1mo
SPY260923P00660000,2026-09-16 20:14:43+00:00,660.0,0.12,0.11,0.12,-0.050000004,-29.411768,21.0,33.0,0.4067442138671875,False,REGULAR,USD,put,2026-09-23,0.0191780821917808,754.0499877929688,0.1149999999999999,0.0869565217391304,0.8752735371454033,0.406926709160069,1.4113535259012058e-09,0.1263827483383011,-0.11499999858864637,0.011382748338301205,<1mo
SPY260923P00665000,2026-09-16 20:14:43+00:00,665.0,0.13,0.12,0.13,-0.040000007,-23.529415,16.0,668.0,0.3901428173828125,False,REGULAR,USD,put,2026-09-23,0.0191780821917808,754.0499877929688,0.125,0.08,0.8819043972752928,0.3906573150124362,1.196133716184628e-08,-0.4941590527542985,-0.12499998803866284,-0.6191590527542985,<1mo
SPY260923P00670000,2026-09-16 19:26:24+00:00,670.0,0.21,0.13,0.14,0.03999999,23.529406,109.0,39.0,0.37305314453125,False,REGULAR,USD,put,2026-09-23,0.0191780821917808,754.0499877929688,0.135,0.0740740740740741,0.8885352574051822,0.373885876228428,8.933441065520564e-08,-0.8430835442278521,-0.13499991066558936,-0.9780835442278522,<1mo
SPY260923P00675000,2026-09-16 20:11:48+00:00,675.0,0.15,0.14,0.15,-0.059999987,-28.571423,355.0,267.0,0.3559634716796874,False,REGULAR,USD,put,2026-09-23,0.0191780821917808,754.0499877929688,0.145,0.0689655172413791,0.8951661175350717,0.3566561541808075,5.898883528758568e-07,-0.7354711342605924,-0.1449994101116471,-0.8804711342605924,<1mo
SPY260923P00680000,2026-09-16 20:13:59+00:00,680.0,0.17,0.16,0.17,-0.030000001,-15.0,17.0,14.0,0.340826904296875,False,REGULAR,USD,put,2026-09-23,0.0191780821917808,754.0499877929688,0.165,0.0606060606060606,0.901796977664961,0.34191316417252016,3.454961724831131e-06,-0.2324040042061597,-0.16499654503827518,-0.39740400420615973,<1mo
SPY260923P00690000,2026-09-16 19:52:07+00:00,690.0,0.21,0.2,0.21,-0.07000001,-25.000004,1267.0,509.0,0.3081123876953124,False,REGULAR,USD,put,2026-09-23,0.0191780821917808,754.0499877929688,0.205,0.0487804878048779,0.91505869792474,0.30954971788245117,8.379132775404585e-05,0.8420658644751029,-0.20491620867224594,0.6370658644751029,<1mo
SPY260923P00695000,2026-09-16 19:56:35+00:00,695.0,0.24,0.23,0.24,-0.040000007,-14.285716,40.0,39.0,0.2924875439453124,False,REGULAR,USD,put,2026-09-23,0.0191780821917808,754.0499877929688,0.235,0.0425531914893616,0.9216895580546292,0.29411236126503926,0.0003492382214167339,0.8768828152791457,-0.23465076177858324,0.6418828152791457,<1mo
SPY260923P00700000,2026-09-16 20:08:14+00:00,700.0,0.27,0.27,0.28,-0.09,-24.999998,230.0,52.0,0.2773509765624999,False,REGULAR,USD,put,2026-09-23,0.0191780821917808,754.0499877929688,0.275,0.0363636363636363,0.9283204181845188,0.2791718680654285,0.0013081645204787717,0.5070297517552262,-0.27369183547952125,0.23202975175522622,<1mo
SPY260923P00705000,2026-09-16 19:32:13+00:00,705.0,0.42,0.33,0.34,-0.02000001,-4.545457,56.0,33.0,0.2634351000976562,False,REGULAR,USD,put,2026-09-23,0.0191780821917808,754.0499877929688,0.335,0.0298507462686567,0.9349512783144082,0.2655695367707397,0.0044187146191805304,-0.05804678035224242,-0.3305812853808195,-0.39304678035224244,<1mo
SPY260923P00710000,2026-09-16 20:04:41+00:00,710.0,0.41,0.4,0.41,-0.08000001,-16.326532,499.0,1110.0,0.2487868090820312,False,REGULAR,USD,put,2026-09-23,0.0191780821917808,754.0499877929688,0.405,0.0246913580246912,0.9415821384442976,0.2510552945579478,0.013506323160305644,-0.5088096466828347,-0.3914936768396944,-0.9138096466828347,<1mo
SPY260923P00715000,2026-09-16 20:02:07+00:00,715.0,0.52,0.51,0.52,-0.13,-20.0,611.0,617.0,0.2357254162597656,False,REGULAR,USD,put,2026-09-23,0.0191780821917808,754.0499877929688,0.515,0.0194174757281553,0.948212998574187,0.23830301797034936,0.03749314389299219,-0.5860356768656629,-0.4775068561070078,-1.101035676865663,<1mo
SPY260923P00718000,2026-09-16 19:49:24+00:00,718.0,0.63,0.6,0.61,-0.110000014,-14.864867,218.0,125.0,0.2284012707519531,False,REGULAR,USD,put,2026-09-23,0.0191780821917808,754.0499877929688,0.605,0.0165289256198347,0.9521915146521206,0.23118372642614238,0.06616055634657769,-0.4064256935445201,-0.5388394436534223,-1.01142569354452,<1mo
SPY260923P00719000,2026-09-16 19:45:41+00:00,719.0,0.74,0.63,0.64,-0.00999999,-1.3333321,279.0,314.0,0.2257157507324218,False,REGULAR,USD,put,2026-09-23,0.0191780821917808,754.0499877929688,0.635,0.015748031496063,0.9535176866780986,0.22849571432180998,0.07937097447297425,-0.31047320071104423,-0.5556290255270258,-0.9454732007110442,<1mo
SPY260923P00720000,2026-09-16 20:00:59+00:00,720.0,0.67,0.67,0.68,-0.13999999,-17.283949,1011.0,377.0,0.2236405761718749,False,REGULAR,USD,put,2026-09-23,0.0191780821917808,754.0499877929688,0.675,0.0148148148148148,0.9548438587040764,0.22642477737270317,0.09487910073701222,-0.19824493273404187,-0.5801208992629878,-0.8732449327340419,<1mo
SPY260923P00721000,2026-09-16 20:08:09+00:00,721.0,0.71,0.71,0.72,-0.14000005,-16.470592,162.0,573.0,0.2211991943359375,False,REGULAR,USD,put,2026-09-23,0.0191780821917808,754.0499877929688,0.715,0.013986013986014,0.9561700307300544,0.2241544077042456,0.11301592285866136,-0.07120486364829048,-0.6019840771413386,-0.7862048636482905,<1mo
SPY260923P00722000,2026-09-16 19:59:17+00:00,722.0,0.73,0.75,0.76,-0.15999997,-17.977524,193.0,648.0,0.2187578124999999,False,REGULAR,USD,put,2026-09-23,0.0191780821917808,754.0499877929688,0.755,0.0132450331125827,0.9574962027560322,0.22169673465825143,0.13414763946196473,0.06896075935901536,-0.6208523605380353,-0.6860392406409846,<1mo
SPY260923P00723000,2026-09-16 19:55:02+00:00,723.0,0.82,0.8,0.81,-0.110000014,-11.827959,136.0,50.0,0.2166826379394531,False,REGULAR,USD,put,2026-09-23,0.0191780821917808,754.0499877929688,0.805,0.0124223602484472,0.95882237478201,0.21972700164390488,0.15867737500233403,0.22038358734880603,-0.646322624997666,-0.584616412651194,<1mo
SPY260923P00724000,2026-09-16 19:42:30+00:00,724.0,0.87,0.85,0.86,-0.100000024,-10.30928,250.0,308.0,0.2144853942871093,False,REGULAR,USD,put,2026-09-23,0.0191780821917808,754.0499877929688,0.855,0.0116959064327485,0.960148546807988,0.21753381229696783,0.18704666197278996,0.3810569882158461,-0.66795333802721,-0.4739430117841539,<1mo
SPY260923P00725000,2026-09-16 20:14:32+00:00,725.0,0.89,0.9,0.92,-0.13,-12.745098,1628.0,1605.0,0.2125322888183593,False,REGULAR,USD,put,2026-09-23,0.0191780821917808,754.0499877929688,0.91,0.0219780219780219,0.9614747188339658,0.2154341619551503,0.21973663700271828,0.5488826344846984,-0.6902633629972817,-0.3611173655153016,<1mo
SPY260923P00726000,2026-09-16 19:37:13+00:00,726.0,1.25,0.96,0.98,0.31,32.97872,185.0,66.0,0.2104571142578125,False,REGULAR,USD,put,2026-09-23,0.0191780821917808,754.0499877929688,0.97,0.0206185567010309,0.9628008908599436,0.21340086795301957,0.2572688968706238,0.7217189385855818,-0.7127311031293762,-0.2482810614144182,<1mo
SPY260923P00727000,2026-09-16 20:03:47+00:00,727.0,0.97,1.02,1.04,-0.17999995,-15.652169,310.0,89.0,0.2081378015136718,False,REGULAR,USD,put,2026-09-23,0.0191780821917808,754.0499877929688,1.03,0.0194174757281553,0.9641270628859216,0.2111326624806986,0.30020596110864517,0.8974303882582717,-0.7297940388913549,-0.13256961174172832,<1mo
SPY260923P00728000,2026-09-16 20:00:10+00:00,728.0,1.11,1.09,1.11,-0.100000024,-8.264464,577.0,134.0,0.2060626269531249,False,REGULAR,USD,put,2026-09-23,0.0191780821917808,754.0499877929688,1.1,0.0181818181818181,0.9654532349118996,0.2091734827428922,0.3491512899014211,1.0739368273549417,-0.750848710098579,-0.02606317264505842,<1mo
SPY260923P00729000,2026-09-16 19:41:49+00:00,729.0,1.43,1.16,1.18,0.15999997,12.598422,651.0,69.0,0.2037433142089843,False,REGULAR,USD,put,2026-09-23,0.0191780821917808,754.0499877929688,1.17,0.0170940170940171,0.9667794069378772,0.20696062934375456,0.4047488094645644,1.2492617380221418,-0.7652511905354356,0.07926173802214187,<1mo
SPY260923P00730000,2026-09-16 20:14:52+00:00,730.0,1.25,1.24,1.26,0.03999996,3.3057818,798.0,933.0,0.2016681396484375,False,REGULAR,USD,put,2026-09-23,0.0191780821917808,754.0499877929688,1.25,0.016,0.9681055789638552,0.2049943657737755,0.467681902076734,1.4215786084835145,-0.782318097923266,0.17157860848351447,<1mo
SPY260923P00731000,2026-09-16 20:13:20+00:00,731.0,1.33,1.32,1.34,-0.07999992,-5.6737537,145.0,214.0,0.1993488269042968,False,REGULAR,USD,put,2026-09-23,0.0191780821917808,754.0499877929688,1.33,0.0150375939849624,0.9694317509898333,0.20276158367327674,0.5386718244474977,1.589254515567518,-0.7913281755525023,0.2592545155675179,<1mo
SPY260923P00732000,2026-09-16 20:08:39+00:00,732.0,1.44,1.42,1.43,-0.029999971,-2.0408144,238.0,498.0,0.19727365234375,False,REGULAR,USD,put,2026-09-23,0.0191780821917808,754.0499877929688,1.4249999999999998,0.0070175438596491,0.970757923015811,0.20094556442988512,0.6184755260822712,1.7508901116131028,-0.8065244739177286,0.325890111613103,<1mo
SPY260923P00733000,2026-09-16 20:08:41+00:00,733.0,1.54,1.52,1.53,0.099999905,6.9444375,682.0,133.0,0.1952595123291015,False,REGULAR,USD,put,2026-09-23,0.0191780821917808,754.0499877929688,1.525,0.0065573770491803,0.9720840950417888,0.19904966326479806,0.7078828486761779,1.9053552799938416,-0.817117151323822,0.38035527999384167,<1mo
SPY260923P00734000,2026-09-16 20:03:48+00:00,734.0,1.53,1.63,1.64,-0.110000014,-6.7073183,197.0,187.0,0.19336744140625,False,REGULAR,USD,put,2026-09-23,0.0191780821917808,754.0499877929688,1.6349999999999998,0.0061162079510703,0.9734102670677668,0.1972686326312097,0.8077130981766203,2.0518198106466343,-0.8272869018233795,0.41681981064663454,<1mo
SPY260923P00735000,2026-09-16 20:09:45+00:00,735.0,1.7,1.74,1.75,0.09000003,5.5900645,439.0,211.0,0.1911701977539062,False,REGULAR,USD,put,2026-09-23,0.0191780821917808,754.0499877929688,1.745,0.0057306590257879,0.9747364390937446,0.19517647069602825,0.9188109928195729,2.1897785447838487,-0.8261890071804272,0.4447785447838486,<1mo
SPY260923P00736000,2026-09-16 20:14:42+00:00,736.0,1.83,1.87,1.88,0.0200001,1.104978,248.0,185.0,0.18946123046875,False,REGULAR,USD,put,2026-09-23,0.0191780821917808,754.0499877929688,1.875,0.0053333333333332,0.9760626111197226,0.193543623854303,1.042042002914613,2.319070544470719,-0.8329579970853871,0.44407054447071914,<1mo
SPY260923P00737000,2026-09-16 20:12:12+00:00,737.0,1.98,2.0,2.01,-0.059999943,-2.9411738,258.0,204.0,0.1873860559082031,False,REGULAR,USD,put,2026-09-23,0.0191780821917808,754.0499877929688,2.005,0.0049875311720697,0.9773887831457004,0.19157208030309755,1.1782871111578146,2.43989195582958,-0.8267128888421853,0.4348919558295803,<1mo
SPY260923P00738000,2026-09-16 20:13:56+00:00,738.0,2.14,2.14,2.16,0.11000013,5.418726,193.0,80.0,0.1856770886230468,False,REGULAR,USD,put,2026-09-23,0.0191780821917808,754.0499877929688,2.1500000000000004,0.0093023255813953,0.9787149551716784,0.18980206971647023,1.3284370354635797,2.5528023521159184,-0.8215629645364206,0.4028023521159181,<1mo
SPY260923P00739000,2026-09-16 20:14:30+00:00,739.0,2.28,2.3,2.31,0.089999914,4.109585,315.0,106.0,0.1836019140624999,False,REGULAR,USD,put,2026-09-23,0.0191780821917808,754.0499877929688,2.3049999999999997,0.0043383947939263,0.9800411271976562,0.1880225277666755,1.493385969379645,2.6587244625995936,-0.8116140306203548,0.3537244625995939,<1mo
SPY260923P00740000,2026-09-16 20:14:30+00:00,740.0,2.46,2.47,2.48,0.36000013,17.142866,1077.0,197.0,0.1818319122314453,False,REGULAR,USD,put,2026-09-23,0.0191780821917808,754.0499877929688,2.475,0.0040404040404039,0.981367299223634,0.1863751550908878,1.6740249077363671,2.7589373128515717,-0.800975092263633,0.28393731285157164,<1mo
SPY260923P00741000,2026-09-16 20:04:37+00:00,741.0,2.56,2.65,2.66,0.31999993,14.285711,324.0,216.0,0.1800008758544922,False,REGULAR,USD,put,2026-09-23,0.0191780821917808,754.0499877929688,2.655,0.0037664783427496,0.982693471249612,0.1846682862943686,1.871234636894485,2.855062919549596,-0.7837653631055148,0.20006291954959599,<1mo
SPY260923P00742000,2026-09-16 20:08:52+00:00,742.0,2.81,2.83,2.86,0.31999993,12.851402,147.0,180.0,0.1783529431152344,False,REGULAR,USD,put,2026-09-23,0.0191780821917808,754.0499877929688,2.845,0.0105448154657292,0.98401964327559,0.18288603129816594,2.0858784794593817,2.9490467961885543,-0.7591215205406185,0.10404679618855406,<1mo
SPY260923P00743000,2026-09-16 20:04:50+00:00,743.0,3.01,3.04,3.06,0.18000007,6.360427,359.0,84.0,0.1763388031005859,False,REGULAR,USD,put,2026-09-23,0.0191780821917808,754.0499877929688,3.05,0.0065573770491803,0.9853458153015676,0.1811603620789808,2.318794892266169,3.043132633176583,-0.7312051077338309,-0.0068673668234167096,<1mo
SPY260923P00744000,2026-09-16 20:07:55+00:00,744.0,3.26,3.26,3.29,0.26999998,9.0301,293.0,100.0,0.1747519049072265,False,REGULAR,USD,put,2026-09-23,0.0191780821917808,754.0499877929688,3.275,0.0091603053435115,0.9866719873275456,0.17960680514613586,2.5707900235221075,3.1398316149052334,-0.7042099764778924,-0.13516838509476647,<1mo
SPY260923P00745000,2026-09-16 20:14:32+00:00,745.0,3.41,3.49,3.53,0.42000008,14.046825,589.0,406.0,0.1730429376220703,False,REGULAR,USD,put,2026-09-23,0.0191780821917808,754.0499877929688,3.51,0.0113960113960112,0.9879981593535236,0.17791187787410168,2.8426303399427866,3.241886925902122,-0.6673696600572132,-0.26811307409787766,<1mo
SPY260923P00746000,2026-09-16 20:08:52+00:00,746.0,3.72,3.75,3.78,0.6400001,20.779224,335.0,97.0,0.1711203494262695,False,REGULAR,USD,put,2026-09-23,0.0191780821917808,754.0499877929688,3.765,0.0079681274900397,0.9893243313795014,0.17633524607903356,3.1350354373473124,3.3522340766909338,-0.6299645626526877,-0.41276592330906636,<1mo
SPY260923P00747000,2026-09-16 20:04:43+00:00,747.0,3.93,4.02,4.06,0.52,15.249267,157.0,48.0,0.1695639685058594,False,REGULAR,USD,put,2026-09-23,0.0191780821917808,754.0499877929688,4.039999999999999,0.0099009900990099,0.9906505034054792,0.17484681864369944,3.4486711483276906,3.4739577463120668,-0.5913288516723085,-0.5660422536879324,<1mo
SPY260923P00748000,2026-09-16 20:03:21+00:00,748.0,4.18,4.32,4.35,0.52999973,14.52054,309.0,98.0,0.1677939666748047,False,REGULAR,USD,put,2026-09-23,0.0191780821917808,754.0499877929688,4.335,0.0069204152249133,0.9919766754314572,0.17341994090737323,3.7841430582202804,3.610245891651971,-0.5508569417797196,-0.7247541083480291,<1mo
SPY260923P00749000,2026-09-16 20:08:57+00:00,749.0,4.62,4.63,4.67,0.4000001,9.478675,260.0,154.0,0.1662681030273438,False,REGULAR,USD,put,2026-09-23,0.0191780821917808,754.0499877929688,4.65,0.0086021505376344,0.993302847457435,0.17203094108753442,4.141990535674438,3.7643419131256906,-0.5080094643255624,-0.8856580868743098,<1mo
SPY260923P00750000,2026-09-16 20:14:38+00:00,750.0,4.9,4.97,5.01,0.8000002,19.5122,1603.0,1968.0,0.164772756652832,False,REGULAR,USD,put,2026-09-23,0.0191780821917808,754.0499877929688,4.99,0.0080160320641282,0.994629019483413,0.17078334982845117,4.522681376719845,3.9394956913695296,-0.46731862328015517,-1.0505043086304706,<1mo
SPY260923P00751000,2026-09-16 20:07:06+00:00,751.0,5.29,5.33,5.37,0.5500002,11.60338,268.0,224.0,0.1632468930053711,False,REGULAR,USD,put,2026-09-23,0.0191780821917808,754.0499877929688,5.35,0.0074766355140186,0.9959551915093908,0.16953003089035776,4.926607151523456,4.138914320326194,-0.4233928484765439,-1.2110856796738059,<1mo
SPY260923P00752000,2026-09-16 20:14:30+00:00,752.0,5.69,5.72,5.76,0.77,15.650406,313.0,63.0,0.1619346502685547,False,REGULAR,USD,put,2026-09-23,0.0191780821917808,754.0499877929688,5.74,0.0069686411149825,0.9972813635353688,0.16849803016418677,5.354079331234516,4.365713358456901,-0.38592066876548436,-1.3742866415430992,<1mo
SPY260923P00753000,2026-09-16 20:08:12+00:00,753.0,6.1,6.13,6.18,0.5799999,10.507245,429.0,92.0,0.1607749938964844,False,REGULAR,USD,put,2026-09-23,0.0191780821917808,754.0499877929688,6.154999999999999,0.0081234768480909,0.9986075355613466,0.1675459450093782,5.805326258709954,4.6228694021770025,-0.34967374129004547,-1.5321305978229969,<1mo
SPY260923P00754000,2026-09-16 20:06:43+00:00,754.0,6.53,6.56,6.62,1.2800002,24.380955,724.0,321.0,0.1595543029785156,False,REGULAR,USD,put,2026-09-23,0.0191780821917808,754.0499877929688,6.59,0.0091047040971169,0.9999337075873244,0.16654010171608788,6.280491011842855,4.91317475450785,-0.30950898815714467,-1.6768252454921502,<1mo
SPY260930P00540000,2026-09-16 19:57:42+00:00,540.0,0.06,0.05,0.06,-0.02,-25.0,6.0,1860.0,0.6054726953125001,False,REGULAR,USD,put,2026-09-30,0.0383561643835616,754.0499877929688,0.055,0.1818181818181817,0.7161328940280574,0.6088421926740583,4.2819771777657295e-27,0.4059425288002103,-0.055,0.3509425288002103,<1mo
SPY260930P00545000,2026-09-16 18:18:31+00:00,545.0,0.04,0.05,0.06,-0.04,-50.0,2.0,784.0,0.5898478515625001,False,REGULAR,USD,put,2026-09-30,0.0383561643835616,754.0499877929688,0.055,0.1818181818181817,0.7227637541579467,0.5934338904720102,1.0516347975879216e-25,0.5370214527283679,-0.055,0.4820214527283679,<1mo
SPY260930P00550000,2026-09-16 13:30:01+00:00,550.0,0.05,0.06,0.07,-0.040000003,-44.444447,4.0,1354.0,0.5839885351562499,False,REGULAR,USD,put,2026-09-30,0.0383561643835616,754.0499877929688,0.065,0.1538461538461539,0.7293946142878361,0.5876171973993971,2.3043229640608422e-24,0.24615737277247263,-0.065,0.18115737277247262,<1mo
SPY260930P00555000,2026-09-10 13:51:15+00:00,555.0,0.12,0.06,0.07,0.0,0.0,1.0,1078.0,0.569340244140625,False,REGULAR,USD,put,2026-09-30,0.0383561643835616,754.0499877929688,0.065,0.1538461538461539,0.7360254744177256,0.5722286855958106,4.5179529203793116e-23,-0.2355167497249795,-0.065,-0.3005167497249795,<1mo
SPY260930P00560000,2026-09-16 18:44:47+00:00,560.0,0.06,0.07,0.08,-0.040000003,-40.000004,14.0,1279.0,0.5625043750000001,False,REGULAR,USD,put,2026-09-30,0.0383561643835616,754.0499877929688,0.075,0.1333333333333332,0.742656334547615,0.5650120382207364,7.948478442807273e-22,-0.5389890182322006,-0.075,-0.6139890182322005,<1mo
SPY260930P00565000,2026-09-16 18:44:46+00:00,565.0,0.06,0.07,0.08,-0.040000003,-40.000004,19.0,516.0,0.5468795312500001,False,REGULAR,USD,put,2026-09-30,0.0383561643835616,754.0499877929688,0.075,0.1333333333333332,0.7492871946775044,0.5496599200247348,1.2582233894680502e-20,-0.43995824010528395,-0.075,-0.5149582401052839,<1mo
SPY260930P00570000,2026-09-16 19:31:58+00:00,570.0,0.09,0.08,0.09,-0.019999996,-18.181814,17.0,1831.0,0.5380905566406251,False,REGULAR,USD,put,2026-09-30,0.0383561643835616,754.0499877929688,0.0849999999999999,0.1176470588235293,0.7559180548073938,0.5413743984905793,1.7968655960320261e-19,-0.01710239688566162,-0.0849999999999999,-0.10210239688566151,<1mo
SPY260930P00575000,2026-09-16 13:49:56+00:00,575.0,0.07,0.08,0.09,-0.04,-36.363636,20.0,1238.0,0.523442265625,False,REGULAR,USD,put,2026-09-30,0.0383561643835616,754.0499877929688,0.0849999999999999,0.1176470588235293,0.7625489149372833,0.5260685856518066,2.3210090273105637e-18,0.41900214539748504,-0.0849999999999999,0.33400214539748513,<1mo
SPY260930P00580000,2026-09-16 19:27:22+00:00,580.0,0.14,0.09,0.1,0.04,40.0,6.0,2484.0,0.5136767382812499,False,REGULAR,USD,put,2026-09-30,0.0383561643835616,754.0499877929688,0.095,0.1052631578947369,0.7691797750671727,0.5169395176433649,2.718497600275785e-17,0.5578272231351775,-0.09499999999999997,0.46282722313517755,<1mo
SPY260930P00585000,2026-09-16 18:22:35+00:00,585.0,0.07,0.1,0.11,-0.020000003,-22.222223,1.0,715.0,0.5039112109375,False,REGULAR,USD,put,2026-09-30,0.0383561643835616,754.0499877929688,0.105,0.0952380952380951,0.7758106351970621,0.5071684340735637,2.894203697336362e-16,0.30653133141288436,-0.1049999999999997,0.20153133141288437,<1mo
SPY260930P00590000,2026-09-16 19:42:55+00:00,590.0,0.12,0.11,0.12,0.0,0.0,5.0,8418.0,0.4960987890625,False,REGULAR,USD,put,2026-09-30,0.0383561643835616,754.0499877929688,0.1149999999999999,0.0869565217391304,0.7824414953269515,0.49685925788201163,2.807407316683915e-15,-0.1559362811540268,-0.11499999999999709,-0.2709362811540267,<1mo
SPY260930P00594000,2026-09-11 16:15:26+00:00,594.0,0.1,0.11,0.12,0.0,0.0,2.0,224.0,0.483403603515625,False,REGULAR,USD,put,2026-09-30,0.0383561643835616,754.0499877929688,0.1149999999999999,0.0869565217391304,0.787746183430863,0.48458741541824496,1.6191782191357157e-14,-0.463918373744832,-0.1149999999999837,-0.5789183737448319,<1mo
SPY260930P00595000,2026-09-14 14:24:44+00:00,595.0,0.15,0.11,0.12,0.0,0.0,1.0,530.0,0.4804739453125,False,REGULAR,USD,put,2026-09-30,0.0383561643835616,754.0499877929688,0.1149999999999999,0.0869565217391304,0.789072355456841,0.48152880899708644,2.486901368421195e-14,-0.5126323626915337,-0.11499999999997502,-0.6276323626915336,<1mo
SPY260930P00596000,2026-09-16 19:43:13+00:00,596.0,0.13,0.11,0.12,0.0,0.0,15.0,303.0,0.477544287109375,False,REGULAR,USD,put,2026-09-30,0.0383561643835616,754.0499877929688,0.1149999999999999,0.0869565217391304,0.7903985274828188,0.4784738972082344,3.8061385784046065e-14,-0.5468187721121467,-0.11499999999996183,-0.6618187721121466,<1mo
SPY260930P00597000,2026-09-14 18:58:16+00:00,597.0,0.13,0.12,0.13,0.0,0.0,112.0,20603.0,0.47852083984375,False,REGULAR,USD,put,2026-09-30,0.0383561643835616,754.0499877929688,0.125,0.08,0.7917246995087966,0.47993718269974917,5.804708722584302e-14,-0.5655624431542492,-0.12499999999994195,-0.6905624431542492,<1mo
SPY260930P00598000,2026-09-15 19:24:15+00:00,598.0,0.16,0.12,0.13,0.0,0.0,29.0,7024.0,0.4755911816406249,False,REGULAR,USD,put,2026-09-30,0.0383561643835616,754.0499877929688,0.125,0.08,0.7930508715347746,0.47686544674308057,8.821728773201472e-14,-0.5683878078252746,-0.12499999999991178,-0.6933878078252746,<1mo
SPY260930P00599000,2026-09-16 19:26:39+00:00,599.0,0.18,0.12,0.13,0.030000001,20.0,24.0,789.0,0.4726615234375,False,REGULAR,USD,put,2026-09-30,0.0383561643835616,754.0499877929688,0.125,0.08,0.7943770435607524,0.4737973338991722,1.3360170444895087e-13,-0.555267790034577,-0.1249999999998664,-0.680267790034577,<1mo
SPY260930P00600000,2026-09-16 19:55:38+00:00,600.0,0.13,0.12,0.13,-0.02000001,-13.333339,38.0,29068.0,0.469731865234375,False,REGULAR,USD,put,2026-09-30,0.0383561643835616,754.0499877929688,0.125,0.08,0.7957032155867303,0.47073282087528096,2.0163358922423685e-13,-0.526620066858186,-0.12499999999979837,-0.651620066858186,<1mo
SPY260930P00601000,2026-09-15 14:57:38+00:00,601.0,0.16,0.12,0.13,0.0,0.0,26.0,694.0,0.46680220703125,False,REGULAR,USD,put,2026-09-30,0.0383561643835616,754.0499877929688,0.125,0.08,0.7970293876127083,0.46767188107324115,3.032591166374576e-13,-0.48329100288935933,-0.12499999999969674,-0.6082910028893593,<1mo
SPY260930P00602000,2026-09-16 18:38:52+00:00,602.0,0.12,0.13,0.14,-0.04,-25.0,15.0,155.0,0.467778759765625,False,REGULAR,USD,put,2026-09-30,0.0383561643835616,754.0499877929688,0.135,0.0740740740740741,0.7983555596386861,0.468764319732194,4.5454034041906544e-13,-0.42652790675401775,-0.13499999999954546,-0.5615279067540178,<1mo
SPY260930P00603000,2026-09-08 20:02:59+00:00,603.0,0.15,0.13,0.14,0.0,0.0,133.0,389.0,0.4648491015625,False,REGULAR,USD,put,2026-09-30,0.0383561643835616,754.0499877929688,0.135,0.0740740740740741,0.799681731664664,0.46568780518368674,6.789628711144752e-13,-0.3579405694623574,-0.13499999999932105,-0.4929405694623574,<1mo
SPY260930P00604000,2026-09-09 14:09:06+00:00,604.0,0.16,0.13,0.14,0.0,0.0,2.0,156.0,0.4614311669921875,False,REGULAR,USD,put,2026-09-30,0.0383561643835616,754.0499877929688,0.135,0.0740740740740741,0.8010079036906419,0.46261479451594306,1.0107460433303919e-12,-0.27945332114927623,-0.13499999999898926,-0.41445332114927624,<1mo
SPY260930P00605000,2026-09-16 18:58:07+00:00,605.0,0.15,0.13,0.14,-0.019999996,-11.764703,43.0,624.0,0.4580132324218751,False,REGULAR,USD,put,2026-09-30,0.0383561643835616,754.0499877929688,0.135,0.0740740740740741,0.8023340757166197,0.4595452632043152,1.4995739073974092e-12,-0.19324907931502366,-0.13499999999850043,-0.3282490793150237,<1mo
SPY260930P00606000,2026-09-14 18:58:16+00:00,606.0,0.15,0.13,0.14,0.0,0.0,45.0,853.0,0.45508357421875,False,REGULAR,USD,put,2026-09-30,0.0383561643835616,754.0499877929688,0.135,0.0740740740740741,0.8036602477425977,0.45647917796790577,2.2173325609252396e-12,-0.10170705236123467,-0.13499999999778267,-0.23670705236123468,<1mo
SPY260930P00607000,2026-09-16 19:11:16+00:00,607.0,0.16,0.14,0.15,-0.02000001,-11.111116,52.0,54.0,0.456060126953125,False,REGULAR,USD,put,2026-09-30,0.0383561643835616,754.0499877929688,0.145,0.0689655172413791,0.8049864197685755,0.457246430724569,3.2676702636820097e-12,-0.007335903062653415,-0.14499999999673233,-0.1523359030626534,<1mo
SPY260930P00608000,2026-09-16 19:11:17+00:00,608.0,0.17,0.14,0.15,-0.06999999,-29.166664,43.0,475.0,0.4526421923828125,False,REGULAR,USD,put,2026-09-30,0.0383561643835616,754.0499877929688,0.145,0.0689655172413791,0.8063125917945534,0.4541658121335617,4.799514541881356e-12,0.08729573497157617,-0.14499999999520047,-0.05770426502842382,<1mo
SPY260930P00609000,2026-09-16 19:25:26+00:00,609.0,0.2,0.14,0.15,0.019999996,11.111108,36.0,229.0,0.4497125341796875,False,REGULAR,USD,put,2026-09-30,0.0383561643835616,754.0499877929688,0.145,0.0689655172413791,0.8076387638205313,0.4510885644245769,7.026116067016552e-12,0.1796294598266286,-0.14499999999297386,0.0346294598266286,<1mo
SPY260930P00610000,2026-09-16 19:25:27+00:00,610.0,0.2,0.14,0.15,0.019999996,11.111108,52.0,1306.0,0.446294599609375,False,REGULAR,USD,put,2026-09-30,0.0383561643835616,754.0499877929688,0.145,0.0689655172413791,0.8089649358465092,0.44801466537170415,1.0251783897967154e-11,0.2671861128542332,-0.14499999998974822,0.12218611285423323,<1mo
SPY260930P00611000,2026-09-16 19:10:32+00:00,611.0,0.16,0.14,0.15,-0.09,-36.0,2.0,469.0,0.44336494140625,False,REGULAR,USD,put,2026-09-30,0.0383561643835616,754.0499877929688,0.145,0.0689655172413791,0.810291107872487,0.4449440877019907,1.49092858166133e-11,0.34763175857733586,-0.1449999999850907,0.20263175857733587,<1mo
SPY260930P00612000,2026-09-16 19:12:54+00:00,612.0,0.18,0.15,0.16,-0.00999999,-5.263153,126.0,312.0,0.4438532177734374,False,REGULAR,USD,put,2026-09-30,0.0383561643835616,754.0499877929688,0.155,0.0645161290322581,0.811617279898465,0.44542324604406414,2.161198402356203e-11,0.4188389094233571,-0.154999999978388,0.2638389094233571,<1mo
SPY260930P00613000,2026-09-16 19:17:01+00:00,613.0,0.19,0.15,0.16,0.060000002,46.153847,66.0,394.0,0.4409235595703125,False,REGULAR,USD,put,2026-09-30,0.0383561643835616,754.0499877929688,0.155,0.0645161290322581,0.8129434519244428,0.44233898861328463,3.1226256838146354e-11,0.47894143262499256,-0.15499999996877376,0.32394143262499253,<1mo
SPY260930P00614000,2026-09-16 19:17:02+00:00,614.0,0.19,0.15,0.16,0.0,0.0,78.0,101.0,0.437505625,False,REGULAR,USD,put,2026-09-30,0.0383561643835616,754.0499877929688,0.155,0.0645161290322581,0.8142696239504207,0.43925797316863063,4.4971748059816275e-11,0.5263817755887885,-0.15499999995502825,0.3713817755887885,<1mo
SPY260930P00615000,2026-09-16 19:56:17+00:00,615.0,0.15,0.15,0.16,-0.03999999,-21.052628,5.0,828.0,0.434575966796875,False,REGULAR,USD,put,2026-09-30,0.0383561643835616,754.0499877929688,0.155,0.0645161290322581,0.8155957959763986,0.4361801711022793,6.455965331349893e-11,0.559949376940267,-0.15499999993544034,0.404949376940267,<1mo
SPY260930P00616000,2026-09-16 19:32:25+00:00,616.0,0.18,0.16,0.17,-0.029999986,-14.285707,1.0,209.0,0.434575966796875,False,REGULAR,USD,put,2026-09-30,0.0383561643835616,754.0499877929688,0.165,0.0606060606060606,0.8169219680023765,0.43641784511120574,9.238281348607282e-11,0.5788093862156529,-0.16499999990761718,0.4138093862156529,<1mo
SPY260930P00617000,2026-09-16 18:52:13+00:00,617.0,0.14,0.16,0.17,-0.060000002,-30.0,3.0,347.0,0.43164630859375,False,REGULAR,USD,put,2026-09-30,0.0383561643835616,754.0499877929688,0.165,0.0606060606060606,0.8182481400283543,0.4333271290837904,1.317761203529615e-10,0.5825210885171828,-0.1649999998682239,0.4175210885171827,<1mo
SPY260930P00618000,2026-09-16 18:41:25+00:00,618.0,0.14,0.16,0.17,-0.010000005,-6.6666694,103.0,186.0,0.428716650390625,False,REGULAR,USD,put,2026-09-30,0.0383561643835616,754.0499877929688,0.165,0.0606060606060606,0.8195743120543323,0.43023954341869963,1.8737201218437018e-10,0.5710457135467095,-0.164999999812628,0.4060457135467095,<1mo
SPY260930P00619000,2026-09-16 19:21:54+00:00,619.0,0.23,0.16,0.17,0.08,53.333332,4.0,997.0,0.4252987158203125,False,REGULAR,USD,put,2026-09-30,0.0383561643835616,754.0499877929688,0.165,0.0606060606060606,0.8209004840803101,0.42715505851572894,2.655841155920951e-10,0.5447435937206819,-0.1649999997344159,0.3797435937206819,<1mo
SPY260930P00620000,2026-09-16 19:30:22+00:00,620.0,0.21,0.17,0.18,0.00999999,4.999995,19.0,3380.0,0.4252987158203125,False,REGULAR,USD,put,2026-09-30,0.0383561643835616,754.0499877929688,0.175,0.057142857142857,0.822226656106288,0.42717517133224225,3.7526297443840136e-10,0.5043609158853997,-0.174999999624737,0.3293609158853997,<1mo
SPY260930P00621000,2026-09-16 19:20:31+00:00,621.0,0.23,0.17,0.18,0.010000005,4.545457,19.0,256.0,0.4223690576171874,False,REGULAR,USD,put,2026-09-30,0.0383561643835616,754.0499877929688,0.175,0.057142857142857,0.8235528281322659,0.4240784163702884,5.28582063855746e-10,0.45100657838975167,-0.17499999947141792,0.2760065783897517,<1mo
SPY260930P00622000,2026-09-16 19:04:10+00:00,622.0,0.16,0.17,0.18,-0.049999997,-23.809523,1.0,501.0,0.418951123046875,False,REGULAR,USD,put,2026-09-30,0.0383561643835616,754.0499877929688,0.175,0.057142857142857,0.8248790001582438,0.42098467461065125,7.4223089224768e-10,0.3861199132093134,-0.1749999992577691,0.2111199132093134,<1mo
SPY260930P00623000,2026-09-16 18:54:14+00:00,623.0,0.17,0.17,0.18,-0.030000001,-15.0,302.0,366.0,0.4160214648437499,False,REGULAR,USD,put,2026-09-30,0.0383561643835616,754.0499877929688,0.175,0.057142857142857,0.8262051721842216,0.41789391540108484,1.0390161810359469e-09,0.31143025554865744,-0.1749999989609838,0.13643025554865745,<1mo
SPY260930P00624000,2026-09-16 18:54:14+00:00,624.0,0.17,0.18,0.19,-0.049999997,-22.72727,192.0,241.0,0.4160214648437499,False,REGULAR,USD,put,2026-09-30,0.0383561643835616,754.0499877929688,0.185,0.0540540540540541,0.8275313442101996,0.417716623577813,1.4500034377105892e-09,0.22890953569515204,-0.18499999854999655,0.04390953569515205,<1mo
SPY260930P00625000,2026-09-16 19:36:01+00:00,625.0,0.2,0.18,0.19,0.0,0.0,219.0,2962.0,0.4126035302734374,False,REGULAR,USD,put,2026-09-30,0.0383561643835616,754.0499877929688,0.185,0.0540540540540541,0.8288575162361774,0.4146141338598552,2.0173716569465314e-09,0.14071922566222383,-0.18499999798262834,-0.04428077433777616,<1mo
SPY260930P00626000,2026-09-14 19:36:13+00:00,626.0,0.21,0.18,0.19,0.0,0.0,1.0,511.0,0.4096738720703125,False,REGULAR,USD,put,2026-09-30,0.0383561643835616,754.0499877929688,0.185,0.0540540540540541,0.8301836882621554,0.41151453435402113,2.7982058410958274e-09,0.04915309316118055,-0.18499999720179416,-0.13584690683881945,<1mo
SPY260930P00627000,2026-09-14 18:58:16+00:00,627.0,0.2,0.19,0.2,0.0,0.0,208.0,525.0,0.4091855957031249,False,REGULAR,USD,put,2026-09-30,0.0383561643835616,754.0499877929688,0.195,0.0512820512820513,0.8315098602881332,0.4111710593883518,3.869518567056523e-09,-0.04342270448319141,-0.19499999613048144,-0.23842270448319142,<1mo
SPY260930P00628000,2026-09-15 14:57:38+00:00,628.0,0.24,0.19,0.2,0.0,0.0,26.0,165.0,0.4062559375,False,REGULAR,USD,put,2026-09-30,0.0383561643835616,754.0499877929688,0.195,0.0512820512820513,0.8328360323141111,0.40806024151213466,5.334876712223274e-09,-0.13463061473237303,-0.1949999946651233,-0.32963061473237304,<1mo
SPY260930P00629000,2026-09-16 19:30:22+00:00,629.0,0.24,0.19,0.2,0.00999999,4.3478217,42.0,330.0,0.4028380029296875,False,REGULAR,USD,put,2026-09-30,0.0383561643835616,754.0499877929688,0.195,0.0512820512820513,0.834162204340089,0.4049522173804915,7.333117340230349e-09,-0.22214220263072093,-0.19499999266688267,-0.41714220263072094,<1mo
SPY260930P00630000,2026-09-16 19:52:03+00:00,630.0,0.2,0.2,0.21,-0.03999999,-16.666662,260.0,3583.0,0.4023497265625,False,REGULAR,USD,put,2026-09-30,0.0383561643835616,754.0499877929688,0.205,0.0487804878048779,0.8354883763660669,0.40445621183644936,1.0049773354409952e-08,-0.3037366537573689,-0.20499998995022664,-0.5087366537573689,<1mo
SPY260930P00631000,2026-09-16 19:02:49+00:00,631.0,0.19,0.2,0.21,-0.019999996,-9.523808,3.0,148.0,0.399420068359375,False,REGULAR,USD,put,2026-09-30,0.0383561643835616,754.0499877929688,0.205,0.0487804878048779,0.8368145483920447,0.40133740649150407,1.3732001843670554e-08,-0.37735581860454204,-0.20499998626799815,-0.582355818604542,<1mo
SPY260930P00632000,2026-09-16 18:57:52+00:00,632.0,0.21,0.2,0.21,-0.010000005,-4.545457,10.0,230.0,0.3960021337890625,False,REGULAR,USD,put,2026-09-30,0.0383561643835616,754.0499877929688,0.205,0.0487804878048779,0.8381407204180227,0.3982212940460673,1.870802458617456e-08,-0.44115446401974623,-0.2049999812919754,-0.6461544640197462,<1mo
SPY260930P00633000,2026-09-16 18:58:46+00:00,633.0,0.21,0.2,0.21,-0.010000005,-4.545457,5.0,477.0,0.3930724755859375,False,REGULAR,USD,put,2026-09-30,0.0383561643835616,754.0499877929688,0.205,0.0487804878048779,0.8394668924440005,0.3951078404406146,2.5412361256768776e-08,-0.49354454283820814,-0.20499997458763874,-0.6985445428382081,<1mo
SPY260930P00634000,2026-09-16 19:08:22+00:00,634.0,0.22,0.21,0.22,-0.030000001,-12.0,1.0,235.0,0.3920959228515625,False,REGULAR,USD,put,2026-09-30,0.0383561643835616,754.0499877929688,0.215,0.0465116279069767,0.8407930644699784,0.39445805486945046,3.441847395305228e-08,-0.5332324650191822,-0.21499996558152604,-0.7482324650191822,<1mo
SPY260930P00635000,2026-09-16 19:22:31+00:00,635.0,0.3,0.21,0.22,0.050000012,20.000004,125.0,150692.0,0.3891662646484375,False,REGULAR,USD,put,2026-09-30,0.0383561643835616,754.0499877929688,0.215,0.0465116279069767,0.8421192364959563,0.39133411817647124,4.64808616606258e-08,-0.5592485474948035,-0.21499995351913834,-0.7742485474948034,<1mo
SPY260930P00636000,2026-09-16 19:41:58+00:00,636.0,0.24,0.22,0.23,-0.010000005,-4.000002,30.0,178.0,0.3881897119140625,False,REGULAR,USD,put,2026-09-30,0.0383561643835616,754.0499877929688,0.225,0.0444444444444444,0.8434454085219342,0.3905669918625054,6.258916308129125e-08,-0.5709680301738445,-0.22499993741083693,-0.7959680301738444,<1mo
SPY260930P00637000,2026-09-16 19:12:58+00:00,637.0,0.27,0.22,0.23,0.02000001,8.000004,5.0,516.0,0.3852600537109374,False,REGULAR,USD,put,2026-09-30,0.0383561643835616,754.0499877929688,0.225,0.0444444444444444,0.844771580547912,0.387432954445778,8.403746710064109e-08,-0.5681232664953768,-0.2249999159625329,-0.7931232664953768,<1mo
SPY260930P00638000,2026-09-16 19:30:22+00:00,638.0,0.28,0.22,0.23,0.049999997,21.739128,24.0,127.0,0.3818421191406249,False,REGULAR,USD,put,2026-09-30,0.0383561643835616,754.0499877929688,0.225,0.0444444444444444,0.84609775257389,0.3843013943164054,1.125128172121449e-07,-0.5508069228010299,-0.2249998874871828,-0.7758069228010299,<1mo
SPY260930P00639000,2026-09-16 19:21:02+00:00,639.0,0.31,0.23,0.24,0.07000001,29.166672,13.0,125.0,0.3808655664062499,False,REGULAR,USD,put,2026-09-30,0.0383561643835616,754.0499877929688,0.235,0.0425531914893616,0.8474239245998678,0.3834128695810387,1.5020785906443685e-07,-0.5194662459410893,-0.23499984979214092,-0.7544662459410892,<1mo
SPY260930P00640000,2026-09-16 19:37:30+00:00,640.0,0.27,0.23,0.24,0.01000002,3.8461618,459.0,3722.0,0.3779359082031249,False,REGULAR,USD,put,2026-09-30,0.0383561643835616,754.0499877929688,0.235,0.0425531914893616,0.8487500966258457,0.3802714645713258,1.9996375364022975e-07,-0.4748886773661525,-0.23499980003624635,-0.7098886773661525,<1mo
SPY260930P00641000,2026-09-16 18:56:01+00:00,641.0,0.23,0.24,0.25,-0.00999999,-4.1666627,5.0,376.0,0.37695935546875,False,REGULAR,USD,put,2026-09-30,0.0383561643835616,754.0499877929688,0.245,0.0408163265306122,0.8500762686518236,0.37928139947673495,2.6545090285302425e-07,-0.4181792992734472,-0.24499973454909715,-0.6631792992734472,<1mo
SPY260930P00642000,2026-09-16 19:30:23+00:00,642.0,0.3,0.24,0.25,0.02000001,7.1428604,7.0,84.0,0.3735414208984374,False,REGULAR,USD,put,2026-09-30,0.0383561643835616,754.0499877929688,0.245,0.0408163265306122,0.8514024406778015,0.37613043602255913,3.5139675642689044e-07,-0.3507307893625011,-0.24499964860324358,-0.5957307893625011,<1mo
SPY260930P00643000,2026-09-14 18:58:16+00:00,643.0,0.25,0.24,0.25,0.0,0.0,45.0,278.0,0.3706117626953125,False,REGULAR,USD,put,2026-09-30,0.0383561643835616,754.0499877929688,0.245,0.0408163265306122,0.8527286127037793,0.3729817516129905,4.6387204283800435e-07,-0.27418673116915215,-0.24499953612795716,-0.5191867311691521,<1mo
SPY260930P00644000,2026-09-16 19:30:22+00:00,644.0,0.31,0.25,0.26,0.050000012,19.230774,112.0,347.0,0.3693910717773437,False,REGULAR,USD,put,2026-09-30,0.0383561643835616,754.0499877929688,0.255,0.0392156862745098,0.8540547847297573,0.3718849520195221,6.106492547995363e-07,-0.1903992730703976,-0.25499938935074523,-0.4453992730703976,<1mo
SPY260930P00645000,2026-09-15 19:23:42+00:00,645.0,0.29,0.25,0.26,0.0,0.0,3.0,766.0,0.366217275390625,False,REGULAR,USD,put,2026-09-30,0.0383561643835616,754.0499877929688,0.255,0.0392156862745098,0.8553809567557351,0.36872687077960653,8.016501918148657e-07,-0.10138224801085016,-0.25499919834980816,-0.35638224801085017,<1mo
SPY260930P00646000,2026-09-14 13:33:53+00:00,646.0,0.32,0.26,0.27,0.0,0.0,1.0,453.0,0.3649965844726562,False,REGULAR,USD,put,2026-09-30,0.0383561643835616,754.0499877929688,0.265,0.0377358490566038,0.856707128781713,0.36754092894245854,1.0495028986799032e-06,-0.00926095549573347,-0.2649989504971013,-0.2742609554957335,<1mo
SPY260930P00647000,2026-09-14 14:01:15+00:00,647.0,0.3,0.26,0.27,0.0,0.0,3.0,303.0,0.3618227880859375,False,REGULAR,USD,put,2026-09-30,0.0383561643835616,754.0499877929688,0.265,0.0377358490566038,0.8580333008076909,0.36437365800233146,1.3702325294095681e-06,0.08378013398282746,-0.26499862976747063,-0.18121986601717255,<1mo
SPY260930P00648000,2026-09-14 18:58:16+00:00,648.0,0.27,0.27,0.28,0.0,0.0,49.0,673.0,0.3603579589843749,False,REGULAR,USD,put,2026-09-30,0.0383561643835616,754.0499877929688,0.275,0.0363636363636363,0.8593594728336688,0.36310365167871306,1.7841156114624694e-06,0.17555046484824288,-0.27499821588438855,-0.09944953515175714,<1mo
SPY260930P00649000,2026-09-16 19:30:22+00:00,649.0,0.34,0.27,0.28,0.11,47.826088,23.0,684.0,0.35742830078125,False,REGULAR,USD,put,2026-09-30,0.0383561643835616,754.0499877929688,0.275,0.0363636363636363,0.8606856448596466,0.3599273654107465,2.3167329969615586e-06,0.263905989797081,-0.2749976832670031,-0.011094010202919002,<1mo
SPY260930P00650000,2026-09-16 19:37:30+00:00,650.0,0.31,0.28,0.28,0.0,0.0,1001.0,3925.0,0.3540103662109374,False,REGULAR,USD,put,2026-09-30,0.0383561643835616,754.0499877929688,0.28,0.0,0.8620118168856246,0.3576708040233562,3.0002635887651456e-06,0.3468000226961294,-0.27999699973641123,0.06680002269612939,<1mo
SPY260930P00651000,2026-09-16 19:08:22+00:00,651.0,0.29,0.28,0.29,0.03999999,15.999996,27.0,430.0,0.352545537109375,False,REGULAR,USD,put,2026-09-30,0.0383561643835616,754.0499877929688,0.285,0.0350877192982454,0.8633379889116024,0.3553927002848128,3.8750688541797085e-06,0.42233116705995144,-0.2849961249311458,0.13733116705995146,<1mo
SPY260930P00652000,2026-09-11 19:33:45+00:00,652.0,0.29,0.29,0.3,0.0,0.0,7.0,220.0,0.3510807080078124,False,REGULAR,USD,put,2026-09-30,0.0383561643835616,754.0499877929688,0.295,0.0338983050847458,0.8646641609375804,0.35396780394291566,4.991627333318844e-06,0.4887872269135869,-0.2949950083726667,0.1937872269135869,<1mo
SPY260930P00653000,2026-09-04 14:36:29+00:00,653.0,0.29,0.29,0.3,0.0,0.0,5.0,131.0,0.3481510498046875,False,REGULAR,USD,put,2026-09-30,0.0383561643835616,754.0499877929688,0.295,0.0338983050847458,0.8659903329635582,0.3507738784552021,6.412888968999452e-06,0.5446841216169105,-0.29499358711103096,0.2496841216169105,<1mo
SPY260930P00654000,2026-09-11 13:54:56+00:00,654.0,0.27,0.3,0.31,0.0,0.0,6.0,29.0,0.3464420825195312,False,REGULAR,USD,put,2026-09-30,0.0383561643835616,754.0499877929688,0.305,0.0327868852459016,0.867316504989536,0.3492773115649747,8.217131296486954e-06,0.5887989617099265,-0.3049917828687035,0.2837989617099265,<1mo
SPY260930P00655000,2026-09-16 19:30:22+00:00,655.0,0.38,0.3,0.31,0.07999998,26.666658,151.0,679.0,0.3432682861328124,False,REGULAR,USD,put,2026-09-30,0.0383561643835616,754.0499877929688,0.305,0.0327868852459016,0.868642677015514,0.3460747057115399,1.0501413508840667e-05,0.6201965953594026,-0.30498949858649116,0.31519659535940264,<1mo
SPY260930P00656000,2026-09-16 19:32:44+00:00,656.0,0.35,0.31,0.32,-0.02000001,-5.405408,11.0,196.0,0.34180345703125,False,REGULAR,USD,put,2026-09-30,0.0383561643835616,754.0499877929688,0.315,0.0317460317460317,0.8699688490414919,0.34450982802518165,1.3385740337786174e-05,0.6382491005647353,-0.31498661425966223,0.32324910056473527,<1mo
SPY260930P00657000,2026-09-16 16:31:36+00:00,657.0,0.26,0.31,0.32,-0.02000001,-7.1428604,1.0,883.0,0.3383855224609374,False,REGULAR,USD,put,2026-09-30,0.0383561643835616,754.0499877929688,0.315,0.0317460317460317,0.8712950210674697,0.3412985988787587,1.701806574534205e-05,0.6426478726974665,-0.31498298193425467,0.3276478726974665,<1mo
SPY260930P00658000,2026-09-16 19:29:06+00:00,658.0,0.44,0.32,0.33,0.120000005,37.5,10.0,1288.0,0.336920693359375,False,REGULAR,USD,put,2026-09-30,0.0383561643835616,754.0499877929688,0.325,0.0307692307692307,0.8726211930934477,0.3396684642579548,2.1580286793075176e-05,0.6334081359435686,-0.32497841971320696,0.3084081359435686,<1mo
SPY260930P00659000,2026-09-14 14:35:00+00:00,659.0,0.38,0.32,0.33,0.0,0.0,161.0,738.0,0.3335027587890625,False,REGULAR,USD,put,2026-09-30,0.0383561643835616,754.0499877929688,0.325,0.0307692307692307,0.8739473651194255,0.3364486436803423,2.7295400925223673e-05,0.6108658865201733,-0.3249727045990748,0.28586588652017325,<1mo
SPY260930P00660000,2026-09-16 19:25:46+00:00,660.0,0.48,0.33,0.34,0.109999985,29.729725,8.0,7917.0,0.3317937915039062,False,REGULAR,USD,put,2026-09-30,0.0383561643835616,754.0499877929688,0.335,0.0298507462686567,0.8752735371454033,0.3347560228149892,3.443602544251408e-05,0.5756674509484583,-0.3349655639745575,0.24066745094845826,<1mo
SPY260930P00661000,2026-09-14 18:58:16+00:00,661.0,0.34,0.34,0.35,0.0,0.0,29.0,413.0,0.3300848242187499,False,REGULAR,USD,put,2026-09-30,0.0383561643835616,754.0499877929688,0.345,0.0289855072463766,0.8765997091713813,0.33301330069623075,4.333450631364977e-05,0.5287520102390317,-0.3449566654936863,0.18375201023903176,<1mo
SPY260930P00662000,2026-09-16 19:33:13+00:00,662.0,0.39,0.34,0.35,0.049999982,14.705876,4.0,227.0,0.3266668896484375,False,REGULAR,USD,put,2026-09-30,0.0383561643835616,754.0499877929688,0.345,0.0289855072463766,0.8779258811973591,0.3297750315795413,5.43948748114656e-05,0.4713275968844073,-0.3449456051251885,0.1263275968844073,<1mo
SPY260930P00663000,2026-09-16 19:30:22+00:00,663.0,0.44,0.35,0.36,0.09,25.714287,5.0,315.0,0.3249579223632812,False,REGULAR,USD,put,2026-09-30,0.0383561643835616,754.0499877929688,0.355,0.028169014084507,0.879252053223337,0.32797455890556065,6.81069448772182e-05,0.40484121274528206,-0.35493189305512274,0.04984121274528208,<1mo
SPY260930P00664000,2026-09-16 19:32:02+00:00,664.0,0.43,0.36,0.37,0.120000005,38.70968,7.0,1014.0,0.3230048168945311,False,REGULAR,USD,put,2026-09-30,0.0383561643835616,754.0499877929688,0.365,0.0273972602739726,0.880578225249315,0.32612808348040156,8.506288168895655e-05,0.3309438393577011,-0.364914937118311,-0.03405616064229888,<1mo
SPY260930P00665000,2026-09-16 16:19:29+00:00,665.0,0.3,0.36,0.37,-0.109999985,-26.829264,1.0,1604.0,0.3198310205078124,False,REGULAR,USD,put,2026-09-30,0.0383561643835616,754.0499877929688,0.365,0.0273972602739726,0.8819043972752928,0.32287165643200516,0.0001059766126584507,0.25145121547177496,-0.36489402338734156,-0.11354878452822503,<1mo
SPY260930P00666000,2026-09-16 19:31:10+00:00,666.0,0.45,0.37,0.38,0.06999999,18.421051,7.0,307.0,0.3178779150390625,False,REGULAR,USD,put,2026-09-30,0.0383561643835616,754.0499877929688,0.375,0.0266666666666666,0.8832305693012706,0.32097141367069887,0.00013170649598500186,0.16830133786766055,-0.374868293504015,-0.20669866213233945,<1mo
SPY260930P00667000,2026-09-16 19:31:41+00:00,667.0,0.46,0.38,0.39,0.07000002,17.948725,13.0,384.0,0.3159248095703124,False,REGULAR,USD,put,2026-09-30,0.0383561643835616,754.0499877929688,0.385,0.0259740259740259,0.8845567413272486,0.31902864481681115,0.00016328170885330714,0.08350969935531793,-0.3848367182911467,-0.3014903006446821,<1mo
SPY260930P00668000,2026-09-16 19:34:44+00:00,668.0,0.43,0.39,0.4,0.01000002,2.3809574,5.0,409.0,0.3139717041015625,False,REGULAR,USD,put,2026-09-30,0.0383561643835616,754.0499877929688,0.395,0.0253164556962025,0.8858829133532264,0.31704483833628205,0.00020193286720468495,-0.0008766884398028196,-0.3947980671327953,-0.39587668843980284,<1mo
SPY260930P00669000,2026-09-16 19:52:49+00:00,669.0,0.4,0.39,0.4,-0.06999999,-14.893615,57.0,513.0,0.3105537695312499,False,REGULAR,USD,put,2026-09-30,0.0383561643835616,754.0499877929688,0.395,0.0253164556962025,0.8872090853792043,0.31376103021213997,0.0002491274414759617,-0.08282543056384384,-0.39475087255852404,-0.47782543056384386,<1mo
SPY260930P00670000,2026-09-16 19:52:16+00:00,670.0,0.42,0.4,0.41,-0.030000001,-6.666667,96.0,3372.0,0.3086006640625,False,REGULAR,USD,put,2026-09-30,0.0383561643835616,754.0499877929688,0.405,0.0246913580246912,0.8885352574051822,0.3117282869770972,0.000306610587418904,-0.16036400021744157,-0.40469338941258115,-0.5653640002174416,<1mo
SPY260930P00671000,2026-09-10 13:55:26+00:00,671.0,0.69,0.41,0.42,0.0,0.0,3.0,345.0,0.3064034204101562,False,REGULAR,USD,put,2026-09-30,0.0383561643835616,754.0499877929688,0.415,0.0240963855421686,0.8898614294311601,0.30965725562251994,0.000376452067614913,-0.23162310175689527,-0.4146235479323851,-0.6466231017568953,<1mo
SPY260930P00672000,2026-09-16 19:29:04+00:00,672.0,0.59,0.42,0.43,0.15999997,37.209293,25.0,667.0,0.3042061767578125,False,REGULAR,USD,put,2026-09-30,0.0383561643835616,754.0499877929688,0.425,0.0235294117647059,0.8911876014571379,0.3075491242949087,0.0004610999969750229,-0.29487720028828335,-0.42453890000302497,-0.7198772002882834,<1mo
SPY260930P00673000,2026-09-14 18:58:16+00:00,673.0,0.42,0.43,0.44,0.0,0.0,75.0,1740.0,0.3021310021972656,False,REGULAR,USD,put,2026-09-30,0.0383561643835616,754.0499877929688,0.435,0.0229885057471264,0.8925137734831159,0.30540500038597956,0.0005634422036393666,-0.3485813523872139,-0.43443655779636065,-0.7835813523872139,<1mo
SPY260930P00674000,2026-09-16 19:26:30+00:00,674.0,0.67,0.44,0.45,0.19000003,39.58334,4.0,905.0,0.299811689453125,False,REGULAR,USD,put,2026-09-30,0.0383561643835616,754.0499877929688,0.445,0.0224719101123595,0.8938399455090937,0.3032259169376053,0.0006868760543766866,-0.3914035696607243,-0.44431312394562333,-0.8364035696607244,<1mo
SPY260930P00675000,2026-09-16 19:29:08+00:00,675.0,0.62,0.45,0.46,0.14000002,29.166672,90.0,9849.0,0.2976144458007811,False,REGULAR,USD,put,2026-09-30,0.0383561643835616,754.0499877929688,0.455,0.0219780219780219,0.8951661175350717,0.30101283836352316,0.0008353876498100876,-0.42225205915440256,-0.4541646123501899,-0.8772520591544026,<1mo
SPY260930P00676000,2026-09-16 19:29:08+00:00,676.0,0.63,0.46,0.47,0.120000005,23.529411,33.0,1337.0,0.2954172021484375,False,REGULAR,USD,put,2026-09-30,0.0383561643835616,754.0499877929688,0.4649999999999999,0.0215053763440859,0.8964922895610495,0.2987666655729543,0.0010136413483791407,-0.44029680922551506,-0.46398635865162074,-0.9052968092255149,<1mo
SPY260930P00677000,2026-09-16 19:30:11+00:00,677.0,0.61,0.47,0.48,0.08000004,15.094348,20.0,1347.0,0.2930978894042968,False,REGULAR,USD,put,2026-09-30,0.0383561643835616,754.0499877929688,0.475,0.0210526315789473,0.8978184615870274,0.29648824056878786,0.0012270806275537227,-0.44498512336895146,-0.47377291937244626,-0.9199851233689514,<1mo
SPY260930P00678000,2026-09-16 19:58:16+00:00,678.0,0.47,0.48,0.49,-0.08000001,-14.545456,23.0,1524.0,0.2907785766601561,False,REGULAR,USD,put,2026-09-30,0.0383561643835616,754.0499877929688,0.485,0.0206185567010309,0.8991446336130053,0.2941783505818579,0.0014820413349423134,-0.43605084447767695,-0.48351795866505765,-0.9210508444776769,<1mo
SPY260930P00679000,2026-09-16 19:25:56+00:00,679.0,0.74,0.49,0.5,0.24000001,48.0,19.0,871.0,0.2883371948242186,False,REGULAR,USD,put,2026-09-30,0.0383561643835616,754.0499877929688,0.495,0.0202020202020202,0.9004708056389832,0.29183773679337827,0.0017858784189669907,-0.4135171549057759,-0.493214121581033,-0.9085171549057759,<1mo
SPY260930P00680000,2026-09-16 19:37:33+00:00,680.0,0.59,0.5,0.51,0.03999996,7.2727203,66.0,9744.0,0.2858958129882812,False,REGULAR,USD,put,2026-09-30,0.0383561643835616,754.0499877929688,0.505,0.0198019801980198,0.901796977664961,0.2894670796301747,0.002147107256895542,-0.3776929802900213,-0.5028528927431044,-0.8826929802900213,<1mo
SPY260930P00681000,2026-09-16 19:29:10+00:00,681.0,0.7,0.51,0.52,0.120000005,20.689655,10.0,661.0,0.2835765002441405,False,REGULAR,USD,put,2026-09-30,0.0383561643835616,754.0499877929688,0.515,0.0194174757281553,0.903123149690939,0.2870670252842569,0.0025755607153660764,-0.32916316427895254,-0.512424439284634,-0.8441631642789525,<1mo
SPY260930P00682000,2026-09-15 15:37:57+00:00,682.0,0.59,0.52,0.53,0.0,0.0,5.0,678.0,0.281135118408203,False,REGULAR,USD,put,2026-09-30,0.0383561643835616,754.0499877929688,0.525,0.019047619047619,0.9044493217169168,0.28463817654278495,0.0030825630830597084,-0.26877271414082315,-0.5219174369169404,-0.7937727141408232,<1mo
SPY260930P00683000,2026-09-15 14:28:13+00:00,683.0,0.58,0.54,0.55,0.0,0.0,1.0,302.0,0.2795482202148437,False,REGULAR,USD,put,2026-09-30,0.0383561643835616,754.0499877929688,0.545,0.018348623853211,0.9057754937428948,0.28311489676537754,0.003681122004814019,-0.19760554095250882,-0.5413188779951861,-0.7426055409525089,<1mo
SPY260930P00684000,2026-09-16 15:39:01+00:00,684.0,0.44,0.55,0.56,-0.13,-22.807018,4.0,436.0,0.2771068383789062,False,REGULAR,USD,put,2026-09-30,0.0383561643835616,754.0499877929688,0.555,0.018018018018018,0.9071016657688726,0.2806118626853259,0.004386139519075627,-0.11695823021113938,-0.5506138604809244,-0.6719582302111394,<1mo
SPY260930P00685000,2026-09-16 19:38:40+00:00,685.0,0.64,0.56,0.57,0.029999971,4.918028,137.0,2199.0,0.274421318359375,False,REGULAR,USD,put,2026-09-30,0.0383561643835616,754.0499877929688,0.565,0.0176991150442476,0.9084278377948504,0.2780821080266778,0.0052146432539952325,-0.02830947711754561,-0.5597853567460047,-0.5933094771175456,<1mo
SPY260930P00686000,2026-09-16 19:52:46+00:00,686.0,0.58,0.58,0.59,-0.02000004,-3.33334,6.0,228.0,0.2727123510742187,False,REGULAR,USD,put,2026-09-30,0.0383561643835616,754.0499877929688,0.585,0.0170940170940171,0.9097540098208284,0.2763977268034923,0.006186038769592783,0.06671409638238401,-0.5788139612304072,-0.518285903617616,<1mo
SPY260930P00687000,2026-09-16 19:32:31+00:00,687.0,0.7,0.59,0.6,0.17000002,32.075478,12.0,1670.0,0.2701489001464844,False,REGULAR,USD,put,2026-09-30,0.0383561643835616,754.0499877929688,0.595,0.0168067226890756,0.9110801818468064,0.2737993243105645,0.0073223839421550085,0.16637495986969952,-0.587677616057845,-0.42862504013030045,<1mo
SPY260930P00688000,2026-09-16 19:29:35+00:00,688.0,0.83,0.61,0.62,0.14999998,22.05882,161.0,875.0,0.2683178637695312,False,REGULAR,USD,put,2026-09-30,0.0383561643835616,754.0499877929688,0.615,0.016260162601626,0.912406353872784,0.27200699660156624,0.008648686170531716,0.268863697288225,-0.6063513138294683,-0.346136302711775,<1mo
SPY260930P00689000,2026-09-16 19:30:11+00:00,689.0,0.82,0.63,0.64,0.24000001,41.37931,9.0,692.0,0.2663647583007812,False,REGULAR,USD,put,2026-09-30,0.0383561643835616,754.0499877929688,0.635,0.015748031496063,0.913732525898762,0.27015173550093824,0.010193223040461996,0.3723391744484843,-0.624806776959538,-0.2626608255515157,<1mo
SPY260930P00690000,2026-09-16 19:46:54+00:00,690.0,0.73,0.64,0.65,0.04000002,5.7971044,1532.0,7100.0,0.26367923828125,False,REGULAR,USD,put,2026-09-30,0.0383561643835616,754.0499877929688,0.645,0.0155038759689922,0.91505869792474,0.26744926210539144,0.011987886911021484,0.4749689810188329,-0.6330121130889785,-0.17003101898116713,<1mo
SPY260930P00691000,2026-09-16 19:29:04+00:00,691.0,0.94,0.66,0.67,0.24000001,34.285713,33.0,2053.0,0.2617261328125,False,REGULAR,USD,put,2026-09-30,0.0383561643835616,754.0499877929688,0.665,0.0150375939849624,0.9163848699507178,0.26549583572254043,0.014068553685665952,0.5749692852147064,-0.6509314463143341,-0.09003071478529368,<1mo
SPY260930P00692000,2026-09-16 19:29:04+00:00,692.0,0.97,0.68,0.69,0.27000004,38.571434,178.0,388.0,0.2596509582519531,False,REGULAR,USD,put,2026-09-30,0.0383561643835616,754.0499877929688,0.685,0.0145985401459852,0.9177110419766956,0.2634851772678307,0.016475475798058747,0.6706432658968424,-0.6685245242019413,-0.014356734103157631,<1mo
SPY260930P00693000,2026-09-16 19:32:02+00:00,693.0,0.86,0.7,0.71,0.17000002,24.637684,3.0,447.0,0.2575757836914062,False,REGULAR,USD,put,2026-09-30,0.0383561643835616,754.0499877929688,0.705,0.0141843971631205,0.9190372140026736,0.26141920138097186,0.019253699179906825,0.760417330422456,-0.6857463008200931,0.055417330422456,<1mo
SPY260930P00694000,2026-09-16 19:47:07+00:00,694.0,0.78,0.72,0.73,-0.02000004,-2.500005,94.0,312.0,0.2553785400390626,False,REGULAR,USD,put,2026-09-30,0.0383561643835616,754.0499877929688,0.725,0.0137931034482758,0.9203633860286514,0.25929966407999333,0.022453503684269904,0.8428743860936265,-0.7025464963157301,0.11787438609362655,<1mo
SPY260930P00695000,2026-09-16 19:32:36+00:00,695.0,0.88,0.74,0.75,0.13999999,18.918917,112.0,4216.0,0.2531812963867187,False,REGULAR,USD,put,2026-09-30,0.0383561643835616,754.0499877929688,0.745,0.0134228187919463,0.9216895580546292,0.2571281765153808,0.026130866113873275,0.916783506808315,-0.7188691338861267,0.171783506808315,<1mo
SPY260930P00696000,2026-09-16 18:41:43+00:00,696.0,0.58,0.76,0.77,-0.24000001,-29.268293,23.0,296.0,0.250861983642578,False,REGULAR,USD,put,2026-09-30,0.0383561643835616,754.0499877929688,0.765,0.0130718954248366,0.9230157300806072,0.2549062093591516,0.03034794465141255,0.9811254227107611,-0.7346520553485875,0.21612542271076107,<1mo
SPY260930P00697000,2026-09-16 19:33:06+00:00,697.0,0.93,0.79,0.8,0.07999998,9.411762,160.0,3719.0,0.2492750854492187,False,REGULAR,USD,put,2026-09-30,0.0383561643835616,754.0499877929688,0.795,0.0125786163522012,0.9243419021065852,0.2532946581393946,0.035173583109348705,1.035113357173941,-0.7598264168906513,0.240113357173941,<1mo
SPY260930P00698000,2026-09-16 19:29:10+00:00,698.0,1.12,0.81,0.82,0.26,30.232557,23.0,288.0,0.2468337036132812,False,REGULAR,USD,put,2026-09-30,0.0383561643835616,754.0499877929688,0.815,0.0122699386503066,0.925668074132563,0.25096030560747956,0.04068383301295242,1.07820884011835,-0.7743161669870475,0.2632088401183501,<1mo
SPY260930P00699000,2026-09-16 19:29:04+00:00,699.0,1.2,0.84,0.85,0.30000007,33.333344,34.0,4288.0,0.245124736328125,False,REGULAR,USD,put,2026-09-30,0.0383561643835616,754.0499877929688,0.845,0.0118343195266272,0.9269942461585408,0.2492051134785607,0.046962491105879245,1.1101322371281412,-0.7980375088941207,0.26513223712814127,<1mo
SPY260930P00700000,2026-09-16 20:07:46+00:00,700.0,0.85,0.87,0.88,0.0,0.0,2248.0,21607.0,0.243171630859375,False,REGULAR,USD,put,2026-09-30,0.0383561643835616,754.0499877929688,0.875,0.0114285714285714,0.9283204181845188,0.2473728493958227,0.05410164942617701,1.1308678476436853,-0.820898350573823,0.2558678476436853,<1mo
SPY260930P00701000,2026-09-16 19:30:21+00:00,701.0,1.15,0.9,0.91,0.19999999,21.05263,15.0,1212.0,0.241218525390625,False,REGULAR,USD,put,2026-09-30,0.0383561643835616,754.0499877929688,0.905,0.011049723756906,0.9296465902104968,0.2454664955777508,0.062202254647171884,1.1406635403172913,-0.8427977453528281,0.2356635403172913,<1mo
SPY260930P00702000,2026-09-16 19:21:25+00:00,702.0,1.35,0.93,0.94,0.39000005,40.625004,216.0,1200.0,0.2392654199218749,False,REGULAR,USD,put,2026-09-30,0.0383561643835616,754.0499877929688,0.935,0.0106951871657752,0.9309727622364744,0.2434887427639024,0.07137467291811639,1.1400250069547155,-0.8636253270818837,0.20502500695471548,<1mo
SPY260930P00703000,2026-09-16 19:48:13+00:00,703.0,1.02,0.96,0.97,-0.00999999,-0.9708729,233.0,1932.0,0.2371902453613281,False,REGULAR,USD,put,2026-09-30,0.0383561643835616,754.0499877929688,0.965,0.0103626943005181,0.9322989342624524,0.24144202150860597,0.08173925597916476,1.129704826137072,-0.8832607440208352,0.16470482613707194,<1mo
SPY260930P00704000,2026-09-16 19:32:28+00:00,704.0,1.18,0.99,1.0,0.120000005,11.320755,167.0,676.0,0.2349930017089843,False,REGULAR,USD,put,2026-09-30,0.0383561643835616,754.0499877929688,0.995,0.0100502512562814,0.9336251062884304,0.23932852881721345,0.09342690387180674,1.110686631354156,-0.9015730961281933,0.11568663135415591,<1mo
SPY260930P00705000,2026-09-16 19:52:16+00:00,705.0,1.04,1.02,1.03,-0.03000009,-2.8037467,1538.0,3798.0,0.2327957580566406,False,REGULAR,USD,put,2026-09-30,0.0383561643835616,754.0499877929688,1.025,0.0097560975609756,0.9349512783144082,0.23715025089666128,0.10657961912649583,1.0841647743760632,-0.9184203808735041,0.05916477437606327,<1mo
SPY260930P00706000,2026-09-16 19:35:10+00:00,706.0,1.21,1.06,1.07,0.13999999,13.084109,373.0,771.0,0.2310257562255859,False,REGULAR,USD,put,2026-09-30,0.0383561643835616,754.0499877929688,1.065,0.0093896713615023,0.936277450340386,0.23542413850165217,0.12135104689103926,1.0515199607910972,-0.9436489531089607,-0.013480039208902728,<1mo
SPY260930P00707000,2026-09-16 19:58:59+00:00,707.0,1.07,1.1,1.11,-0.059999943,-5.3097296,932.0,21154.0,0.2291336853027344,False,REGULAR,USD,put,2026-09-30,0.0383561643835616,754.0499877929688,1.105,0.0090497737556561,0.937603622366364,0.233609186230721,0.13790699507634763,1.014291409645466,-0.9670930049236524,-0.09070859035453394,<1mo
SPY260930P00708000,2026-09-16 18:40:13+00:00,708.0,0.92,1.14,1.15,-0.25999993,-22.033894,10.0,1114.0,0.2271805798339843,False,REGULAR,USD,put,2026-09-30,0.0383561643835616,754.0499877929688,1.145,0.0087336244541484,0.9389297943923418,0.23170879291609084,0.1564259282459428,0.9741461516096024,-0.9885740717540572,-0.17085384839039763,<1mo
SPY260930P00709000,2026-09-16 19:59:33+00:00,709.0,1.14,1.18,1.19,-0.08000004,-6.55738,240.0,1325.0,0.2251664398193359,False,REGULAR,USD,put,2026-09-30,0.0383561643835616,754.0499877929688,1.185,0.0084388185654008,0.9402559664183197,0.2297259976001463,0.17709942867472428,0.9328461290780297,-1.0079005713252758,-0.2521538709219704,<1mo
SPY260930P00710000,2026-09-16 20:05:36+00:00,710.0,1.21,1.22,1.24,0.07000005,6.1403556,608.0,13891.0,0.2235185070800781,False,REGULAR,USD,put,2026-09-30,0.0383561643835616,754.0499877929688,1.23,0.016260162601626,0.9415821384442976,0.2278929508740222,0.20013261775472913,0.8922137963768364,-1.0298673822452709,-0.3377862036231636,<1mo
SPY260930P00711000,2026-09-16 19:36:18+00:00,711.0,1.51,1.27,1.29,0.14999998,11.02941,231.0,1029.0,0.2217485052490234,False,REGULAR,USD,put,2026-09-30,0.0383561643835616,754.0499877929688,1.28,0.015625,0.9429083104702756,0.22619287784746872,0.2257445307443433,0.8540969383885795,-1.0542554692556567,-0.42590306161142055,<1mo
SPY260930P00712000,2026-09-16 19:29:05+00:00,712.0,1.85,1.32,1.34,0.71000004,62.2807,670.0,1107.0,0.2198564343261718,False,REGULAR,USD,put,2026-09-30,0.0383561643835616,754.0499877929688,1.33,0.0150375939849624,0.9442344824962532,0.22439376995543422,0.254168437745836,0.8203334312886454,-1.075831562254164,-0.5096665687113546,<1mo
SPY260930P00713000,2026-09-16 20:11:54+00:00,713.0,1.38,1.37,1.39,0.01999998,1.4705868,546.0,770.0,0.2179033288574218,False,REGULAR,USD,put,2026-09-30,0.0383561643835616,754.0499877929688,1.38,0.0144927536231882,0.9455606545222311,0.22249933941081035,0.28565210376479655,0.792716659939174,-1.0943478962352033,-0.5872833400608259,<1mo
SPY260930P00714000,2026-09-16 20:06:47+00:00,714.0,1.41,1.43,1.45,-0.07000005,-4.729733,459.0,883.0,0.2163164306640624,False,REGULAR,USD,put,2026-09-30,0.0383561643835616,754.0499877929688,1.44,0.0138888888888889,0.9468868265482092,0.22092070146410742,0.3204579807600858,0.772962283230413,-1.1195420192399141,-0.6670377167695869,<1mo
SPY260930P00715000,2026-09-16 19:46:07+00:00,715.0,1.61,1.49,1.5,0.08000004,5.2287607,300.0,7059.0,0.2141191870117187,False,REGULAR,USD,put,2026-09-30,0.0383561643835616,754.0499877929688,1.495,0.0066889632107023,0.948212998574187,0.2190323346653603,0.35886332473790006,0.7626770020802951,-1.1361366752621,-0.732322997919705,<1mo
SPY260930P00716000,2026-09-16 20:09:55+00:00,716.0,1.53,1.55,1.56,-0.05000007,-3.1645615,329.0,1556.0,0.2122881506347656,False,REGULAR,USD,put,2026-09-30,0.0383561643835616,754.0499877929688,1.5550000000000002,0.0064308681672025,0.9495391706001648,0.2172398097993908,0.4011602311866973,0.763329935851516,-1.1538397688133029,-0.7916700641484842,<1mo
SPY260930P00717000,2026-09-16 19:40:40+00:00,717.0,1.84,1.61,1.63,0.25,15.72327,133.0,894.0,0.2107012524414062,False,REGULAR,USD,put,2026-09-30,0.0383561643835616,754.0499877929688,1.62,0.0123456790123455,0.9508653426261428,0.21553008482968433,0.4476555824905404,0.7762271528365545,-1.1723444175094597,-0.8437728471634456,<1mo
SPY260930P00718000,2026-09-16 20:12:17+00:00,718.0,1.71,1.68,1.69,0.060000062,3.6363676,253.0,893.0,0.2086260778808593,False,REGULAR,USD,put,2026-09-30,0.0383561643835616,754.0499877929688,1.685,0.0059347181008902,0.9521915146521206,0.21370948906693812,0.49867090140273973,0.802489830600507,-1.1863290985972603,-0.882510169399493,<1mo
SPY260930P00719000,2026-09-16 20:08:49+00:00,719.0,1.76,1.74,1.76,0.049999952,2.9239738,838.0,795.0,0.2067950415039062,False,REGULAR,USD,put,2026-09-30,0.0383561643835616,754.0499877929688,1.75,0.0114285714285714,0.9535176866780986,0.21178186614870623,0.5545421052056412,0.8430364438978586,-1.1954578947943588,-0.9069635561021414,<1mo
SPY260930P00720000,2026-09-16 20:08:50+00:00,720.0,1.84,1.82,1.84,0.22000003,13.580249,2446.0,14761.0,0.2052081433105468,False,REGULAR,USD,put,2026-09-30,0.0383561643835616,754.0499877929688,1.83,0.0109289617486338,0.9548438587040764,0.21026496287717672,0.6156191558298545,0.8985692932814118,-1.2143808441701456,-0.9314307067185883,<1mo
SPY260930P00721000,2026-09-16 20:12:29+00:00,721.0,1.91,1.9,1.91,0.13,7.303371,551.0,1859.0,0.2031940032958984,False,REGULAR,USD,put,2026-09-30,0.0383561643835616,754.0499877929688,1.905,0.005249343832021,0.9561700307300544,0.2084527833684831,0.6822656019488988,0.9695655981686286,-1.2227343980511012,-0.9354344018313714,<1mo
SPY260930P00722000,2026-09-16 20:08:50+00:00,722.0,2.0,1.97,1.99,0.14999998,8.108107,139.0,2037.0,0.2013629669189452,False,REGULAR,USD,put,2026-09-30,0.0383561643835616,754.0499877929688,1.98,0.0101010101010101,0.9574962027560322,0.20652563776516955,0.7548580099037636,1.0562732858361414,-1.2251419900962364,-0.9237267141638585,<1mo
SPY260930P00723000,2026-09-16 20:12:29+00:00,723.0,2.08,2.06,2.08,0.07999992,3.9999962,113.0,657.0,0.1997150341796875,False,REGULAR,USD,put,2026-09-30,0.0383561643835616,754.0499877929688,2.0700000000000003,0.0096618357487922,0.95882237478201,0.20495935491270303,0.8337852812356488,1.1587115144229756,-1.2362147187643515,-0.9112884855770247,<1mo
SPY260930P00724000,2026-09-16 20:08:50+00:00,724.0,2.17,2.15,2.17,0.029999971,1.4018677,484.0,1379.0,0.1978839978027343,False,REGULAR,USD,put,2026-09-30,0.0383561643835616,754.0499877929688,2.16,0.0092592592592592,0.960148546807988,0.20325923747380115,0.9194478556075225,1.2766758753460863,-1.2405521443924776,-0.8833241246539139,<1mo
SPY260930P00725000,2026-09-16 20:12:44+00:00,725.0,2.28,2.25,2.26,0.18000007,8.571433,1319.0,18256.0,0.1959919268798828,False,REGULAR,USD,put,2026-09-30,0.0383561643835616,754.0499877929688,2.255,0.0044345898004433,0.9614747188339658,0.20157857259860928,1.012256798971066,1.4097481303405175,-1.2427432010289339,-0.8452518696594824,<1mo
SPY260930P00726000,2026-09-16 20:09:45+00:00,726.0,2.29,2.34,2.36,0.059999943,2.6905804,77.0,908.0,0.1942219250488281,False,REGULAR,USD,put,2026-09-30,0.0383561643835616,754.0499877929688,2.3499999999999996,0.0085106382978723,0.9628008908599436,0.1997647331160633,1.1126327779580265,1.5573102522961335,-1.2373672220419731,-0.7926897477038661,<1mo
SPY260930P00727000,2026-09-16 20:08:50+00:00,727.0,2.47,2.45,2.47,0.16000009,6.92641,235.0,1196.0,0.1926350268554687,False,REGULAR,USD,put,2026-09-30,0.0383561643835616,754.0499877929688,2.46,0.008130081300813,0.9641270628859216,0.1982439547251713,1.2210049226609243,1.7185624587506254,-1.2389950773390757,-0.7414375412493746,<1mo
SPY260930P00728000,2026-09-16 20:12:05+00:00,728.0,2.61,2.56,2.58,0.109999895,4.399996,186.0,1092.0,0.190865025024414,False,REGULAR,USD,put,2026-09-30,0.0383561643835616,754.0499877929688,2.5700000000000003,0.0077821011673151,0.9654532349118996,0.196575408720045,1.3378095811621336,1.8925448537074772,-1.2321904188378667,-0.6774551462925231,<1mo
SPY260930P00729000,2026-09-16 20:08:50+00:00,729.0,2.7,2.68,2.69,0.25,10.204082,94.0,1839.0,0.1889729541015625,False,REGULAR,USD,put,2026-09-30,0.0383561643835616,754.0499877929688,2.685,0.0037243947858472,0.9667794069378772,0.19489704100963634,1.4634889703993963,2.078162228667452,-1.2215110296006038,-0.6068377713325481,<1mo
SPY260930P00730000,2026-09-16 20:13:33+00:00,730.0,2.76,2.8,2.81,0.18000007,6.9767475,22802.0,25887.0,0.1871419177246094,False,REGULAR,USD,put,2026-09-30,0.0383561643835616,754.0499877929688,2.8049999999999997,0.0035650623885918,0.9681055789638552,0.1932025816989953,1.5984897291753555,2.2742115184152,-1.2065102708246442,-0.5307884815847999,<1mo
SPY260930P00731000,2026-09-16 20:08:50+00:00,731.0,2.95,2.93,2.94,0.20000005,7.2727284,178.0,1667.0,0.1854939849853515,False,REGULAR,USD,put,2026-09-30,0.0383561643835616,754.0499877929688,2.935,0.0034071550255535,0.9694317509898333,0.19161246584331784,1.7432613803169374,2.4794113620947655,-1.1917386196830626,-0.4555886379052345,<1mo
SPY260930P00732000,2026-09-16 20:10:25+00:00,732.0,3.05,3.06,3.08,0.14999986,5.1724086,377.0,1709.0,0.1838460522460937,False,REGULAR,USD,put,2026-09-30,0.0383561643835616,754.0499877929688,3.0700000000000003,0.006514657980456,0.970757923015811,0.18998828158527165,1.8982547101672935,2.6924331860650454,-1.1717452898327068,-0.37756681393495484,<1mo
SPY260930P00733000,2026-09-16 20:08:49+00:00,733.0,3.22,3.21,3.22,0.23000002,7.6923084,86.0,875.0,0.182076050415039,False,REGULAR,USD,put,2026-09-30,0.0383561643835616,754.0499877929688,3.215,0.0031104199066874,0.9720840950417888,0.18844510166519912,2.063920074702935,2.9119332024016558,-1.151079925297065,-0.3030667975983441,<1mo
SPY260930P00734000,2026-09-16 20:08:49+00:00,734.0,3.37,3.35,3.37,0.30999994,10.130717,158.0,1777.0,0.1803670831298828,False,REGULAR,USD,put,2026-09-30,0.0383561643835616,754.0499877929688,3.3600000000000003,0.0059523809523809,0.9734102670677668,0.1867351800130857,2.2407056426229417,3.1365847059020098,-1.1192943573770586,-0.22341529409799055,<1mo
SPY260930P00735000,2026-09-16 20:08:49+00:00,735.0,3.52,3.51,3.52,0.53,17.725752,35585.0,21304.0,0.1784750122070312,False,REGULAR,USD,put,2026-09-30,0.0383561643835616,754.0499877929688,3.5149999999999997,0.0028449502133713,0.9747364390937446,0.18509126608044313,2.4290555867187322,3.365110053067724,-1.0859444132812675,-0.14988994693227564,<1mo
SPY260930P00736000,2026-09-16 20:03:49+00:00,736.0,3.5,3.68,3.69,0.099999905,2.9411736,123.0,681.0,0.1768881140136718,False,REGULAR,USD,put,2026-09-30,0.0383561643835616,754.0499877929688,3.685,0.0027137042062414,0.9760626111197226,0.18361242538095013,2.62940823569744,3.5963117185456213,-1.05559176430256,-0.08868828145437879,<1mo
SPY260930P00737000,2026-09-16 20:08:49+00:00,737.0,3.86,3.84,3.87,0.54999995,16.616314,585.0,10002.0,0.1753012158203125,False,REGULAR,USD,put,2026-09-30,0.0383561643835616,754.0499877929688,3.855,0.0077821011673152,0.9773887831457004,0.18195215520051308,2.8421941993797475,3.829101847482548,-1.0128058006202525,-0.0258981525174522,<1mo
SPY260930P00738000,2026-09-16 20:01:54+00:00,738.0,3.88,4.02,4.05,0.2800002,7.777784,257.0,1216.0,0.1735312139892578,False,REGULAR,USD,put,2026-09-30,0.0383561643835616,754.0499877929688,4.035,0.0074349442379182,0.9787149551716784,0.18032765437190817,3.0678344808172824,4.062529755578339,-0.9671655191827178,0.02752975557833892,<1mo
SPY260930P00739000,2026-09-16 20:13:26+00:00,739.0,4.19,4.21,4.24,0.46000004,12.33244,582.0,1696.0,0.1717612121582031,False,REGULAR,USD,put,2026-09-30,0.0383561643835616,754.0499877929688,4.225,0.0071005917159763,0.9800411271976562,0.17872828745919891,3.3067385893515393,4.295806871507693,-0.9182614106484603,0.07080687150769371,<1mo
SPY260930P00740000,2026-09-16 20:13:51+00:00,740.0,4.43,4.41,4.44,0.7299998,19.729723,2967.0,23483.0,0.1700522448730469,False,REGULAR,USD,put,2026-09-30,0.0383561643835616,754.0499877929688,4.425000000000001,0.0067796610169492,0.981367299223634,0.1771440472981535,3.559302668973487,4.528328667861388,-0.8656973310265137,0.10332866786138695,<1mo
SPY260930P00741000,2026-09-16 20:02:41+00:00,741.0,4.52,4.61,4.65,0.4000001,9.70874,131.0,1275.0,0.1682822430419922,False,REGULAR,USD,put,2026-09-30,0.0383561643835616,754.0499877929688,4.630000000000001,0.0086393088552915,0.982693471249612,0.17546534003983086,3.8259076565193197,4.7596931857666505,-0.804092343480681,0.12969318576664968,<1mo
SPY260930P00742000,2026-09-16 20:07:50+00:00,742.0,4.81,4.83,4.88,0.3499999,7.847532,403.0,913.0,0.166725862121582,False,REGULAR,USD,put,2026-09-30,0.0383561643835616,754.0499877929688,4.855,0.0102986611740473,0.98401964327559,0.17398361643199275,4.106917484250431,4.989715823656752,-0.7480825157495694,0.1347158236567516,<1mo
SPY260930P00743000,2026-09-16 20:13:51+00:00,743.0,5.09,5.07,5.11,0.5700002,12.610623,118.0,1922.0,0.1649253430175781,False,REGULAR,USD,put,2026-09-30,0.0383561643835616,754.0499877929688,5.09,0.0078585461689587,0.9853458153015676,0.17248631173254544,4.402677341220368,5.218440131008833,-0.6873226587796317,0.12844013100883345,<1mo
SPY260930P00744000,2026-09-16 20:07:50+00:00,744.0,5.28,5.32,5.36,0.41000032,8.418898,356.0,1122.0,0.1633079275512695,False,REGULAR,USD,put,2026-09-30,0.0383561643835616,754.0499877929688,5.34,0.0074906367041198,0.9866719873275456,0.17106031331000654,4.713512007516442,5.446144421878216,-0.6264879924835576,0.10614442187821638,<1mo
SPY260930P00745000,2026-09-16 20:09:35+00:00,745.0,5.56,5.57,5.62,0.9299998,20.08639,8341.0,17186.0,0.1616294775390624,False,REGULAR,USD,put,2026-09-30,0.0383561643835616,754.0499877929688,5.595000000000001,0.0089365504915102,0.9879981593535236,0.1695070147529152,5.03972427498735,5.6733440993617705,-0.5552757250126508,0.07834409936176989,<1mo
SPY260930P00746000,2026-09-16 20:08:41+00:00,746.0,5.9,5.85,5.89,0.6600003,12.595427,148.0,1741.0,0.1599205102539062,False,REGULAR,USD,put,2026-09-30,0.0383561643835616,754.0499877929688,5.869999999999999,0.0068143100511073,0.9893243313795014,0.16809889600846986,5.381593467436204,5.900789659306383,-0.4884065325637952,0.03078965930638411,<1mo
SPY260930P00747000,2026-09-16 20:07:50+00:00,747.0,6.11,6.13,6.18,0.55999994,10.090089,814.0,2483.0,0.1583336120605468,False,REGULAR,USD,put,2026-09-30,0.0383561643835616,754.0499877929688,6.154999999999999,0.0081234768480909,0.9906505034054792,0.16663990780198706,5.739374072470127,6.129460418252052,-0.41562592752987193,-0.025539581747947793,<1mo
SPY260930P00748000,2026-09-16 20:08:41+00:00,748.0,6.49,6.43,6.48,0.88999987,15.892855,259.0,1466.0,0.1566246447753906,False,REGULAR,USD,put,2026-09-30,0.0383561643835616,754.0499877929688,6.455,0.007745933384973,0.9919766754314572,0.16521272703679746,6.113294496272772,6.360554085442004,-0.3417055037272281,-0.09444591455799589,<1mo
SPY260930P00749000,2026-09-16 20:08:41+00:00,749.0,6.8,6.75,6.8,0.73,12.026359,181.0,734.0,0.1550682638549805,False,REGULAR,USD,put,2026-09-30,0.0383561643835616,754.0499877929688,6.775,0.0073800738007379,0.993302847457435,0.1638957677905323,6.503555951508247,6.595472370411358,-0.2714440484917535,-0.17952762958864277,<1mo
SPY260930P00750000,2026-09-16 20:14:55+00:00,750.0,7.09,7.09,7.13,1.27,21.821304,13769.0,18605.0,0.1533898138427734,False,REGULAR,USD,put,2026-09-30,0.0383561643835616,754.0499877929688,7.109999999999999,0.0056258790436005,0.994629019483413,0.16258971997949764,6.910331487388078,6.835802885029807,-0.19966851261192176,-0.2741971149701925,<1mo
SPY260930P00751000,2026-09-16 19:52:45+00:00,751.0,7.54,7.44,7.49,1.4000001,22.801306,465.0,1272.0,0.1519555020141602,False,REGULAR,USD,put,2026-09-30,0.0383561643835616,754.0499877929688,7.465,0.0066979236436704,0.9959551915093908,0.16137278973929772,7.333765169657397,7.083297660774065,-0.13123483034260275,-0.3817023392259351,<1mo
SPY260930P00752000,2026-09-16 20:01:32+00:00,752.0,7.71,7.81,7.86,0.7600002,10.935255,235.0,4997.0,0.15039912109375,False,REGULAR,USD,put,2026-09-30,0.0383561643835616,754.0499877929688,7.835,0.0063816209317167,0.9972813635353688,0.16014920888742543,7.773971416890788,7.339848657498919,-0.06102858310921189,-0.4951513425010807,<1mo
SPY260930P00753000,2026-09-16 20:04:33+00:00,753.0,8.04,8.2,8.25,0.63999987,8.648646,313.0,1044.0,0.1489037747192382,False,REGULAR,USD,put,2026-09-30,0.0383561643835616,754.0499877929688,8.225,0.0060790273556231,0.9986075355613466,0.15899722690211052,8.231034498059671,7.607460688177298,0.006034498059671378,-0.6175393118227017,<1mo
SPY260930P00754000,2026-09-16 20:07:38+00:00,754.0,8.6,8.62,8.67,1.5400004,21.813038,478.0,6407.0,0.1476220492553711,False,REGULAR,USD,put,2026-09-30,0.0383561643835616,754.0499877929688,8.645,0.0057836899942163,0.9999337075873244,0.1580790556196908,8.705008194849938,7.888222224320657,0.06000819484993869,-0.7567777756793426,<1mo
SPY261016P00530000,2026-09-16 19:15:53+00:00,530.0,0.23,0.19,0.2,0.030000001,15.0,8.0,822.0,0.4985401708984375,False,REGULAR,USD,put,2026-10-16,0.0821917808219178,754.0499877929688,0.195,0.0512820512820513,0.7028711737682785,0.5017471817223016,1.0133169222173808e-14,-0.04469195519106961,-0.19499999999998988,-0.23969195519106962,<1mo
SPY261016P00535000,2026-09-16 19:29:19+00:00,535.0,0.25,0.2,0.21,0.049999997,24.999998,6.0,633.0,0.4892629199218751,False,REGULAR,USD,put,2026-10-16,0.0821917808219178,754.0499877929688,0.205,0.0487804878048779,0.7095020338981679,0.4926412182518977,5.236674351493333e-14,-0.19306183182357017,-0.2049999999999476,-0.39806183182357013,<1mo
SPY261016P00540000,2026-09-16 19:51:23+00:00,540.0,0.21,0.22,0.23,-0.010000005,-4.545457,260.0,5166.0,0.48242705078125,False,REGULAR,USD,put,2026-10-16,0.0821917808219178,754.0499877929688,0.225,0.0444444444444444,0.7161328940280574,0.48604599623415407,2.5593395631456226e-13,-0.18232756796987815,-0.22499999999974407,-0.4073275679698781,<1mo
SPY261016P00545000,2026-09-16 19:57:29+00:00,545.0,0.23,0.23,0.24,-0.00999999,-4.1666627,43.0,737.0,0.4731497998046875,False,REGULAR,USD,put,2026-10-16,0.0821917808219178,754.0499877929688,0.235,0.0425531914893616,0.7227637541579467,0.47657904876872387,1.1846678683209076e-12,-0.022866805654530253,-0.23499999999881532,-0.25786680565453024,<1mo
SPY261016P00550000,2026-09-16 19:51:19+00:00,550.0,0.25,0.25,0.26,0.0,0.0,520.0,12689.0,0.4655815161132813,False,REGULAR,USD,put,2026-10-16,0.0821917808219178,754.0499877929688,0.255,0.0392156862745098,0.7293946142878361,0.4693313800850151,5.200878631664217e-12,0.15846791276408112,-0.2549999999947991,-0.09653208723591888,<1mo
SPY261016P00555000,2026-09-16 19:32:04+00:00,555.0,0.29,0.26,0.27,0.03999999,15.999996,1.0,529.0,0.4555718505859375,False,REGULAR,USD,put,2026-10-16,0.0821917808219178,754.0499877929688,0.265,0.0377358490566038,0.7360254744177256,0.4595886190106974,2.168527441650421e-11,0.22208349166692187,-0.26499999997831475,-0.04291650833307814,<1mo
SPY261016P00560000,2026-09-16 19:17:58+00:00,560.0,0.33,0.28,0.29,0.050000012,17.857145,47.0,386.0,0.4477594287109374,False,REGULAR,USD,put,2026-10-16,0.0821917808219178,754.0499877929688,0.285,0.0350877192982454,0.742656334547615,0.4518233772467355,8.598849637908921e-11,0.1224593824783824,-0.2849999999140115,-0.16254061752161758,<1mo
SPY261016P00565000,2026-09-16 19:48:26+00:00,565.0,0.3,0.3,0.31,-0.030000001,-9.090909,15.0,851.0,0.4397028686523437,False,REGULAR,USD,put,2026-10-16,0.0821917808219178,754.0499877929688,0.305,0.0327868852459016,0.7492871946775044,0.4437697554172291,3.24687373059668e-10,-0.0622120660307246,-0.3049999996753126,-0.3672120660307246,<1mo
SPY261016P00570000,2026-09-16 19:33:42+00:00,570.0,0.35,0.32,0.33,0.030000001,9.375,14.0,912.0,0.4311580322265625,False,REGULAR,USD,put,2026-10-16,0.0821917808219178,754.0499877929688,0.325,0.0307692307692307,0.7559180548073938,0.43546107836065934,1.1689244670407498e-09,-0.19331367703398428,-0.32499999883107555,-0.5183136770339842,<1mo
SPY261016P00575000,2026-09-16 19:29:21+00:00,575.0,0.42,0.34,0.35,0.059999973,16.666658,303.0,1037.0,0.4226131958007812,False,REGULAR,USD,put,2026-10-16,0.0821917808219178,754.0499877929688,0.345,0.0289855072463766,0.7625489149372833,0.42692497907369314,4.0173034939558025e-09,-0.17487899705042764,-0.3449999959826965,-0.5198789970504276,<1mo
SPY261016P00580000,2026-09-16 19:50:48+00:00,580.0,0.37,0.37,0.38,-0.00999999,-2.6315765,100.0,1721.0,0.4152890502929687,False,REGULAR,USD,put,2026-10-16,0.0821917808219178,754.0499877929688,0.375,0.0266666666666666,0.7691797750671727,0.4197294059984622,1.319552200719088e-08,-0.019864444941731563,-0.374999986804478,-0.39486444494173156,<1mo
SPY261016P00585000,2026-09-16 19:45:07+00:00,585.0,0.43,0.39,0.4,-0.01999998,-4.4444404,3.0,1810.0,0.4062559375,False,REGULAR,USD,put,2026-10-16,0.0821917808219178,754.0499877929688,0.395,0.0253164556962025,0.7758106351970621,0.41071641178337764,4.147295569344871e-08,0.16404242339422126,-0.39499995852704434,-0.23095757660577876,<1mo
SPY261016P00590000,2026-09-16 19:16:55+00:00,590.0,0.49,0.42,0.43,0.07000002,16.666674,40.0,3207.0,0.398443515625,False,REGULAR,USD,put,2026-10-16,0.0821917808219178,754.0499877929688,0.425,0.0235294117647059,0.7824414953269515,0.40289695298898687,1.2486462904664756e-07,0.25311801638099496,-0.42499987513537096,-0.17188198361900503,<1mo
SPY261016P00595000,2026-09-16 19:44:30+00:00,595.0,0.48,0.45,0.46,0.07999998,19.999994,6.0,1690.0,0.3901428173828125,False,REGULAR,USD,put,2026-10-16,0.0821917808219178,754.0499877929688,0.455,0.0219780219780219,0.789072355456841,0.3947663267884491,3.605179699211827e-07,0.1924193286931768,-0.4549996394820301,-0.2625806713068232,<1mo
SPY261016P00600000,2026-09-16 19:58:39+00:00,600.0,0.48,0.48,0.49,0.00999999,2.1276577,152.0,12030.0,0.3815979809570312,False,REGULAR,USD,put,2026-10-16,0.0821917808219178,754.0499877929688,0.485,0.0206185567010309,0.7957032155867303,0.38635733352403484,9.992923116230762e-07,0.02952854475688582,-0.48499900070768837,-0.45547145524311416,<1mo
SPY261016P00605000,2026-09-16 19:40:33+00:00,605.0,0.54,0.51,0.52,0.04000002,8.000004,43.0,2515.0,0.3728090063476562,False,REGULAR,USD,put,2026-10-16,0.0821917808219178,754.0499877929688,0.515,0.0194174757281553,0.8023340757166197,0.37769703819196365,2.6618901356302376e-06,-0.1211591709396771,-0.5149973381098644,-0.6361591709396771,<1mo
SPY261016P00610000,2026-09-16 19:38:06+00:00,610.0,0.58,0.54,0.55,0.03999996,7.4074,66.0,3738.0,0.3637758935546875,False,REGULAR,USD,put,2026-10-16,0.0821917808219178,754.0499877929688,0.545,0.018348623853211,0.8089649358465092,0.3688079336325559,6.821231311727105e-06,-0.15526889606280747,-0.5449931787686884,-0.7002688960628075,<1mo
SPY261016P00615000,2026-09-16 13:33:56+00:00,615.0,0.48,0.58,0.59,-0.109999985,-18.644066,5.0,1248.0,0.3557193334960937,False,REGULAR,USD,put,2026-10-16,0.0821917808219178,754.0499877929688,0.585,0.0170940170940171,0.8155957959763986,0.36067929193834464,1.6832302021230986e-05,-0.04429607644647149,-0.5849831676979788,-0.6292960764464715,<1mo
SPY261016P00620000,2026-09-16 20:02:46+00:00,620.0,0.61,0.62,0.63,0.02000004,3.3898375,144.0,4265.0,0.3471744970703124,False,REGULAR,USD,put,2026-10-16,0.0821917808219178,754.0499877929688,0.625,0.016,0.822226656106288,0.3522372685709884,4.003647589116005e-05,0.15013154962093722,-0.6249599635241089,-0.4748684503790628,<1mo
SPY261016P00625000,2026-09-16 19:54:52+00:00,625.0,0.65,0.66,0.67,0.0,0.0,103.0,156857.0,0.3382634533691406,False,REGULAR,USD,put,2026-10-16,0.0821917808219178,754.0499877929688,0.665,0.0150375939849624,0.8288575162361774,0.343510571727105,9.187858930098831e-05,0.31865648970699567,-0.664908121410699,-0.34634351029300436,<1mo
SPY261016P00630000,2026-09-16 19:42:39+00:00,630.0,0.77,0.71,0.72,0.06999999,9.999999,1977.0,33588.0,0.329962755126953,False,REGULAR,USD,put,2026-10-16,0.0821917808219178,754.0499877929688,0.715,0.013986013986014,0.8354883763660669,0.33531188170501364,0.00020362219930848344,0.3732931546128384,-0.7147963778006915,-0.34170684538716156,<1mo
SPY261016P00635000,2026-09-16 19:29:58+00:00,635.0,0.88,0.76,0.77,0.13999999,18.918917,73.0,2517.0,0.3212958496093749,False,REGULAR,USD,put,2026-10-16,0.0821917808219178,754.0499877929688,0.765,0.0130718954248366,0.8421192364959563,0.32677119970320767,0.00043620096999888447,0.29978560740880766,-0.7645637990300012,-0.46521439259119235,<1mo
SPY261016P00640000,2026-09-16 19:55:20+00:00,640.0,0.82,0.81,0.82,0.00999999,1.2345667,72.0,5973.0,0.312384805908203,False,REGULAR,USD,put,2026-10-16,0.0821917808219178,754.0499877929688,0.815,0.0122699386503066,0.8487500966258457,0.3179178432614383,0.0009040447723607931,0.16342391346302065,-0.8140959552276391,-0.6515760865369793,<1mo
SPY261016P00645000,2026-09-16 19:41:31+00:00,645.0,0.92,0.87,0.88,0.050000012,5.7471275,216.0,5360.0,0.3037179003906249,False,REGULAR,USD,put,2026-10-16,0.0821917808219178,754.0499877929688,0.875,0.0114285714285714,0.8553809567557351,0.3094160263268846,0.0018143433241061824,0.06824233308566363,-0.8731856566758938,-0.8067576669143364,<1mo
SPY261016P00650000,2026-09-16 19:59:57+00:00,650.0,0.92,0.94,0.95,0.030000031,3.37079,507.0,25499.0,0.2954172021484375,False,REGULAR,USD,put,2026-10-16,0.0821917808219178,754.0499877929688,0.945,0.0105820105820105,0.8620118168856246,0.30115624392515367,0.0035290148440933478,0.09636909681000816,-0.9414709851559067,-0.8486309031899918,<1mo
SPY261016P00655000,2026-09-16 19:58:07+00:00,655.0,1.01,1.02,1.03,0.03999996,4.1237073,517.0,13635.0,0.2871165039062499,False,REGULAR,USD,put,2026-10-16,0.0821917808219178,754.0499877929688,1.025,0.0097560975609756,0.868642677015514,0.2930401248120274,0.006658319757637643,0.2633204753631162,-1.0183416802423624,-0.7616795246368837,<1mo
SPY261016P00660000,2026-09-16 19:48:09+00:00,660.0,1.14,1.11,1.12,0.06999993,6.5420494,5796.0,8793.0,0.2789378747558593,False,REGULAR,USD,put,2026-10-16,0.0821917808219178,754.0499877929688,1.1150000000000002,0.0089686098654708,0.8752735371454033,0.2849812054058429,0.012196088846132214,0.5131391427953531,-1.102803911153868,-0.6018608572046471,<1mo
SPY261016P00665000,2026-09-16 19:39:54+00:00,665.0,1.18,1.21,1.22,-0.0200001,-1.666675,262.0,4574.0,0.2707592456054687,False,REGULAR,USD,put,2026-10-16,0.0821917808219178,754.0499877929688,1.215,0.0082304526748971,0.8819043972752928,0.2769045166375174,0.02170623014865858,0.7533323971763366,-1.1932937698513415,-0.4616676028236635,<1mo
SPY261016P00670000,2026-09-16 19:56:06+00:00,670.0,1.3,1.32,1.33,0.049999952,3.9999962,904.0,15461.0,0.2624585473632813,False,REGULAR,USD,put,2026-10-16,0.0821917808219178,754.0499877929688,1.3250000000000002,0.0075471698113207,0.8885352574051822,0.26874541473280456,0.03756775927336298,0.9079289266761634,-1.2874322407266372,-0.41707107332383675,<1mo
SPY261016P00675000,2026-09-16 20:10:34+00:00,675.0,1.45,1.45,1.47,0.0200001,1.3986084,445.0,14009.0,0.2547681945800781,False,REGULAR,USD,put,2026-10-16,0.0821917808219178,754.0499877929688,1.46,0.0136986301369863,0.8951661175350717,0.2610429743785777,0.06328037008232901,0.9590227063905559,-1.396719629917671,-0.5009772936094441,<1mo
SPY261016P00680000,2026-09-16 20:08:49+00:00,680.0,1.56,1.61,1.62,0.07999992,5.4054003,2940.0,26827.0,0.2467726690673828,False,REGULAR,USD,put,2026-10-16,0.0821917808219178,754.0499877929688,1.6150000000000002,0.0061919504643962,0.901796977664961,0.2534228241389105,0.10382416565407837,0.9556583369185319,-1.5111758343459218,-0.6593416630814684,<1mo
SPY261016P00685000,2026-09-16 20:10:34+00:00,685.0,1.78,1.78,1.79,0.13999999,8.536584,353.0,4545.0,0.238716109008789,False,REGULAR,USD,put,2026-10-16,0.0821917808219178,754.0499877929688,1.785,0.0056022408963585,0.9084278377948504,0.24559917039987156,0.1660558414225335,0.9876524558636675,-1.6189441585774664,-0.7973475441363325,<1mo
SPY261016P00690000,2026-09-16 20:08:37+00:00,690.0,1.96,1.98,2.01,0.13,7.103825,2176.0,12176.0,0.2315140325927734,False,REGULAR,USD,put,2026-10-16,0.0821917808219178,754.0499877929688,1.995,0.0150375939849623,0.91505869792474,0.23827328301898643,0.2591104025298385,1.1401957957098148,-1.7358895974701616,-0.8548042042901853,<1mo
SPY261016P00695000,2026-09-16 20:07:24+00:00,695.0,2.22,2.22,2.24,0.18000007,8.823533,1635.0,8112.0,0.2235795416259765,False,REGULAR,USD,put,2026-10-16,0.0821917808219178,754.0499877929688,2.2300000000000004,0.0089686098654708,0.9216895580546292,0.23078309496564534,0.3947643271553254,1.453604607823081,-1.835235672844675,-0.7763953921769193,<1mo
SPY261016P00700000,2026-09-16 20:13:23+00:00,700.0,2.5,2.5,2.53,0.23000002,10.132159,13311.0,29708.0,0.2163164306640624,False,REGULAR,USD,put,2026-10-16,0.0821917808219178,754.0499877929688,2.5149999999999997,0.0119284294234591,0.9283204181845188,0.2236638123130226,0.5877055860344811,1.9081145596687747,-1.9272944139655186,-0.6068854403312249,<1mo
SPY261016P00701000,2026-09-16 19:34:33+00:00,701.0,2.83,2.56,2.59,0.46000004,19.409285,127.0,2809.0,0.2147905670166015,False,REGULAR,USD,put,2026-10-16,0.0821917808219178,754.0499877929688,2.575,0.0116504854368931,0.9296465902104968,0.22218721962500837,0.6346743153207086,2.0107097338855056,-1.9403256846792916,-0.5642902661144946,<1mo
SPY261016P00702000,2026-09-16 19:54:54+00:00,702.0,2.67,2.63,2.66,0.1500001,5.952385,261.0,1246.0,0.2134478070068359,False,REGULAR,USD,put,2026-10-16,0.0821917808219178,754.0499877929688,2.645,0.0113421550094518,0.9309727622364744,0.22091152370076747,0.6847899733022231,2.1157813621563264,-1.9602100266977769,-0.5292186378436736,<1mo
SPY261016P00703000,2026-09-16 20:08:49+00:00,703.0,2.65,2.69,2.72,0.0400002,1.5325748,81.0,1252.0,0.2117998742675781,False,REGULAR,USD,put,2026-10-16,0.0821917808219178,754.0499877929688,2.705,0.011090573012939,0.9322989342624524,0.21934516340283666,0.7382135204194569,2.222702558585297,-1.9667864795805432,-0.482297441414703,<1mo
SPY261016P00704000,2026-09-16 20:08:37+00:00,704.0,2.74,2.76,2.79,0.00999999,0.36630002,41.0,1548.0,0.210396079711914,False,REGULAR,USD,put,2026-10-16,0.0821917808219178,754.0499877929688,2.775,0.0108108108108109,0.9336251062884304,0.21797269360558502,0.7951105167741659,2.330863474127682,-1.979889483225834,-0.444136525872318,<1mo
SPY261016P00705000,2026-09-16 20:08:37+00:00,705.0,2.81,2.83,2.86,0.17999983,6.8440995,4210.0,11028.0,0.208870216064453,False,REGULAR,USD,put,2026-10-16,0.0821917808219178,754.0499877929688,2.845,0.0105448154657292,0.9349512783144082,0.2165511409296253,0.8556510135625928,2.439685207047205,-1.9893489864374074,-0.40531479295279516,<1mo
SPY261016P00706000,2026-09-16 19:29:12+00:00,706.0,3.55,2.91,2.94,0.73,25.886526,182.0,1120.0,0.2075884906005859,False,REGULAR,USD,put,2026-10-16,0.0821917808219178,754.0499877929688,2.925,0.0102564102564101,0.936277450340386,0.21530821633092823,0.9200094269311521,2.548632976171689,-2.0049905730688478,-0.376367023828311,<1mo
SPY261016P00707000,2026-09-16 19:53:41+00:00,707.0,3.02,2.98,3.01,0.16000009,5.5944085,161.0,923.0,0.2060015924072265,False,REGULAR,USD,put,2026-10-16,0.0821917808219178,754.0499877929688,2.995,0.0100166944908179,0.937603622366364,0.21378743351028587,0.9883643940334181,2.6572283005170902,-2.006635605966582,-0.33777169948290986,<1mo
SPY261016P00708000,2026-09-16 19:58:51+00:00,708.0,3.01,3.06,3.09,0.109999895,3.7930996,94.0,2845.0,0.2045672805786132,False,REGULAR,USD,put,2026-10-16,0.0821917808219178,754.0499877929688,3.075,0.0097560975609755,0.9389297943923418,0.2124390800374501,1.0608986111441538,2.7650599531343687,-2.0141013888558463,-0.3099400468656315,<1mo
SPY261016P00709000,2026-09-16 19:50:37+00:00,709.0,3.19,3.14,3.17,0.19000006,6.3333354,67.0,1635.0,0.2030719342041015,False,REGULAR,USD,put,2026-10-16,0.0821917808219178,754.0499877929688,3.155,0.0095087163232962,0.9402559664183197,0.2110375970267876,1.137798653766609,2.8717934855691283,-2.017201346233391,-0.2832065144308715,<1mo
SPY261016P00710000,2026-09-16 20:09:12+00:00,710.0,3.26,3.24,3.25,0.29999995,10.135134,3879.0,11736.0,0.2015460705566406,False,REGULAR,USD,put,2026-10-16,0.0821917808219178,754.0499877929688,3.245,0.0030816640986131,0.9415821384442976,0.20979471681789305,1.2192547787527417,2.977179151402538,-2.0257452212472584,-0.267820848597462,<1mo
SPY261016P00711000,2026-09-16 19:57:27+00:00,711.0,3.24,3.31,3.34,0.120000124,3.846158,40.0,3787.0,0.2001727932739258,False,REGULAR,USD,put,2026-10-16,0.0821917808219178,754.0499877929688,3.325,0.0090225563909773,0.9429083104702756,0.20828636720620886,1.3054607085407213,3.081058092316198,-2.019539291459279,-0.2439419076838023,<1mo
SPY261016P00712000,2026-09-16 19:55:34+00:00,712.0,3.4,3.4,3.43,0.20000005,6.250001,588.0,843.0,0.1987384814453124,False,REGULAR,USD,put,2026-10-16,0.0821917808219178,754.0499877929688,3.415,0.0087847730600293,0.9442344824962532,0.2069311557529369,1.3966133977060196,3.18336668714403,-2.0183866022939805,-0.23163331285597,<1mo
SPY261016P00713000,2026-09-16 20:08:42+00:00,713.0,3.52,3.49,3.52,0.21000004,6.3444123,95.0,1315.0,0.1972431350708007,False,REGULAR,USD,put,2026-10-16,0.0821917808219178,754.0499877929688,3.505,0.0085592011412267,0.9455606545222311,0.20551954747308024,1.4929127821055204,3.2841390027429043,-2.0120872178944795,-0.22086099725709563,<1mo
SPY261016P00714000,2026-09-16 20:08:37+00:00,714.0,3.56,3.59,3.62,0.109999895,3.1884027,10069.0,1247.0,0.1959003750610352,False,REGULAR,USD,put,2026-10-16,0.0821917808219178,754.0499877929688,3.605,0.0083217753120666,0.9468868265482092,0.20424862995338597,1.5945615109924915,3.3835073243628813,-2.0104384890075084,-0.22149267563711872,<1mo
SPY261016P00715000,2026-09-16 20:13:09+00:00,715.0,3.73,3.68,3.71,0.3900001,11.67665,676.0,9407.0,0.1942829595947265,False,REGULAR,USD,put,2026-10-16,0.0821917808219178,754.0499877929688,3.695,0.0081190798376183,0.948212998574187,0.2027238822781892,1.70176466256504,3.4817007818109005,-1.9932353374349598,-0.21329921818909936,<1mo
SPY261016P00716000,2026-09-16 20:12:57+00:00,716.0,3.82,3.78,3.82,0.30999994,8.831907,13630.0,1579.0,0.1930012341308593,False,REGULAR,USD,put,2026-10-16,0.0821917808219178,754.0499877929688,3.8,0.0105263157894736,0.9495391706001648,0.20142959142517924,1.8147294435057262,3.5790421252690976,-1.9852705564942736,-0.22095787473090223,<1mo
SPY261016P00717000,2026-09-16 19:41:49+00:00,717.0,4.26,3.89,3.92,0.59000015,16.076298,63.0,1442.0,0.1914448532104492,False,REGULAR,USD,put,2026-10-16,0.0821917808219178,754.0499877929688,3.905,0.0076824583866836,0.9508653426261428,0.20007287828163003,1.933664873158179,3.675942740448704,-1.9713351268418209,-0.22905725955129563,<1mo
SPY261016P00718000,2026-09-16 20:00:50+00:00,718.0,3.94,4.0,4.03,0.19000006,5.066668,15619.0,1681.0,0.1900410586547852,False,REGULAR,USD,put,2026-10-16,0.0821917808219178,754.0499877929688,4.015000000000001,0.0074719800747198,0.9521915146521206,0.19874620541279653,2.058781453077259,3.772896026173271,-1.9562185469227416,-0.24210397382672966,<1mo
SPY261016P00719000,2026-09-16 20:08:37+00:00,719.0,4.09,4.11,4.15,0.31000018,8.201063,154.0,1350.0,0.1887288159179687,False,REGULAR,USD,put,2026-10-16,0.0821917808219178,754.0499877929688,4.130000000000001,0.009685230024213,0.9535176866780986,0.19744588254001078,2.1902908227744717,3.870469287857418,-1.939709177225529,-0.25953071214258294,<1mo
SPY261016P00720000,2026-09-16 20:14:59+00:00,720.0,4.26,4.24,4.26,0.48000026,12.69842,34075.0,36003.0,0.1871724349975586,False,REGULAR,USD,put,2026-10-16,0.0821917808219178,754.0499877929688,4.25,0.004705882352941,0.9548438587040764,0.19616835364897933,2.328405402567512,3.969294327169564,-1.9215945974324882,-0.280705672830436,<1mo
SPY261016P00721000,2026-09-16 20:08:37+00:00,721.0,4.31,4.35,4.38,0.1500001,3.6057715,94.0,931.0,0.1857381231689452,False,REGULAR,USD,put,2026-10-16,0.0821917808219178,754.0499877929688,4.365,0.006872852233677,0.9561700307300544,0.19473690266510013,2.473338024520885,4.0700569309727825,-1.8916619754791153,-0.2949430690272177,<1mo
SPY261016P00722000,2026-09-16 20:08:41+00:00,722.0,4.44,4.48,4.51,0.28999996,6.987951,36276.0,23185.0,0.1843953631591796,False,REGULAR,USD,put,2026-10-16,0.0821917808219178,754.0499877929688,4.495,0.0066740823136817,0.9574962027560322,0.19349786791732645,2.6253015525452525,4.17348548106645,-1.8696984474547476,-0.32151451893355,<1mo
SPY261016P00723000,2026-09-16 20:08:41+00:00,723.0,4.57,4.6,4.64,0.2800002,6.5268116,162.0,5368.0,0.1829610513305664,False,REGULAR,USD,put,2026-10-16,0.0821917808219178,754.0499877929688,4.619999999999999,0.0086580086580086,0.95882237478201,0.19210421339798667,2.784508492794899,4.2803389200371385,-1.8354915072051003,-0.33966107996286077,<1mo
SPY261016P00724000,2026-09-16 20:08:41+00:00,724.0,4.69,4.73,4.77,0.44000006,10.352943,18219.0,11418.0,0.1814657049560546,False,REGULAR,USD,put,2026-10-16,0.0821917808219178,754.0499877929688,4.75,0.0084210526315787,0.960148546807988,0.19072602606942182,2.9511705955716536,4.39139431748697,-1.7988294044283464,-0.35860568251302993,<1mo
SPY261016P00725000,2026-09-16 20:07:34+00:00,725.0,4.85,4.87,4.91,0.5899997,13.849757,6554.0,37936.0,0.1800619104003906,False,REGULAR,USD,put,2026-10-16,0.0821917808219178,754.0499877929688,4.890000000000001,0.0081799591002045,0.9614747188339658,0.18944125514758045,3.1254984500063614,4.5074342849754885,-1.7645015499936392,-0.3825657150245121,<1mo
SPY261016P00726000,2026-09-16 20:07:04+00:00,726.0,5.0,5.01,5.05,0.4499998,9.890105,603.0,10440.0,0.1785970812988281,False,REGULAR,USD,put,2026-10-16,0.0821917808219178,754.0499877929688,5.029999999999999,0.0079522862823061,0.9628008908599436,0.1880834614999753,3.3077010728470384,4.629234487188569,-1.722298927152961,-0.40076551281143047,<1mo
SPY261016P00727000,2026-09-16 20:01:56+00:00,727.0,5.11,5.17,5.2,0.41000032,8.723412,434.0,12090.0,0.177193286743164,False,REGULAR,USD,put,2026-10-16,0.0821917808219178,754.0499877929688,5.1850000000000005,0.0057859209257473,0.9641270628859216,0.18688907239615507,3.497985492732795,4.757551491269737,-1.6870145072672056,-0.4274485087302633,<1mo
SPY261016P00728000,2026-09-16 19:58:36+00:00,728.0,5.26,5.31,5.35,0.47000027,9.812114,416.0,24178.0,0.1757284576416015,False,REGULAR,USD,put,2026-10-16,0.0821917808219178,754.0499877929688,5.33,0.0075046904315197,0.9654532349118996,0.18546173799563612,3.696556331377991,4.893111186094984,-1.633443668622009,-0.436888813905016,<1mo
SPY261016P00729000,2026-09-16 19:52:43+00:00,729.0,5.49,5.47,5.51,0.5,10.0200405,263.0,1924.0,0.1743246630859375,False,REGULAR,USD,put,2026-10-16,0.0821917808219178,754.0499877929688,5.49,0.0072859744990892,0.9667794069378772,0.18418987211823326,3.903615383126379,5.03659798883416,-1.5863846168736213,-0.45340201116584034,<1mo
SPY261016P00730000,2026-09-16 20:14:49+00:00,730.0,5.62,5.64,5.68,0.7199998,14.693872,7937.0,37812.0,0.1729819030761719,False,REGULAR,USD,put,2026-10-16,0.0821917808219178,754.0499877929688,5.66,0.0070671378091872,0.9681055789638552,0.18298886869080172,4.119361194367627,5.188645037779338,-1.5406388056323728,-0.4713549622206621,<1mo
SPY261016P00731000,2026-09-16 19:53:51+00:00,731.0,5.91,5.81,5.87,0.75,14.534884,278.0,1570.0,0.1718527639770508,False,REGULAR,USD,put,2026-10-16,0.0821917808219178,754.0499877929688,5.84,0.0102739726027398,0.9694317509898333,0.18185285080039534,4.343988644326828,5.349825548559693,-1.496011355673172,-0.490174451440307,<1mo
SPY261016P00732000,2026-09-16 20:08:41+00:00,732.0,5.96,5.99,6.04,0.44000006,7.971016,190.0,36577.0,0.1703269003295898,False,REGULAR,USD,put,2026-10-16,0.0821917808219178,754.0499877929688,6.015000000000001,0.0083125519534496,0.970757923015811,0.18055847499320773,4.5776885287553455,5.5206454859693395,-1.437311471244655,-0.4943545140306611,<1mo
SPY261016P00733000,2026-09-16 20:11:32+00:00,733.0,6.18,6.17,6.22,0.73,13.394496,131.0,3814.0,0.1688620712280273,False,REGULAR,USD,put,2026-10-16,0.0821917808219178,754.0499877929688,6.195,0.0080710250201775,0.9720840950417888,0.17925306253326218,4.8206471480546895,5.701537676267321,-1.3743528519453108,-0.49346232373267895,<1mo
SPY261016P00734000,2026-09-16 20:00:14+00:00,734.0,6.31,6.36,6.41,0.32999992,5.5183935,389.0,3569.0,0.1674582766723633,False,REGULAR,USD,put,2026-10-16,0.0821917808219178,754.0499877929688,6.385,0.0078308535630383,0.9734102670677668,0.17800486009806166,5.073045901364424,5.892857455491935,-1.3119540986355762,-0.4921425445080647,<1mo
SPY261016P00735000,2026-09-16 20:14:19+00:00,735.0,6.53,6.55,6.61,0.8000002,13.961608,2079.0,26636.0,0.1661155166625977,False,REGULAR,USD,put,2026-10-16,0.0821917808219178,754.0499877929688,6.58,0.0091185410334347,0.9747364390937446,0.17673913422213142,5.335060888133711,6.094879918692982,-1.2449391118662891,-0.4851200813070182,<1mo
SPY261016P00736000,2026-09-16 19:53:16+00:00,736.0,6.78,6.75,6.8,0.5,7.9617834,638.0,26614.0,0.1645286184692382,False,REGULAR,USD,put,2026-10-16,0.0821917808219178,754.0499877929688,6.775,0.0073800738007379,0.9760626111197226,0.17538516609998403,5.606862518680259,6.307798803584774,-1.1681374813197412,-0.4672011964152265,<1mo
SPY261016P00737000,2026-09-16 19:54:11+00:00,737.0,7.09,6.96,7.02,0.5500002,8.409789,661.0,2744.0,0.1632468930053711,False,REGULAR,USD,put,2026-10-16,0.0821917808219178,754.0499877929688,6.99,0.0085836909871244,0.9773887831457004,0.1742144109726545,5.888615135207431,6.531727010590885,-1.1013848647925695,-0.45827298940911554,<1mo
SPY261016P00738000,2026-09-16 19:49:40+00:00,738.0,7.33,7.18,7.24,0.6799998,10.225561,80.0,6549.0,0.161843098449707,False,REGULAR,USD,put,2026-10-16,0.0821917808219178,754.0499877929688,7.21,0.0083217753120666,0.9787149551716784,0.17301633970286767,6.1804766447240524,6.766698730162375,-1.0295233552759475,-0.4433012698376251,<1mo
SPY261016P00739000,2026-09-16 20:03:51+00:00,739.0,7.2,7.39,7.46,0.3699999,5.417275,510.0,2529.0,0.1603782693481445,False,REGULAR,USD,put,2026-10-16,0.0821917808219178,754.0499877929688,7.425,0.0094276094276094,0.9800411271976562,0.17165710201427523,6.482598165262431,7.0126731181810555,-0.9424018347375691,-0.4123268818189443,<1mo
SPY261016P00740000,2026-09-16 20:14:36+00:00,740.0,7.62,7.63,7.68,0.9899998,14.932123,5216.0,29748.0,0.1587913711547852,False,REGULAR,USD,put,2026-10-16,0.0821917808219178,754.0499877929688,7.654999999999999,0.0065316786414108,0.981367299223634,0.170400413778193,6.795123686740709,7.269539431730436,-0.8598763132592904,-0.3854605682695631,<1mo
SPY261016P00741000,2026-09-16 19:56:06+00:00,741.0,7.83,7.87,7.93,0.48000002,6.5306125,123.0,3450.0,0.1574791284179687,False,REGULAR,USD,put,2026-10-16,0.0821917808219178,754.0499877929688,7.9,0.0075949367088607,0.982693471249612,0.16923961997036852,7.118189747763466,7.537123511054574,-0.781810252236534,-0.36287648894542635,<1mo
SPY261016P00742000,2026-09-16 19:39:34+00:00,742.0,8.77,8.12,8.18,1.3200006,17.71813,64.0,6019.0,0.1560753338623047,False,REGULAR,USD,put,2026-10-16,0.0821917808219178,754.0499877929688,8.149999999999999,0.0073619631901841,0.98401964327559,0.16804098975390563,7.451925129581355,7.815195469552577,-0.6980748704186439,-0.3348045304474212,<1mo
SPY261016P00743000,2026-09-16 20:13:51+00:00,743.0,8.38,8.37,8.44,1.1100001,15.268228,180.0,2014.0,0.1546715393066406,False,REGULAR,USD,put,2026-10-16,0.0821917808219178,754.0499877929688,8.405,0.0083283759666865,0.9853458153015676,0.16680275828248806,7.796450568368812,8.10347843258728,-0.6085494316311877,-0.30152156741271874,<1mo
SPY261016P00744000,2026-09-16 20:13:51+00:00,744.0,8.64,8.64,8.71,0.6000004,7.4626913,332.0,2464.0,0.1532677447509766,False,REGULAR,USD,put,2026-10-16,0.0821917808219178,754.0499877929688,8.675,0.0080691642651297,0.9866719873275456,0.16564792456377136,8.151878486894702,8.40165814802765,-0.5231215131052984,-0.2733418519723507,<1mo
SPY261016P00745000,2026-09-16 20:12:31+00:00,745.0,9.0,8.92,8.99,1.2600002,16.279074,3545.0,43652.0,0.1518944674682617,False,REGULAR,USD,put,2026-10-16,0.0821917808219178,754.0499877929688,8.955,0.0078168620882189,0.9879981593535236,0.16450913930879404,8.518312746581557,8.709393277111644,-0.4366872534184427,-0.24560672288835583,<1mo
SPY261016P00746000,2026-09-16 19:36:47+00:00,746.0,10.31,9.2,9.27,2.2000008,27.127014,601.0,2564.0,0.15039912109375,False,REGULAR,USD,put,2026-10-16,0.0821917808219178,754.0499877929688,9.235,0.0075798592311857,0.9893243313795014,0.16326043523822817,8.895848420861626,9.0263261635464,-0.3391515791383739,-0.20867383645359894,<1mo
SPY261016P00747000,2026-09-16 19:48:30+00:00,747.0,9.8,9.51,9.57,1.0,11.363636,524.0,2813.0,0.1489953265380859,False,REGULAR,USD,put,2026-10-16,0.0821917808219178,754.0499877929688,9.54,0.0062893081761006,0.9906505034054792,0.16220525943500444,9.28457159064294,9.3520938719372,-0.2554284093570587,-0.18790612806279938,<1mo
SPY261016P00748000,2026-09-16 20:03:20+00:00,748.0,9.7,9.81,9.88,1.0900002,12.6597,205.0,2346.0,0.1476220492553711,False,REGULAR,USD,put,2026-10-16,0.0821917808219178,754.0499877929688,9.845,0.0071102082275266,0.9919766754314572,0.16103455560257524,9.684559162604444,9.686339283681832,-0.1604408373955568,-0.15866071631816858,<1mo
SPY261016P00749000,2026-09-16 20:12:17+00:00,749.0,10.21,10.15,10.21,0.8000002,8.5015955,423.0,2026.0,0.1463403237915039,False,REGULAR,USD,put,2026-10-16,0.0821917808219178,754.0499877929688,10.18,0.0058939096267191,0.993302847457435,0.16010684444177373,10.09587871093953,10.02872203937784,-0.08412128906046945,-0.15127796062215992,<1mo
SPY261016P00750000,2026-09-16 20:14:19+00:00,750.0,10.46,10.47,10.54,1.4099998,15.580109,15284.0,31987.0,0.1449060119628906,False,REGULAR,USD,put,2026-10-16,0.0821917808219178,754.0499877929688,10.505,0.0066634935744881,0.994629019483413,0.15893885050591156,10.518588343063527,10.378929121486408,0.013588343063526409,-0.1260708785135929,<1mo
SPY261016P00751000,2026-09-16 20:06:02+00:00,751.0,10.84,10.82,10.89,1.3800001,14.587739,325.0,2164.0,0.1435937692260742,False,REGULAR,USD,put,2026-10-16,0.0821917808219178,754.0499877929688,10.855,0.0064486411791801,0.9959551915093908,0.15794570496296562,10.952736589696201,10.736684879323889,0.09773658969620058,-0.11831512067611172,<1mo
SPY261016P00752000,2026-09-16 20:09:57+00:00,752.0,11.14,11.18,11.25,1.0900002,10.845773,451.0,5442.0,0.1422510092163085,False,REGULAR,USD,put,2026-10-16,0.0821917808219178,754.0499877929688,11.215,0.0062416406598306,0.9972813635353688,0.15694530970010237,11.398362319626244,11.101760310206828,0.18336231962624439,-0.113239689793172,<1mo
SPY261016P00753000,2026-09-16 20:06:32+00:00,753.0,11.47,11.55,11.62,1.2300005,12.0117235,917.0,28233.0,0.1408777319335937,False,REGULAR,USD,put,2026-10-16,0.0821917808219178,754.0499877929688,11.585,0.0060422960725074,0.9986075355613466,0.15593506292753304,11.855494679354194,11.47398142548434,0.2704946793541936,-0.11101857451566133,<1mo
SPY261016P00754000,2026-09-16 20:08:45+00:00,754.0,11.93,11.94,12.03,1.6400003,15.937807,748.0,2098.0,0.1398401446533203,False,REGULAR,USD,put,2026-10-16,0.0821917808219178,754.0499877929688,11.985,0.0075093867334167,0.9999337075873244,0.155145617707017,12.324153057707747,11.853236547953543,0.3391530577077475,-0.13176345204645656,<1mo
SPY261120P00530000,2026-09-16 20:00:01+00:00,530.0,0.7,0.7,0.71,0.01999998,2.9411736,92.0,772.0,0.4000304138183594,False,REGULAR,USD,put,2026-11-20,0.1780821917808219,754.0499877929688,0.705,0.0141843971631205,0.7028711737682785,0.4075623400006067,2.899478970062519e-07,0.013990606342872525,-0.7049997100521029,-0.6910093936571274,1-4mo
SPY261120P00535000,2026-09-16 19:21:03+00:00,535.0,0.83,0.74,0.75,0.14999998,22.05882,8.0,289.0,0.3938048901367187,False,REGULAR,USD,put,2026-11-20,0.1780821917808219,754.0499877929688,0.745,0.0134228187919463,0.7095020338981679,0.40150339500069393,6.415777569056545e-07,0.04310609563140133,-0.7449993584222431,-0.7018939043685987,1-4mo
SPY261120P00540000,2026-09-16 18:26:58+00:00,540.0,0.7,0.78,0.79,-0.06999999,-9.090908,5.0,738.0,0.387579366455078,False,REGULAR,USD,put,2026-11-20,0.1780821917808219,754.0499877929688,0.785,0.0127388535031847,0.7161328940280574,0.39528164149023104,1.3837659841122086e-06,0.06999211749769074,-0.7849986162340159,-0.7150078825023093,1-4mo
SPY261120P00545000,2026-09-16 15:18:28+00:00,545.0,0.72,0.82,0.83,-0.089999974,-11.111108,10.0,862.0,0.3811097045898437,False,REGULAR,USD,put,2026-11-20,0.1780821917808219,754.0499877929688,0.825,0.0121212121212121,0.7227637541579467,0.3889123080065919,2.911099266489776e-06,0.07907952929144813,-0.8249970889007334,-0.7459204707085518,1-4mo
SPY261120P00550000,2026-09-16 20:11:55+00:00,550.0,0.87,0.87,0.88,0.0,0.0,17.0,4479.0,0.3752503881835937,False,REGULAR,USD,put,2026-11-20,0.1780821917808219,754.0499877929688,0.875,0.0114285714285714,0.7293946142878361,0.38309937877712225,5.977513039255231e-06,0.07027488553023886,-0.8749940224869608,-0.8047251144697611,1-4mo
SPY261120P00555000,2026-09-16 20:02:29+00:00,555.0,0.9,0.92,0.93,0.01999998,2.272725,2.0,791.0,0.36914693359375,False,REGULAR,USD,put,2026-11-20,0.1780821917808219,754.0499877929688,0.925,0.0108108108108108,0.7360254744177256,0.37709441078397177,1.198761757054904e-05,0.058442488792252334,-0.9249880123824294,-0.8665575112077477,1-4mo
SPY261120P00560000,2026-09-16 20:00:24+00:00,560.0,0.96,0.97,0.98,0.00999999,1.0526305,6.0,4831.0,0.3627993408203125,False,REGULAR,USD,put,2026-11-20,0.1780821917808219,754.0499877929688,0.975,0.0102564102564102,0.742656334547615,0.3709152528040246,2.3494469696714454e-05,0.061562911480905314,-0.9749765055303032,-0.9134370885190947,1-4mo
SPY261120P00565000,2026-09-16 19:22:44+00:00,565.0,1.17,1.02,1.03,0.16999996,16.999996,109.0,2026.0,0.3564517480468749,False,REGULAR,USD,put,2026-11-20,0.1780821917808219,754.0499877929688,1.025,0.0097560975609756,0.7492871946775044,0.3645771602456134,4.502800394125175e-05,0.08733801965922794,-1.0249549719960587,-0.937661980340772,1-4mo
SPY261120P00570000,2026-09-16 19:41:20+00:00,570.0,1.13,1.08,1.09,0.059999943,5.607471,43.0,1125.0,0.3503482934570311,False,REGULAR,USD,put,2026-11-20,0.1780821917808219,754.0499877929688,1.085,0.0092165898617511,0.7559180548073938,0.3586513363849064,8.443849877455122e-05,0.12823325708723132,-1.0849155615012254,-0.9567667429127686,1-4mo
SPY261120P00575000,2026-09-16 17:08:09+00:00,575.0,1.02,1.14,1.15,-0.100000024,-8.928573,1.0,946.0,0.3441227697753906,False,REGULAR,USD,put,2026-11-20,0.1780821917808219,754.0499877929688,1.145,0.0087336244541484,0.7625489149372833,0.35253592037545334,0.0001550202722341871,0.16789053489355865,-1.1448449797277658,-0.9771094651064414,1-4mo
SPY261120P00580000,2026-09-16 19:52:43+00:00,580.0,1.2,1.21,1.22,0.0200001,1.6949238,144.0,17475.0,0.3382634533691406,False,REGULAR,USD,put,2026-11-20,0.1780821917808219,754.0499877929688,1.215,0.0082304526748971,0.7691797750671727,0.3467470136794153,0.00027878497139612046,0.19345935496164657,-1.214721215028604,-1.0215406450383535,1-4mo
SPY261120P00585000,2026-09-16 18:59:08+00:00,585.0,1.28,1.28,1.29,0.029999971,2.3999977,115.0,518.0,0.3321599987792969,False,REGULAR,USD,put,2026-11-20,0.1780821917808219,754.0499877929688,1.285,0.0077821011673151,0.7758106351970621,0.3407473780405855,0.0004913821170688809,0.20474528919305612,-1.284508617882931,-1.0802547108069438,1-4mo
SPY261120P00590000,2026-09-16 19:42:47+00:00,590.0,1.41,1.35,1.36,0.089999914,6.818175,15.0,1595.0,0.3258734405517578,False,REGULAR,USD,put,2026-11-20,0.1780821917808219,754.0499877929688,1.355,0.007380073800738,0.7824414953269515,0.33455466549533575,0.000849314570663881,0.21411195635585045,-1.3541506854293361,-1.1408880436441495,1-4mo
SPY261120P00595000,2026-09-16 17:53:15+00:00,595.0,1.29,1.43,1.44,-0.04000008,-3.0075247,4.0,624.0,0.3198310205078124,False,REGULAR,USD,put,2026-11-20,0.1780821917808219,754.0499877929688,1.435,0.0069686411149825,0.789072355456841,0.32860925906693444,0.0014402613096919925,0.23791399003778224,-1.433559738690308,-1.1970860099622178,1-4mo
SPY261120P00600000,2026-09-16 19:58:16+00:00,600.0,1.5,1.51,1.52,0.01999998,1.3513501,111.0,4786.0,0.3135444622802734,False,REGULAR,USD,put,2026-11-20,0.1780821917808219,754.0499877929688,1.515,0.0066006600660066,0.7957032155867303,0.32245606086853507,0.002397486483912664,0.28583573225569125,-1.5126025135160872,-1.2291642677443086,1-4mo
SPY261120P00605000,2026-09-16 19:37:34+00:00,605.0,1.72,1.6,1.61,0.13999999,8.860758,75.0,711.0,0.307502042236328,False,REGULAR,USD,put,2026-11-20,0.1780821917808219,754.0499877929688,1.605,0.0062305295950155,0.8023340757166197,0.31649259059742285,0.003919462610243618,0.35531554673355004,-1.6010805373897563,-1.24968445326645,1-4mo
SPY261120P00610000,2026-09-16 19:11:46+00:00,610.0,1.82,1.7,1.71,0.1400001,8.33334,169.0,2120.0,0.3015206567382812,False,REGULAR,USD,put,2026-11-20,0.1780821917808219,754.0499877929688,1.705,0.0058651026392961,0.8089649358465092,0.31067287497598667,0.0062959405696714765,0.43429465365215947,-1.6987040594303287,-1.2707053463478406,1-4mo
SPY261120P00615000,2026-09-16 19:48:06+00:00,615.0,1.84,1.81,1.82,0.18000007,10.843378,73.0,3392.0,0.2956613403320312,False,REGULAR,USD,put,2026-11-20,0.1780821917808219,754.0499877929688,1.815,0.0055096418732782,0.8155957959763986,0.3049552487811128,0.009941727614278806,0.5099257389088052,-1.8050582723857211,-1.3050742610911947,1-4mo
SPY261120P00620000,2026-09-16 19:48:46+00:00,620.0,1.94,1.92,1.93,0.060000062,3.1914926,161.0,161269.0,0.2895578857421874,False,REGULAR,USD,put,2026-11-20,0.1780821917808219,754.0499877929688,1.925,0.0051948051948052,0.822226656106288,0.2989808282020103,0.015439351298923265,0.5773383675721107,-1.9095606487010768,-1.3476616324278894,1-4mo
SPY261120P00625000,2026-09-16 20:10:25+00:00,625.0,2.05,2.05,2.06,0.07999992,4.0609097,65.0,2517.0,0.2838206384277343,False,REGULAR,USD,put,2026-11-20,0.1780821917808219,754.0499877929688,2.0549999999999997,0.0048661800486619,0.8288575162361774,0.29337758081889337,0.023591557015772535,0.6430420839025146,-2.031408442984227,-1.411957916097485,1-4mo
SPY261120P00630000,2026-09-16 19:51:36+00:00,630.0,2.16,2.18,2.19,0.029999971,1.4084493,352.0,102523.0,0.277778218383789,False,REGULAR,USD,put,2026-11-20,0.1780821917808219,754.0499877929688,2.185,0.0045766590389015,0.8354883763660669,0.28748851798855246,0.03548418018813959,0.7212928948539457,-2.1495158198118602,-1.4637071051460544,1-4mo
SPY261120P00635000,2026-09-16 19:53:10+00:00,635.0,2.31,2.33,2.34,0.099999905,4.5248823,178.0,1292.0,0.2719799365234374,False,REGULAR,USD,put,2026-11-20,0.1780821917808219,754.0499877929688,2.335,0.0042826552462525,0.8421192364959563,0.281877319170488,0.05255933343641406,0.8261236192464594,-2.282440666563586,-1.5088763807535406,1-4mo
SPY261120P00640000,2026-09-16 20:05:57+00:00,640.0,2.47,2.49,2.5,0.089999914,3.781509,215.0,78760.0,0.2661816546630859,False,REGULAR,USD,put,2026-11-20,0.1780821917808219,754.0499877929688,2.495,0.004008016032064,0.8487500966258457,0.2762168379505857,0.07669805427860421,0.9640744738571811,-2.418301945721396,-1.530925526142819,1-4mo
SPY261120P00645000,2026-09-16 20:01:09+00:00,645.0,2.63,2.66,2.67,0.010000229,0.38168815,185.0,1610.0,0.2602613037109375,False,REGULAR,USD,put,2026-11-20,0.1780821917808219,754.0499877929688,2.665,0.0037523452157597,0.8553809567557351,0.27048654586036036,0.1103105933982027,1.1318220538119022,-2.5546894066017973,-1.5331779461880979,1-4mo
SPY261120P00650000,2026-09-16 20:05:51+00:00,650.0,2.83,2.85,2.86,0.15999985,5.9925036,1171.0,15308.0,0.2544935391235352,False,REGULAR,USD,put,2026-11-20,0.1780821917808219,754.0499877929688,2.855,0.0035026269702275,0.8620118168856246,0.26489556483719867,0.15643143683002858,1.3197330187051648,-2.6985685631699714,-1.5352669812948352,1-4mo
SPY261120P00655000,2026-09-16 19:52:16+00:00,655.0,3.07,3.05,3.06,0.16999984,5.8620634,85.0,11930.0,0.2485731881713867,False,REGULAR,USD,put,2026-11-20,0.1780821917808219,754.0499877929688,3.0549999999999997,0.0032733224222586,0.868642677015514,0.2591743716314986,0.2188150239183706,1.518926052048073,-2.836184976081629,-1.5360739479519268,1-4mo
SPY261120P00660000,2026-09-16 19:53:39+00:00,660.0,3.28,3.28,3.29,0.119999886,3.7974646,1730.0,12767.0,0.242896975402832,False,REGULAR,USD,put,2026-11-20,0.1780821917808219,754.0499877929688,3.285,0.0030441400304414,0.8752735371454033,0.25371492967821857,0.3020270462547341,1.7276696917404024,-2.982972953745266,-1.5573303082595977,1-4mo
SPY261120P00665000,2026-09-16 20:11:56+00:00,665.0,3.54,3.53,3.53,0.089999914,2.6086931,193.0,1651.0,0.2370071417236328,False,REGULAR,USD,put,2026-11-20,0.1780821917808219,754.0499877929688,3.53,0.0,0.8819043972752928,0.2481507320679805,0.41152530666541765,1.9536574530761754,-3.118474693334582,-1.5763425469238244,1-4mo
SPY261120P00670000,2026-09-16 19:59:56+00:00,670.0,3.77,3.8,3.83,0.059999943,1.6172491,169.0,4565.0,0.2317886880493164,False,REGULAR,USD,put,2026-11-20,0.1780821917808219,754.0499877929688,3.815,0.0078636959370904,0.8885352574051822,0.24290785813413734,0.5537235024320459,2.2112261344150284,-3.261276497567954,-1.6037738655849716,1-4mo
SPY261120P00675000,2026-09-16 19:52:16+00:00,675.0,4.12,4.1,4.11,0.14999986,3.778334,268.0,4563.0,0.225746268005371,False,REGULAR,USD,put,2026-11-20,0.1780821917808219,754.0499877929688,4.105,0.0024360535931792,0.8951661175350717,0.23729689563510736,0.7360310855937371,2.5153667713598225,-3.3689689144062633,-1.589633228640178,1-4mo
SPY261120P00680000,2026-09-16 20:11:24+00:00,680.0,4.45,4.44,4.46,0.32999992,8.009707,1416.0,46712.0,0.2203447106933593,False,REGULAR,USD,put,2026-11-20,0.1780821917808219,754.0499877929688,4.45,0.0044943820224718,0.901796977664961,0.2321295925175668,0.9668626347044977,2.8759197328184882,-3.4831373652955024,-1.574080267181512,1-4mo
SPY261120P00685000,2026-09-16 20:14:24+00:00,685.0,4.79,4.8,4.83,0.13999987,3.0107498,129.0,7264.0,0.2147295324707031,False,REGULAR,USD,put,2026-11-20,0.1780821917808219,754.0499877929688,4.8149999999999995,0.0062305295950156,0.9084278377948504,0.2267563167650094,1.2556109994142446,3.294974746347407,-3.559389000585755,-1.5200252536525927,1-4mo
SPY261120P00690000,2026-09-16 19:57:42+00:00,690.0,5.2,5.21,5.22,0.15999985,3.1746001,714.0,20057.0,0.208870216064453,False,REGULAR,USD,put,2026-11-20,0.1780821917808219,754.0499877929688,5.215,0.0019175455417065,0.91505869792474,0.22136933438833434,1.6125798568248015,3.7686080006825478,-3.6024201431751983,-1.446391999317452,1-4mo
SPY261120P00695000,2026-09-16 20:05:57+00:00,695.0,5.63,5.65,5.69,0.3699999,7.034218,80.0,5069.0,0.2034991760253906,False,REGULAR,USD,put,2026-11-20,0.1780821917808219,754.0499877929688,5.67,0.0070546737213403,0.9216895580546292,0.21618083548772996,2.048873198223987,4.291801357126701,-3.621126801776013,-1.3781986428732989,1-4mo
SPY261120P00700000,2026-09-16 20:14:36+00:00,700.0,6.13,6.16,6.17,0.42000008,7.355518,6765.0,35084.0,0.1976093423461914,False,REGULAR,USD,put,2026-11-20,0.1780821917808219,754.0499877929688,6.165,0.0016220600162205,0.9283204181845188,0.21090725352324305,2.5762415441719924,4.86389022849221,-3.5887584558280077,-1.3011097715077904,1-4mo
SPY261120P00705000,2026-09-16 19:59:35+00:00,705.0,6.68,6.72,6.73,0.25,3.888025,605.0,7308.0,0.1920551986694336,False,REGULAR,USD,put,2026-11-20,0.1780821917808219,754.0499877929688,6.725,0.0014869888475837,0.9349512783144082,0.20579354896949026,3.2068872150402967,5.49183461306859,-3.518112784959703,-1.2331653869314092,1-4mo
SPY261120P00710000,2026-09-16 19:59:51+00:00,710.0,7.27,7.34,7.36,0.48999977,7.227135,612.0,7820.0,0.1865468309020996,False,REGULAR,USD,put,2026-11-20,0.1780821917808219,754.0499877929688,7.35,0.0027210884353742,0.9415821384442976,0.20074277579186853,3.953233577688522,6.189877164336281,-3.3967664223114777,-1.160122835663719,1-4mo
SPY261120P00715000,2026-09-16 20:11:56+00:00,715.0,8.06,8.02,8.04,0.6600003,8.918923,336.0,23266.0,0.1808095835876464,False,REGULAR,USD,put,2026-11-20,0.1780821917808219,754.0499877929688,8.03,0.0024906600249065,0.948212998574187,0.1955610140474561,4.8276656434019,6.975995902304589,-3.202334356598099,-1.05400409769541,1-4mo
SPY261120P00720000,2026-09-16 20:11:56+00:00,720.0,8.85,8.8,8.83,0.5500002,6.626508,12751.0,24685.0,0.1753622503662109,False,REGULAR,USD,put,2026-11-20,0.1780821917808219,754.0499877929688,8.815000000000001,0.0034032898468518,0.9548438587040764,0.19069338973074473,5.842251505526036,7.867042761050811,-2.972748494473965,-0.9479572389491899,1-4mo
SPY261120P00725000,2026-09-16 20:14:24+00:00,725.0,9.64,9.67,9.7,0.7400007,8.314615,865.0,15571.0,0.1697623307800293,False,REGULAR,USD,put,2026-11-20,0.1780821917808219,754.0499877929688,9.685,0.0030975735673721,0.9614747188339658,0.18581305478145863,7.008455697376604,8.87492364234663,-2.6765443026233964,-0.8100763576533705,1-4mo
SPY261120P00730000,2026-09-16 20:14:36+00:00,730.0,10.6,10.65,10.68,0.9000006,9.278357,1262.0,29628.0,0.1641929284667969,False,REGULAR,USD,put,2026-11-20,0.1780821917808219,754.0499877929688,10.665,0.0028129395218002,0.9681055789638552,0.18105877495660364,8.336856482246617,10.005508724442507,-2.3281435177533822,-0.6594912755574924,1-4mo
SPY261120P00735000,2026-09-16 20:14:16+00:00,735.0,11.75,11.74,11.82,0.8000002,7.305938,261.0,5917.0,0.1589439575195312,False,REGULAR,USD,put,2026-11-20,0.1780821917808219,754.0499877929688,11.78,0.0067911714770798,0.9747364390937446,0.17653672435151993,9.836879272358516,11.26058131022205,-1.9431207276414835,-0.5194186897779485,1-4mo
SPY261120P00740000,2026-09-16 20:14:12+00:00,740.0,13.0,12.98,13.06,1.1899996,10.076202,4549.0,13650.0,0.1533440379333496,False,REGULAR,USD,put,2026-11-20,0.1780821917808219,754.0499877929688,13.02,0.0061443932411674,0.981367299223634,0.17203052587859086,11.516557789853579,12.641733090246476,-1.5034422101464209,-0.37826690975352406,1-4mo
SPY261120P00745000,2026-09-16 20:14:24+00:00,745.0,14.36,14.38,14.43,0.9899998,7.4046354,347.0,25819.0,0.1475152388000488,False,REGULAR,USD,put,2026-11-20,0.1780821917808219,754.0499877929688,14.405,0.0034710170079832,0.9879981593535236,0.1675958027446616,13.382333272095423,14.154319190286628,-1.0226667279045767,-0.25068080971337103,1-4mo
SPY261120P00750000,2026-09-16 20:14:49+00:00,750.0,15.96,15.96,16.03,1.3100004,8.941983,3273.0,31443.0,0.1421136814880371,False,REGULAR,USD,put,2026-11-20,0.1780821917808219,754.0499877929688,15.995,0.0043763676148796,0.994629019483413,0.16359922038779495,15.438900086654485,15.809688066576314,-0.5560999133455145,-0.18531193342368546,1-4mo
SPY261218P00530000,2026-09-16 19:35:20+00:00,530.0,1.32,1.27,1.28,0.07000005,5.600004,55.0,6074.0,0.3670717590332031,False,REGULAR,USD,put,2026-12-18,0.2547945205479452,754.0499877929688,1.275,0.0078431372549019,0.7028711737682785,0.37706505586140393,2.9770316706821502e-05,0.08315001282005596,-1.274970229683293,-1.191849987179944,1-4mo
SPY261218P00535000,2026-09-16 19:45:02+00:00,535.0,1.39,1.33,1.34,0.08000004,6.1068735,27.0,3322.0,0.3614565808105469,False,REGULAR,USD,put,2026-12-18,0.2547945205479452,754.0499877929688,1.335,0.0074906367041198,0.7095020338981679,0.37152304893683435,5.28622276460243e-05,0.09221329853232874,-1.3349471377723539,-1.2427867014676712,1-4mo
SPY261218P00540000,2026-09-16 19:34:54+00:00,540.0,1.44,1.4,1.41,0.08000004,5.8823557,373.0,5186.0,0.3560855407714843,False,REGULAR,USD,put,2026-12-18,0.2547945205479452,754.0499877929688,1.4049999999999998,0.0071174377224199,0.7161328940280574,0.3663158217894434,9.220536624222377e-05,0.10318103701854398,-1.4049077946337576,-1.3018189629814558,1-4mo
SPY261218P00545000,2026-09-16 19:57:20+00:00,545.0,1.46,1.47,1.48,0.01999998,1.3888875,67.0,5202.0,0.3506534661865234,False,REGULAR,USD,put,2026-12-18,0.2547945205479452,754.0499877929688,1.475,0.0067796610169491,0.7227637541579467,0.3609618507133497,0.0001580609351764066,0.11967790158496427,-1.4748419390648237,-1.3553220984150358,1-4mo
SPY261218P00550000,2026-09-16 19:31:28+00:00,550.0,1.63,1.54,1.55,0.100000024,6.535949,113.0,14865.0,0.3450993225097656,False,REGULAR,USD,put,2026-12-18,0.2547945205479452,754.0499877929688,1.545,0.0064724919093851,0.7293946142878361,0.3554732476303591,0.0002664116196838349,0.14272316197207147,-1.5447335883803162,-1.4022768380279285,1-4mo
SPY261218P00555000,2026-09-16 19:15:26+00:00,555.0,1.72,1.62,1.63,0.100000024,6.1728406,188.0,4327.0,0.3397282824707031,False,REGULAR,USD,put,2026-12-18,0.2547945205479452,754.0499877929688,1.625,0.006153846153846,0.7360254744177256,0.3502517676525913,0.00044171153220149556,0.17032252699709716,-1.6245582884677985,-1.4546774730029028,1-4mo
SPY261218P00560000,2026-09-16 19:34:54+00:00,560.0,1.77,1.7,1.71,0.100000024,5.988025,3.0,11564.0,0.3342351733398437,False,REGULAR,USD,put,2026-12-18,0.2547945205479452,754.0499877929688,1.705,0.0058651026392961,0.742656334547615,0.3448808991157281,0.0007207294451156143,0.19940969698279787,-1.7042792705548844,-1.5055903030172022,1-4mo
SPY261218P00565000,2026-09-15 16:43:18+00:00,565.0,1.75,1.79,1.8,0.0,0.0,11.0,2756.0,0.328986202392578,False,REGULAR,USD,put,2026-12-18,0.2547945205479452,754.0499877929688,1.795,0.0055710306406685,0.7492871946775044,0.3397278561339646,0.0011578153002337402,0.22850047343843016,-1.793842184699766,-1.5664995265615698,1-4mo
SPY261218P00570000,2026-09-16 19:23:33+00:00,570.0,2.11,1.88,1.89,0.25999987,14.054047,74.0,5248.0,0.323554127807617,False,REGULAR,USD,put,2026-12-18,0.2547945205479452,754.0499877929688,1.885,0.0053050397877984,0.7559180548073938,0.3344153262337856,0.0018319774190587307,0.25905255890711487,-1.8831680225809413,-1.6259474410928851,1-4mo
SPY261218P00575000,2026-09-16 20:10:11+00:00,575.0,1.97,1.98,1.99,0.01999998,1.02564,67.0,7337.0,0.3183051568603515,False,REGULAR,USD,put,2026-12-18,0.2547945205479452,754.0499877929688,1.985,0.0050377833753148,0.7625489149372833,0.3292786073215225,0.002856209697917389,0.2946517966765896,-1.9821437903020827,-1.6903482033234105,1-4mo
SPY261218P00580000,2026-09-16 19:58:26+00:00,580.0,2.07,2.08,2.09,0.01999998,0.9756088,119.0,10045.0,0.3128730822753905,False,REGULAR,USD,put,2026-12-18,0.2547945205479452,754.0499877929688,2.085,0.0047961630695442,0.7691797750671727,0.3239759673682461,0.004389547516074038,0.3387784572316832,-2.080610452483926,-1.7462215427683168,1-4mo
SPY261218P00585000,2026-09-16 20:10:10+00:00,585.0,2.18,2.19,2.2,0.11000013,5.3140163,10.0,5761.0,0.3075630767822265,False,REGULAR,USD,put,2026-12-18,0.2547945205479452,754.0499877929688,2.1950000000000003,0.0045558086560365,0.7758106351970621,0.31881341329740376,0.006652349996404294,0.3928340816544278,-2.188347650003596,-1.8021659183455725,1-4mo
SPY261218P00590000,2026-09-16 19:59:11+00:00,590.0,2.29,2.31,2.32,0.049999952,2.2321408,46.0,11607.0,0.3023751403808594,False,REGULAR,USD,put,2026-12-18,0.2547945205479452,754.0499877929688,2.315,0.0043196544276456,0.7824414953269515,0.31376117462007436,0.009945295709560487,0.45577486100182796,-2.3050547042904395,-1.859225138998172,1-4mo
SPY261218P00595000,2026-09-16 19:58:38+00:00,595.0,2.42,2.44,2.45,0.03999996,1.6806706,13.0,4239.0,0.2972787557983397,False,REGULAR,USD,put,2026-12-18,0.2547945205479452,754.0499877929688,2.4450000000000003,0.0040899795501023,0.789072355456841,0.3087920835927988,0.014672529875471074,0.5254827446672152,-2.430327470124529,-1.919517255332785,1-4mo
SPY261218P00600000,2026-09-16 19:47:17+00:00,600.0,2.62,2.57,2.58,0.109999895,4.382466,141.0,25751.0,0.2919992675781249,False,REGULAR,USD,put,2026-12-18,0.2547945205479452,754.0499877929688,2.575,0.0038834951456311,0.7957032155867303,0.3036280049919526,0.02136930539245885,0.6008314213470385,-2.5536306946075413,-1.9741685786529617,1-4mo
SPY261218P00605000,2026-09-16 19:52:37+00:00,605.0,2.7,2.71,2.72,0.01999998,0.7462679,156.0,8873.0,0.2867197793579101,False,REGULAR,USD,put,2026-12-18,0.2547945205479452,754.0499877929688,2.715,0.0036832412523021,0.8023340757166197,0.298524517812668,0.03073431133862181,0.683041311832767,-2.684265688661378,-2.031958688167233,1-4mo
SPY261218P00610000,2026-09-16 19:58:27+00:00,610.0,2.85,2.87,2.88,0.03999996,1.4234862,135.0,158589.0,0.2817454638671874,False,REGULAR,USD,put,2026-12-18,0.2547945205479452,754.0499877929688,2.875,0.0034782608695651,0.8089649358465092,0.29369022050219884,0.0436666777457968,0.7755052006398273,-2.831333322254203,-2.0994947993601727,1-4mo
SPY261218P00615000,2026-09-16 19:51:59+00:00,615.0,3.03,3.03,3.04,0.059999943,2.0202,16.0,6132.0,0.2764964929199218,False,REGULAR,USD,put,2026-12-18,0.2547945205479452,754.0499877929688,3.035,0.0032948929159803,0.8155957959763986,0.2886342149081296,0.061307385417024296,0.8823157386647154,-2.973692614582976,-2.152684261335285,1-4mo
SPY261218P00620000,2026-09-16 20:06:14+00:00,620.0,3.18,3.21,3.22,0.03999996,1.273884,121.0,26340.0,0.27149166015625,False,REGULAR,USD,put,2026-12-18,0.2547945205479452,754.0499877929688,3.215,0.0031104199066874,0.822226656106288,0.283788980076613,0.08508450037029869,1.0065219674667105,-3.129915499629701,-2.2084780325332893,1-4mo
SPY261218P00625000,2026-09-16 19:50:53+00:00,625.0,3.39,3.39,3.4,0.07000017,2.108439,15.0,24079.0,0.2662426892089844,False,REGULAR,USD,put,2026-12-18,0.2547945205479452,754.0499877929688,3.395,0.0029455081001472,0.8288575162361774,0.2787113486154544,0.11676130574430488,1.1492197802090232,-3.278238694255695,-2.245780219790977,1-4mo
SPY261218P00630000,2026-09-16 19:51:51+00:00,630.0,3.58,3.6,3.61,0.099999905,2.8735604,323.0,40387.0,0.2612988909912109,False,REGULAR,USD,put,2026-12-18,0.2547945205479452,754.0499877929688,3.605,0.0027739251040221,0.8354883763660669,0.27398389216436136,0.15848603690467744,1.3099764915499463,-3.4465139630953225,-2.2950235084500537,1-4mo
SPY261218P00635000,2026-09-16 19:50:53+00:00,635.0,3.81,3.81,3.82,0.07999992,2.1447701,192.0,6377.0,0.2561109545898438,False,REGULAR,USD,put,2026-12-18,0.2547945205479452,754.0499877929688,3.815,0.00262123197903,0.8421192364959563,0.2689991606587922,0.21284156031622548,1.4882451879692553,-3.6021584396837745,-2.3267548120307446,1-4mo
SPY261218P00640000,2026-09-16 19:59:32+00:00,640.0,4.01,4.04,4.07,0.16000032,4.155853,221.0,10775.0,0.2513502600097655,False,REGULAR,USD,put,2026-12-18,0.2547945205479452,754.0499877929688,4.055,0.0073982737361282,0.8487500966258457,0.2642874306112614,0.28289299968542103,1.6848687419120552,-3.7721070003145787,-2.3701312580879446,1-4mo
SPY261218P00645000,2026-09-16 19:51:38+00:00,645.0,4.27,4.29,4.32,0.11000013,2.6442342,21.0,8027.0,0.2463149099731445,False,REGULAR,USD,put,2026-12-18,0.2547945205479452,754.0499877929688,4.305,0.0069686411149826,0.8553809567557351,0.25946363951192863,0.3722310323065763,1.9027984121753434,-3.9327689676934234,-2.4022015878246563,1-4mo
SPY261218P00650000,2026-09-16 20:03:52+00:00,650.0,4.52,4.56,4.59,0.17000008,3.908048,71.0,14415.0,0.2412795599365234,False,REGULAR,USD,put,2026-12-18,0.2547945205479452,754.0499877929688,4.574999999999999,0.0065573770491803,0.8620118168856246,0.2546764112078307,0.4850083828489655,2.146677849273715,-4.089991617151034,-2.4283221507262844,1-4mo
SPY261218P00655000,2026-09-16 20:03:56+00:00,655.0,4.81,4.85,4.86,0.07999992,1.6913303,8.0,5708.0,0.2359390371704101,False,REGULAR,USD,put,2026-12-18,0.2547945205479452,754.0499877929688,4.855,0.0020597322348096,0.868642677015514,0.24974980526459747,0.6259669569271367,2.421615366671631,-4.229033043072864,-2.4333846333283695,1-4mo
SPY261218P00660000,2026-09-16 20:05:43+00:00,660.0,5.15,5.17,5.18,0.24000025,4.887989,134.0,134840.0,0.2310257562255859,False,REGULAR,USD,put,2026-12-18,0.2547945205479452,754.0499877929688,5.175,0.0019323671497584,0.8752735371454033,0.24510106169837495,0.8004531036442657,2.731893205053325,-4.374546896355734,-2.443106794946675,1-4mo
SPY261218P00665000,2026-09-16 20:03:55+00:00,665.0,5.46,5.51,5.52,0.23000002,4.397706,232.0,16888.0,0.2260361820983886,False,REGULAR,USD,put,2026-12-18,0.2547945205479452,754.0499877929688,5.515,0.0018132366273798,0.8819043972752928,0.24039767006014467,1.0144186885330626,3.080334545418964,-4.500581311466937,-2.434665454581036,1-4mo
SPY261218P00670000,2026-09-16 20:03:55+00:00,670.0,5.82,5.88,5.89,0.12000036,2.1052697,567.0,35009.0,0.2210771252441406,False,REGULAR,USD,put,2026-12-18,0.2547945205479452,754.0499877929688,5.885,0.0016992353440951,0.8885352574051822,0.23574678036874594,1.2744060004128528,3.468632294396798,-4.610593999587147,-2.416367705603202,1-4mo
SPY261218P00675000,2026-09-16 20:03:55+00:00,675.0,6.22,6.28,6.29,0.13999987,2.3026295,214.0,10219.0,0.2161180683898925,False,REGULAR,USD,put,2026-12-18,0.2547945205479452,754.0499877929688,6.285,0.0015910898965791,0.8951661175350717,0.2311116133807048,1.5875150017540705,3.898403998303479,-4.69748499824593,-2.386596001696521,1-4mo
SPY261218P00680000,2026-09-16 20:03:55+00:00,680.0,6.65,6.72,6.73,0.32999992,5.2215176,271.0,12533.0,0.2112200460815429,False,REGULAR,USD,put,2026-12-18,0.2547945205479452,754.0499877929688,6.725,0.0014869888475837,0.901796977664961,0.22657435809705517,1.961352045597586,4.372373198816149,-4.763647954402414,-2.3526268011838507,1-4mo
SPY261218P00685000,2026-09-16 19:51:54+00:00,685.0,7.23,7.19,7.22,0.28999996,4.1786737,42.0,6555.0,0.2064593515014647,False,REGULAR,USD,put,2026-12-18,0.2547945205479452,754.0499877929688,7.205,0.0041637751561414,0.9084278377948504,0.22208820197047466,2.4039598961850714,4.895059902979256,-4.801040103814929,-2.3099400970207444,1-4mo
SPY261218P00690000,2026-09-16 20:08:27+00:00,690.0,7.7,7.7,7.73,0.40999985,5.6241407,403.0,11410.0,0.2014545187377929,False,REGULAR,USD,put,2026-12-18,0.2547945205479452,754.0499877929688,7.715,0.0038885288399222,0.91505869792474,0.21750544919991666,2.9237296698067183,5.472663528704516,-4.7912703301932815,-2.2423364712954843,1-4mo
SPY261218P00695000,2026-09-16 19:59:57+00:00,695.0,8.18,8.25,8.28,0.2800002,3.5443065,403.0,12078.0,0.1964039100646972,False,REGULAR,USD,put,2026-12-18,0.2547945205479452,754.0499877929688,8.265,0.0036297640653356,0.9216895580546292,0.21290189924779396,3.529296115165323,6.1122543368965125,-4.7357038848346775,-2.152745663103488,1-4mo
SPY261218P00700000,2026-09-16 20:12:24+00:00,700.0,8.89,8.86,8.88,0.6000004,7.2376404,1218.0,38040.0,0.1913533013916015,False,REGULAR,USD,put,2026-12-18,0.2547945205479452,754.0499877929688,8.870000000000001,0.0022547914317927,0.9283204181845188,0.20838481787299895,4.229418433467131,6.820723609633774,-4.64058156653287,-2.049276390366227,1-4mo
SPY261218P00705000,2026-09-16 19:59:26+00:00,705.0,9.44,9.53,9.57,0.28999996,3.1693985,148.0,4141.0,0.186607865447998,False,REGULAR,USD,put,2026-12-18,0.2547945205479452,754.0499877929688,9.55,0.0041884816753927,0.9349512783144082,0.2040848948057924,5.032849551902203,7.604024085073206,-4.517150448097798,-1.9459759149267946,1-4mo
SPY261218P00710000,2026-09-16 19:59:16+00:00,710.0,10.2,10.25,10.29,0.3699999,3.7639866,421.0,17878.0,0.1815572567749023,False,REGULAR,USD,put,2026-12-18,0.2547945205479452,754.0499877929688,10.27,0.0038948393378772,0.9415821384442976,0.19962212121909734,5.948197367617183,8.467047258190519,-4.321802632382816,-1.8029527418094808,1-4mo
SPY261218P00715000,2026-09-16 20:03:52+00:00,715.0,10.95,11.05,11.07,0.39999962,3.7914655,228.0,4882.0,0.1764303549194336,False,REGULAR,USD,put,2026-12-18,0.2547945205479452,754.0499877929688,11.06,0.0018083182640144,0.948212998574187,0.19522214804947738,6.983781936323339,9.414149504903094,-4.076218063676661,-1.6458504950969068,1-4mo
SPY261218P00720000,2026-09-16 19:57:31+00:00,720.0,11.93,11.91,11.99,0.9300003,8.454548,699.0,6386.0,0.1717917294311523,False,REGULAR,USD,put,2026-12-18,0.2547945205479452,754.0499877929688,11.95,0.006694560669456,0.9548438587040764,0.19107103288690225,8.147492862660414,10.450028616920918,-3.8025071373395853,-1.4999713830790817,1-4mo
SPY261218P00725000,2026-09-16 20:14:23+00:00,725.0,12.85,12.87,12.95,0.95000076,7.9832,253.0,6416.0,0.1667563793945313,False,REGULAR,USD,put,2026-12-18,0.2547945205479452,754.0499877929688,12.91,0.0061967467079783,0.9614747188339658,0.18685374278205827,9.446651241359064,11.580508913256267,-3.4633487586409366,-1.329491086743733,1-4mo
SPY261218P00730000,2026-09-16 19:58:04+00:00,730.0,13.95,13.92,14.0,1.0699997,8.307451,278.0,16022.0,0.1616752534484863,False,REGULAR,USD,put,2026-12-18,0.2547945205479452,754.0499877929688,13.96,0.0057306590257879,0.9681055789638552,0.18267275292649546,10.887880393798241,12.812865813923509,-3.0721196062017597,-1.1471341860764923,1-4mo
SPY261218P00735000,2026-09-16 19:51:58+00:00,735.0,15.19,15.08,15.16,0.9199991,6.4470854,222.0,33458.0,0.156609386138916,False,REGULAR,USD,put,2026-12-18,0.2547945205479452,754.0499877929688,15.12,0.0052910052910052,0.9747364390937446,0.17861238165229518,12.47698935029294,14.155554588253267,-2.64301064970706,-0.9644454117467323,1-4mo
SPY261218P00740000,2026-09-16 20:06:50+00:00,740.0,16.35,16.37,16.45,1.1200008,7.3539124,305.0,16699.0,0.1515892947387695,False,REGULAR,USD,put,2026-12-18,0.2547945205479452,754.0499877929688,16.41,0.0048750761730651,0.981367299223634,0.1747431636178819,14.218872562013047,15.6174815076389,-2.191127437986953,-0.7925184923611006,1-4mo
SPY261218P00745000,2026-09-16 19:50:57+00:00,745.0,17.89,17.79,17.88,1.2600002,7.5766706,364.0,5998.0,0.1465844619750976,False,REGULAR,USD,put,2026-12-18,0.2547945205479452,754.0499877929688,17.835,0.0050462573591253,0.9879981593535236,0.1710224779133901,16.117428715043843,17.207143374645625,-1.7175712849561577,-0.6278566253543758,1-4mo
SPY261218P00750000,2026-09-16 20:14:33+00:00,750.0,19.43,19.38,19.47,1.6300011,9.15731,1005.0,20101.0,0.1416254051208496,False,REGULAR,USD,put,2026-12-18,0.2547945205479452,754.0499877929688,19.424999999999997,0.0046332046332046,0.994629019483413,0.16758112032325342,18.17550079739783,18.931989559247313,-1.2494992026021663,-0.4930104407526841,1-4mo
SPY270319P00530000,2026-09-16 19:24:56+00:00,530.0,3.4,3.2,3.21,0.4000001,13.333336,12.0,3047.0,0.3101265277099609,False,REGULAR,USD,put,2027-03-19,0.5041095890410959,754.0499877929688,3.205,0.0031201248049921,0.7028711737682785,0.32649551445545283,0.008250628535198534,0.33300556164181216,-3.1967493714648016,-2.871994438358188,4-7mo
SPY270319P00535000,2026-09-16 20:12:56+00:00,535.0,3.32,3.33,3.34,0.26,8.496732,80.0,8076.0,0.3058541094970703,False,REGULAR,USD,put,2027-03-19,0.5041095890410959,754.0499877929688,3.335,0.0029985007496251,0.7095020338981679,0.3223443163757008,0.011350708944376064,0.3786600064141794,-3.3236492910556237,-2.9563399935858206,4-7mo
SPY270319P00540000,2026-09-16 19:13:37+00:00,540.0,3.62,3.47,3.48,0.19999981,5.8479476,14.0,2165.0,0.3016427258300781,False,REGULAR,USD,put,2027-03-19,0.5041095890410959,754.0499877929688,3.475,0.0028776978417265,0.7161328940280574,0.3182994647584649,0.015475136386920552,0.4299235414081295,-3.4595248636130798,-3.0450764585918706,4-7mo
SPY270319P00545000,2026-09-16 19:59:00+00:00,545.0,3.6,3.61,3.62,0.19999981,5.882347,6.0,1587.0,0.2973703076171874,False,REGULAR,USD,put,2027-03-19,0.5041095890410959,754.0499877929688,3.615,0.0027662517289073,0.7227637541579467,0.31415708848425794,0.02091356547824863,0.48738137120335523,-3.594086434521752,-3.127618628796645,4-7mo
SPY270319P00550000,2026-09-16 19:11:50+00:00,550.0,3.91,3.76,3.77,0.2900002,8.011055,61.0,3076.0,0.2931589239501952,False,REGULAR,USD,put,2027-03-19,0.5041095890410959,754.0499877929688,3.765,0.00265604249668,0.7293946142878361,0.31010512434545556,0.028022513999049536,0.551665032750634,-3.7369774860009506,-3.213334967249366,4-7mo
SPY270319P00555000,2026-09-16 19:15:50+00:00,555.0,4.1,3.92,3.93,0.23000002,5.943153,1.0,4301.0,0.2890085748291014,False,REGULAR,USD,put,2027-03-19,0.5041095890410959,754.0499877929688,3.925,0.002547770700637,0.7360254744177256,0.3061296093616958,0.037236748608127535,0.6234689575127277,-3.8877632513918723,-3.301531042487272,4-7mo
SPY270319P00560000,2026-09-16 14:24:41+00:00,560.0,3.86,4.08,4.09,0.13999987,3.7634373,1.0,4507.0,0.2847666738891601,False,REGULAR,USD,put,2027-03-19,0.5041095890410959,754.0499877929688,4.085,0.0024479804161566,0.742656334547615,0.302049227392977,0.049081667481539526,0.7035609992705076,-4.03591833251846,-3.3814390007294923,4-7mo
SPY270319P00565000,2026-09-14 19:07:43+00:00,565.0,3.94,4.26,4.27,0.0,0.0,6.0,2102.0,0.2807383938598632,False,REGULAR,USD,put,2027-03-19,0.5041095890410959,754.0499877929688,4.265,0.0023446658851113,0.7492871946775044,0.29819508666404015,0.0641865700394757,0.7927821220708893,-4.200813429960524,-3.4722178779291104,4-7mo
SPY270319P00570000,2026-09-16 19:42:05+00:00,570.0,4.57,4.45,4.46,0.25,5.787037,19.0,1951.0,0.2767406311035155,False,REGULAR,USD,put,2027-03-19,0.5041095890410959,754.0499877929688,4.455,0.0022446689113355,0.7559180548073938,0.2943812577217222,0.08329865803092851,0.8920389294961524,-4.371701341969072,-3.5629610705038477,4-7mo
SPY270319P00575000,2026-09-16 19:47:34+00:00,575.0,4.69,4.64,4.65,0.3800001,8.816709,4.0,2915.0,0.2726207992553711,False,REGULAR,USD,put,2027-03-19,0.5041095890410959,754.0499877929688,4.645,0.0021528525296018,0.7625489149372833,0.29044729871852953,0.10729756491630305,1.002297586466625,-4.5377024350836965,-3.6427024135333745,4-7mo
SPY270319P00580000,2026-09-16 18:40:28+00:00,580.0,4.65,4.85,4.86,0.26000023,5.922557,3.0,3500.0,0.2686688124084472,False,REGULAR,USD,put,2027-03-19,0.5041095890410959,754.0499877929688,4.855,0.0020597322348096,0.7691797750671727,0.28669013940840055,0.13721016348991277,1.1245859042503525,-4.717789836510088,-3.730414095749648,4-7mo
SPY270319P00585000,2026-09-16 19:52:27+00:00,585.0,5.06,5.06,5.08,0.19999981,4.1152225,1.0,7252.0,0.2647168255615234,False,REGULAR,USD,put,2027-03-19,0.5041095890410959,754.0499877929688,5.07,0.0039447731755424,0.7758106351970621,0.2828753739045505,0.17422535697599262,1.2600039993775454,-4.895774643024008,-3.809996000622455,4-7mo
SPY270319P00590000,2026-09-14 14:07:19+00:00,590.0,5.08,5.29,5.3,0.0,0.0,1.0,1970.0,0.2606275109863281,False,REGULAR,USD,put,2027-03-19,0.5041095890410959,754.0499877929688,5.295,0.0018885741265344,0.7824414953269515,0.2790699783629693,0.21970851847465944,1.4097379587021805,-5.0752914815253405,-3.8852620412978194,4-7mo
SPY270319P00595000,2026-09-16 19:34:54+00:00,595.0,5.66,5.53,5.54,0.5499997,10.763203,165.0,2461.0,0.2566907827758788,False,REGULAR,USD,put,2027-03-19,0.5041095890410959,754.0499877929688,5.535,0.0018066847335139,0.789072355456841,0.27533109020604374,0.2752152096967917,1.5750693694757274,-5.2597847903032084,-3.9599306305242727,4-7mo
SPY270319P00600000,2026-09-16 19:52:05+00:00,600.0,5.81,5.78,5.82,0.23000002,4.1218643,83.0,5321.0,0.2530592272949219,False,REGULAR,USD,put,2027-03-19,0.5041095890410959,754.0499877929688,5.800000000000001,0.0068965517241379,0.7957032155867303,0.2717691340033181,0.34250378438037465,1.7573769248984945,-5.457496215619626,-4.042623075101506,4-7mo
SPY270319P00605000,2026-09-16 20:02:50+00:00,605.0,6.04,6.05,6.06,0.15999985,2.7210858,25.0,4123.0,0.2488325849914551,False,REGULAR,USD,put,2027-03-19,0.5041095890410959,754.0499877929688,6.055,0.0016515276630883,0.8023340757166197,0.2679375681874764,0.4235464663943205,1.95813178680271,-5.631453533605679,-4.09686821319729,4-7mo
SPY270319P00610000,2026-09-16 15:25:48+00:00,610.0,5.81,6.33,6.36,-0.1500001,-2.5167801,1.0,2353.0,0.245124736328125,False,REGULAR,USD,put,2027-03-19,0.5041095890410959,754.0499877929688,6.345000000000001,0.0047281323877068,0.8089649358465092,0.26437792869290166,0.5205384887760651,2.1788921683637454,-5.8244615112239355,-4.166107831636255,4-7mo
SPY270319P00615000,2026-09-16 19:20:06+00:00,615.0,7.03,6.63,6.65,0.6700001,10.534593,10.0,3203.0,0.2411574908447265,False,REGULAR,USD,put,2027-03-19,0.5041095890410959,754.0499877929688,6.640000000000001,0.0030120481927711,0.8155957959763986,0.26071902428784793,0.6359048888909768,2.421302470469641,-6.004095111109024,-4.21869752953036,4-7mo
SPY270319P00620000,2026-09-16 19:31:27+00:00,620.0,7.27,6.95,6.96,0.94000006,14.849922,8.0,4858.0,0.2372512799072265,False,REGULAR,USD,put,2027-03-19,0.5041095890410959,754.0499877929688,6.955,0.0014378145219266,0.822226656106288,0.25712401046104083,0.7723045771580672,2.687098805236019,-6.182695422841933,-4.267901194763981,4-7mo
SPY270319P00625000,2026-09-16 20:04:00+00:00,625.0,7.25,7.29,7.33,0.1500001,2.1126773,10.0,5382.0,0.233757052154541,False,REGULAR,USD,put,2027-03-19,0.5041095890410959,754.0499877929688,7.31,0.0054719562243502,0.8288575162361774,0.2537840246632592,0.9326313324537345,2.9781184324887136,-6.377368667546265,-4.331881567511286,4-7mo
SPY270319P00630000,2026-09-16 19:16:41+00:00,630.0,8.04,7.64,7.69,0.6700001,9.09091,6.0,3178.0,0.2299881689453125,False,REGULAR,USD,put,2027-03-19,0.5041095890410959,754.0499877929688,7.665,0.0065231572080888,0.8354883763660669,0.2502640142354533,1.1200114259420886,3.296308243550129,-6.5449885740579115,-4.368691756449871,4-7mo
SPY270319P00635000,2026-09-16 18:55:14+00:00,635.0,8.01,8.02,8.04,0.71000004,9.7260275,2.0,6945.0,0.225944630279541,False,REGULAR,USD,put,2027-03-19,0.5041095890410959,754.0499877929688,8.03,0.0024906600249065,0.8421192364959563,0.2466692485084977,1.337797635707279,3.643728167702193,-6.69220236429272,-4.3862718322978065,4-7mo
SPY270319P00640000,2026-09-16 19:34:54+00:00,640.0,8.64,8.42,8.44,0.5,6.1425056,35.0,7512.0,0.2221757470703124,False,REGULAR,USD,put,2027-03-19,0.5041095890410959,754.0499877929688,8.43,0.0023724792408065,0.8487500966258457,0.24322915069631018,1.5895594856834805,4.022548450210024,-6.840440514316519,-4.407451549789975,4-7mo
SPY270319P00645000,2026-09-16 19:07:56+00:00,645.0,8.88,8.84,8.86,0.3199997,3.738314,6.0,5166.0,0.2183916052246093,False,REGULAR,USD,put,2027-03-19,0.5041095890410959,754.0499877929688,8.85,0.0022598870056496,0.8553809567557351,0.2397833260251538,1.8790696220478722,4.435043094467005,-6.970930377952127,-4.4149569055329945,4-7mo
SPY270319P00650000,2026-09-16 19:58:20+00:00,650.0,9.27,9.29,9.31,0.3000002,3.3444836,639.0,7330.0,0.21465323928833,False,REGULAR,USD,put,2027-03-19,0.5041095890410959,754.0499877929688,9.3,0.0021505376344087,0.8620118168856246,0.23640761254300824,2.210286326121519,4.883583418514036,-7.089713673878482,-4.416416581485965,4-7mo
SPY270319P00655000,2026-09-16 19:33:42+00:00,655.0,10.15,9.76,9.78,0.72999954,7.7494645,8.0,2441.0,0.2108690974426269,False,REGULAR,USD,put,2027-03-19,0.5041095890410959,754.0499877929688,9.77,0.0020470829068576,0.868642677015514,0.23300034379168666,2.587332252300044,5.370634896425599,-7.182667747699956,-4.3993651035744,4-7mo
SPY270319P00660000,2026-09-16 18:54:18+00:00,660.0,10.91,10.26,10.29,1.1199999,11.440244,31.0,4406.0,0.2071765074157714,False,REGULAR,USD,put,2027-03-19,0.5041095890410959,754.0499877929688,10.275,0.002919708029197,0.8752735371454033,0.22967330141388204,3.0144695698040778,5.89875794552654,-7.260530430195923,-4.37624205447346,4-7mo
SPY270319P00665000,2026-09-16 20:05:50+00:00,665.0,10.8,10.79,10.82,0.39000034,3.746401,254.0,4813.0,0.2034076242065429,False,REGULAR,USD,put,2027-03-19,0.5041095890410959,754.0499877929688,10.805,0.0027764923646461,0.8819043972752928,0.22632864272926345,3.4960717752400967,6.470610655595351,-7.308928224759903,-4.334389344404649,4-7mo
SPY270319P00670000,2026-09-16 19:31:32+00:00,670.0,11.83,11.36,11.38,0.8800001,8.036531,38.0,3351.0,0.1996234823608398,False,REGULAR,USD,put,2027-03-19,0.5041095890410959,754.0499877929688,11.37,0.0017590149516272,0.8885352574051822,0.22303024011943384,4.036592526285588,7.088950100788679,-7.333407473714411,-4.28104989921132,4-7mo
SPY270319P00675000,2026-09-16 20:01:19+00:00,675.0,11.91,11.96,12.01,0.3199997,2.7609982,12.0,2513.0,0.1960834786987305,False,REGULAR,USD,put,2027-03-19,0.5041095890410959,754.0499877929688,11.985,0.0041718815185647,0.8951661175350717,0.2198688325873419,4.640531922608673,7.756629411911717,-7.344468077391326,-4.228370588088282,4-7mo
SPY270319P00680000,2026-09-16 20:13:14+00:00,680.0,12.66,12.6,12.62,0.5,4.111842,22.0,3388.0,0.1921467504882812,False,REGULAR,USD,put,2027-03-19,0.5041095890410959,754.0499877929688,12.61,0.0015860428231561,0.901796977664961,0.2165373067660508,5.312400726040167,8.476589727589726,-7.2975992739598325,-4.1334102724102735,4-7mo
SPY270319P00685000,2026-09-16 19:41:51+00:00,685.0,13.64,13.27,13.34,0.8500004,6.64582,16.0,3992.0,0.1886754106903076,False,REGULAR,USD,put,2027-03-19,0.5041095890410959,754.0499877929688,13.305,0.0052611800075159,0.9084278377948504,0.21344405418144113,6.056683066003458,9.251848327425591,-7.248316933996541,-4.053151672574408,4-7mo
SPY270319P00690000,2026-09-16 19:57:10+00:00,690.0,13.95,13.98,14.01,0.47999954,3.5634708,8977.0,15340.0,0.1846089840698241,False,REGULAR,USD,put,2027-03-19,0.5041095890410959,754.0499877929688,13.995,0.0021436227224008,0.91505869792474,0.210059844068447,6.877798216712733,10.085485533249425,-7.117201783287266,-3.909514466750574,4-7mo
SPY270319P00695000,2026-09-16 19:20:07+00:00,695.0,15.51,14.76,14.81,1.3100004,9.225355,1.0,2101.0,0.1810460924530029,False,REGULAR,USD,put,2027-03-19,0.5041095890410959,754.0499877929688,14.785,0.0033818058843422,0.9216895580546292,0.2070638146307822,7.780062058545894,10.98063279594146,-7.004937941454106,-3.80436720405854,4-7mo
SPY270319P00700000,2026-09-16 20:07:51+00:00,700.0,15.6,15.57,15.63,0.8299999,5.6194983,1373.0,64490.0,0.1773000971984863,False,REGULAR,USD,put,2027-03-19,0.5041095890410959,754.0499877929688,15.6,0.0038461538461538,0.9283204181845188,0.20394259384789734,8.767648846702286,11.940463007073276,-6.832351153297713,-3.659536992926723,4-7mo
SPY270319P00705000,2026-09-16 19:21:51+00:00,705.0,17.48,16.42,16.49,1.6799994,10.632908,19.0,3674.0,0.1734701794433593,False,REGULAR,USD,put,2027-03-19,0.5041095890410959,754.0499877929688,16.455,0.0042540261318746,0.9349512783144082,0.2007804939278575,9.844553905689168,12.968182297513636,-6.610446094310831,-3.4868177024863627,4-7mo
SPY270319P00710000,2026-09-16 19:44:14+00:00,710.0,17.83,17.34,17.45,1.1100006,6.63876,702.0,9207.0,0.1698538825988769,False,REGULAR,USD,put,2027-03-19,0.5041095890410959,754.0499877929688,17.395,0.0063236562230525,0.9415821384442976,0.1978259831795624,11.0145578487475,14.067021319384367,-6.380442151252499,-3.327978680615633,4-7mo
SPY270319P00715000,2026-09-16 19:53:51+00:00,715.0,18.39,18.32,18.42,0.72999954,4.1336327,933.0,8123.0,0.1659476716613769,False,REGULAR,USD,put,2027-03-19,0.5041095890410959,754.0499877929688,18.37,0.0054436581382689,0.948212998574187,0.19476139746347376,12.28119288792027,15.24022381232487,-6.088807112079731,-3.12977618767513,4-7mo
SPY270319P00720000,2026-09-16 19:53:34+00:00,720.0,19.37,19.37,19.49,0.69000053,3.693793,106.0,4763.0,0.1622093057250976,False,REGULAR,USD,put,2027-03-19,0.5041095890410959,754.0499877929688,19.43,0.0061760164693771,0.9548438587040764,0.1918533272692046,13.647711754374967,16.491031117757984,-5.782288245625033,-2.9389688822420155,4-7mo
SPY270319P00725000,2026-09-16 19:50:52+00:00,725.0,20.67,20.49,20.62,0.90999985,4.6052623,409.0,4448.0,0.1583793879699707,False,REGULAR,USD,put,2027-03-19,0.5041095890410959,754.0499877929688,20.555,0.0063244952566286,0.9614747188339658,0.1889639617495567,15.117059691455808,17.822662721116217,-5.437940308544192,-2.732337278883783,4-7mo
SPY270319P00730000,2026-09-16 19:48:11+00:00,730.0,22.04,21.69,21.83,1.3000011,6.268087,2322.0,3587.0,0.1545418408966064,False,REGULAR,USD,put,2027-03-19,0.5041095890410959,754.0499877929688,21.76,0.0064338235294116,0.9681055789638552,0.18615210946098693,16.691849916664665,19.238294170619497,-5.068150083335336,-2.5217058293805046,4-7mo
SPY270319P00735000,2026-09-16 19:58:43+00:00,735.0,23.06,22.98,23.12,1.0900002,4.961312,142.0,3793.0,0.1506585179138184,False,REGULAR,USD,put,2027-03-19,0.5041095890410959,754.0499877929688,23.05,0.0060737527114967,0.9747364390937446,0.18341929103849636,18.374342875471967,20.74103428900935,-4.675657124528033,-2.308965710990652,4-7mo
SPY270319P00740000,2026-09-16 19:46:03+00:00,740.0,24.88,24.36,24.51,1.3999996,5.96252,2808.0,4058.0,0.1467980828857422,False,REGULAR,USD,put,2027-03-19,0.5041095890410959,754.0499877929688,24.435,0.0061387354205034,0.981367299223634,0.18079189918715677,20.166429531733513,22.333903286813438,-4.268570468266486,-2.1010967131865605,4-7mo
SPY270319P00745000,2026-09-16 19:35:16+00:00,745.0,26.59,25.86,26.01,1.6200008,6.487789,282.0,3233.0,0.1429605358123779,False,REGULAR,USD,put,2027-03-19,0.5041095890410959,754.0499877929688,25.935,0.0057836899942163,0.9879981593535236,0.1783440069258324,22.069618858781837,24.019812436167513,-3.865381141218162,-1.915187563832486,4-7mo
SPY270319P00750000,2026-09-16 20:09:08+00:00,750.0,27.47,27.45,27.63,1.3099995,5.0076427,609.0,11585.0,0.1391535060119629,False,REGULAR,USD,put,2027-03-19,0.5041095890410959,754.0499877929688,27.54,0.0065359477124182,0.994629019483413,0.1759991698687958,24.085029614168377,25.801544862093465,-3.454970385831622,-1.7384551379065343,4-7mo
SPY270617P00530000,2026-09-16 20:06:31+00:00,530.0,5.17,5.17,5.19,0.28999996,5.942622,26.0,2167.0,0.2829661547851562,False,REGULAR,USD,put,2027-06-17,0.7506849315068493,754.0499877929688,5.18,0.0038610038610039,0.7028711737682785,0.3045468496610583,0.06446814519796207,0.7064229251098482,-5.115531854802038,-4.4735770748901516,>7mo
SPY270617P00535000,2026-09-16 13:48:10+00:00,535.0,5.1,5.37,5.38,-0.1500001,-2.8571446,1.0,2830.0,0.2792735647583008,False,REGULAR,USD,put,2027-06-17,0.7506849315068493,754.0499877929688,5.375,0.001860465116279,0.7095020338981679,0.3011223696365,0.08126445750295463,0.7912309693831503,-5.293735542497045,-4.58376903061685,>7mo
SPY270617P00540000,2026-09-16 14:47:32+00:00,540.0,5.27,5.58,5.59,-0.07000017,-1.3108646,5.0,2965.0,0.2757640783691406,False,REGULAR,USD,put,2027-06-17,0.7506849315068493,754.0499877929688,5.585,0.0017905102954341,0.7161328940280574,0.2978125174389172,0.10181166035601086,0.8848701424218461,-5.4831883396439896,-4.700129857578154,>7mo
SPY270617P00545000,2026-09-15 13:30:00+00:00,545.0,5.53,5.79,5.81,0.0,0.0,1.0,4144.0,0.2722851092529296,False,REGULAR,USD,put,2027-06-17,0.7506849315068493,754.0499877929688,5.8,0.0034482758620688,0.7227637541579467,0.2944791623330584,0.1267966256300297,0.9881038708305141,-5.673203374369971,-4.811896129169486,>7mo
SPY270617P00550000,2026-09-16 16:23:15+00:00,550.0,5.7,6.02,6.04,-0.1500001,-2.5641043,3.0,4193.0,0.2688366574096679,False,REGULAR,USD,put,2027-06-17,0.7506849315068493,754.0499877929688,6.029999999999999,0.0033167495854063,0.7293946142878361,0.29124154906506877,0.1570004282844999,1.1017453611198107,-5.8729995717155,-4.928254638880189,>7mo
SPY270617P00555000,2026-09-11 18:33:20+00:00,555.0,5.81,6.26,6.28,0.0,0.0,13.0,1710.0,0.2654187228393554,False,REGULAR,USD,put,2027-06-17,0.7506849315068493,754.0499877929688,6.27,0.0031897926634769,0.7360254744177256,0.28802909411145194,0.19330562336229384,1.226659259518442,-6.076694376637706,-5.043340740481558,>7mo
SPY270617P00560000,2026-09-16 19:35:54+00:00,560.0,6.69,6.51,6.52,0.40999985,6.52866,5.0,2377.0,0.2618787191772461,False,REGULAR,USD,put,2027-06-17,0.7506849315068493,754.0499877929688,6.515,0.0015349194167305,0.742656334547615,0.2847796942897834,0.2367032141961074,1.3637631877168133,-6.278296785803892,-5.151236812283186,>7mo
SPY270617P00565000,2026-09-16 17:47:05+00:00,565.0,6.45,6.77,6.78,-0.16000032,-2.4205797,573.0,3551.0,0.2584760432434083,False,REGULAR,USD,put,2027-06-17,0.7506849315068493,754.0499877929688,6.775,0.0014760147601477,0.7492871946775044,0.2816020572226828,0.2882991671957047,1.5140291851793108,-6.486700832804296,-5.2609708148206895,>7mo
SPY270617P00570000,2026-09-16 16:12:34+00:00,570.0,6.64,7.04,7.06,-0.23000002,-3.3478897,30.0,2449.0,0.255164919128418,False,REGULAR,USD,put,2027-06-17,0.7506849315068493,754.0499877929688,7.05,0.002836879432624,0.7559180548073938,0.27848564495967854,0.3493203245331662,1.6784850743583775,-6.700679675466834,-5.371514925641622,>7mo
SPY270617P00575000,2026-09-16 16:20:35+00:00,575.0,6.91,7.31,7.35,0.01999998,0.29027548,57.0,3254.0,0.2518537950134277,False,REGULAR,USD,put,2027-06-17,0.7506849315068493,754.0499877929688,7.33,0.0054570259208731,0.7625489149372833,0.2753188565892486,0.4211195652055313,1.858215727757397,-6.908880434794469,-5.471784272242603,>7mo
SPY270617P00580000,2026-09-14 13:49:28+00:00,580.0,7.37,7.61,7.66,0.0,0.0,10.0,2671.0,0.2486037054443359,False,REGULAR,USD,put,2027-06-17,0.7506849315068493,754.0499877929688,7.635,0.0065487884741322,0.7691797750671727,0.2722995545753047,0.505180067537756,2.054364184448673,-7.129819932462244,-5.580635815551327,>7mo
SPY270617P00585000,2026-09-14 18:24:30+00:00,585.0,7.45,7.92,7.97,0.0,0.0,23.0,2499.0,0.2452620640563965,False,REGULAR,USD,put,2027-06-17,0.7506849315068493,754.0499877929688,7.945,0.0062932662051604,0.7758106351970621,0.2692187235086157,0.6031185322980086,2.2681325592654957,-7.341881467701992,-5.6768674407345046,>7mo
SPY270617P00590000,2026-09-16 19:50:41+00:00,590.0,8.28,8.25,8.3,0.22999954,2.8571372,10.0,2303.0,0.2419814572143555,False,REGULAR,USD,put,2027-06-17,0.7506849315068493,754.0499877929688,8.275,0.0060422960725076,0.7824414953269515,0.26621624420254963,0.7166872352353657,2.5007827098606867,-7.558312764764635,-5.774217290139314,>7mo
SPY270617P00595000,2026-09-16 18:47:20+00:00,595.0,8.27,8.59,8.65,0.34000063,4.2875237,4.0,1903.0,0.2387466262817382,False,REGULAR,USD,put,2027-06-17,0.7506849315068493,754.0499877929688,8.620000000000001,0.0069605568445476,0.789072355456841,0.2632354780121233,0.8477747909110285,2.7536366567524055,-7.7722252090889725,-5.8663633432475955,>7mo
SPY270617P00600000,2026-09-16 18:59:52+00:00,600.0,9.04,8.95,9.01,0.35999966,4.1474614,41.0,7177.0,0.2354812780761718,False,REGULAR,USD,put,2027-06-17,0.7506849315068493,754.0499877929688,8.98,0.0066815144766147,0.7957032155867303,0.2602696008150071,0.9984055259702167,3.02807676821908,-7.981594474029784,-5.9519232317809205,>7mo
SPY270617P00605000,2026-09-16 19:34:54+00:00,605.0,9.53,9.33,9.39,0.4499998,4.955945,21.0,2104.0,0.2322464471435547,False,REGULAR,USD,put,2027-06-17,0.7506849315068493,754.0499877929688,9.36,0.0064102564102564,0.8023340757166197,0.257354224550482,1.1707373791843878,3.325545715909584,-8.189262620815612,-6.034454284090415,>7mo
SPY270617P00610000,2026-09-16 18:41:32+00:00,610.0,9.33,9.73,9.78,-0.07999992,-0.85015863,6.0,2327.0,0.2289658403015136,False,REGULAR,USD,put,2027-06-17,0.7506849315068493,754.0499877929688,9.755,0.0051255766273704,0.8089649358465092,0.25443892097383963,1.3670582672876002,3.647546185043552,-8.3879417327124,-6.107453814956449,>7mo
SPY270617P00615000,2026-09-16 19:34:54+00:00,615.0,10.37,10.15,10.2,0.48999977,4.9595118,18.0,2494.0,0.2257767852783203,False,REGULAR,USD,put,2027-06-17,0.7506849315068493,754.0499877929688,10.175,0.0049140049140048,0.8155957959763986,0.25159712844061277,1.5897808793612924,3.995640301133676,-8.585219120638708,-6.179359698866325,>7mo
SPY270617P00620000,2026-09-15 19:17:47+00:00,620.0,10.29,10.59,10.64,0.0,0.0,11.0,3041.0,0.2226029888916015,False,REGULAR,USD,put,2027-06-17,0.7506849315068493,754.0499877929688,10.615,0.0047103155911446,0.822226656106288,0.24877847639116668,1.8414358877548196,4.371448727436814,-8.77356411224518,-6.243551272563186,>7mo
SPY270617P00625000,2026-09-16 19:35:38+00:00,625.0,11.37,11.04,11.1,0.5799999,5.3753467,2.0,3512.0,0.2194444511413574,False,REGULAR,USD,put,2027-06-17,0.7506849315068493,754.0499877929688,11.07,0.005420054200542,0.8288575162361774,0.24593816476147642,2.1246635896859516,4.776649397282085,-8.945336410314049,-6.293350602717915,>7mo
SPY270617P00630000,2026-09-16 19:34:54+00:00,630.0,11.78,11.53,11.59,0.3800001,3.3333344,5.0,2644.0,0.2163316893005371,False,REGULAR,USD,put,2027-06-17,0.7506849315068493,754.0499877929688,11.56,0.0051903114186851,0.8354883763660669,0.24321576469557848,2.4422040201395205,5.212975865460066,-9.11779597986048,-6.347024134539934,>7mo
SPY270617P00635000,2026-09-10 15:46:59+00:00,635.0,11.98,12.03,12.1,0.0,0.0,4.0,2784.0,0.2132036688232422,False,REGULAR,USD,put,2027-06-17,0.7506849315068493,754.0499877929688,12.065,0.0058019063406548,0.8421192364959563,0.2404555444276277,2.796885602860293,5.682215280373384,-9.268114397139707,-6.382784719626615,>7mo
SPY270617P00640000,2026-09-15 20:11:03+00:00,640.0,12.7,12.56,12.63,0.5799999,4.785478,1.0,1212.0,0.2100527603912353,False,REGULAR,USD,put,2027-06-17,0.7506849315068493,754.0499877929688,12.595,0.0055577610162763,0.8487500966258457,0.23772208204755496,3.1916124315178465,6.1862059843113,-9.403387568482154,-6.4087940156887,>7mo
SPY270617P00645000,2026-09-16 16:40:40+00:00,645.0,12.38,13.12,13.19,0.09000015,0.7323039,2.0,2476.0,0.2069323692321776,False,REGULAR,USD,put,2027-06-17,0.7506849315068493,754.0499877929688,13.155,0.0053211706575446,0.8553809567557351,0.2350394122165595,3.629350296930184,6.726834741936159,-9.525649703069815,-6.42816525806384,>7mo
SPY270617P00650000,2026-09-16 19:30:02+00:00,650.0,14.28,13.71,13.78,0.9200001,6.886228,105.0,3248.0,0.203834866027832,False,REGULAR,USD,put,2027-06-17,0.7506849315068493,754.0499877929688,13.745,0.0050927610040013,0.8620118168856246,0.23239655468979906,4.113111598043176,7.306033583511976,-9.631888401956823,-6.438966416488023,>7mo
SPY270617P00655000,2026-09-16 19:19:22+00:00,655.0,15.0,14.33,14.41,1.3699999,10.051356,103.0,1721.0,0.2007983973693847,False,REGULAR,USD,put,2027-06-17,0.7506849315068493,754.0499877929688,14.37,0.0055671537926235,0.868642677015514,0.22981421189682383,4.645939293701147,7.925776239062429,-9.724060706298852,-6.44422376093757,>7mo
SPY270617P00660000,2026-09-16 19:35:25+00:00,660.0,15.36,14.97,15.05,0.8299999,5.712319,2.0,4081.0,0.1976398596191406,False,REGULAR,USD,put,2027-06-17,0.7506849315068493,754.0499877929688,15.010000000000002,0.0053297801465689,0.8752735371454033,0.22716015837438247,5.230890068716391,8.588074139176115,-9.77910993128361,-6.421925860823887,>7mo
SPY270617P00665000,2026-09-11 19:30:22+00:00,665.0,16.1,15.65,15.74,1.7600002,12.273363,1.0,2932.0,0.1945881323242187,False,REGULAR,USD,put,2027-06-17,0.7506849315068493,754.0499877929688,15.695,0.0057343102899012,0.8819043972752928,0.22460837338759856,5.871016901023168,9.294971968091886,-9.823983098976832,-6.400028031908114,>7mo
SPY270617P00670000,2026-09-15 14:58:17+00:00,670.0,16.15,16.37,16.44,0.0,0.0,1.0,4449.0,0.1914143359375,False,REGULAR,USD,put,2027-06-17,0.7506849315068493,754.0499877929688,16.405,0.0042669917708016,0.8885352574051822,0.22202959149531715,6.569351226559448,10.048542769899427,-9.835648773440553,-6.356457230100574,>7mo
SPY270617P00675000,2026-09-14 16:49:16+00:00,675.0,15.75,17.11,17.19,0.0,0.0,11.0,3530.0,0.1883015740966797,False,REGULAR,USD,put,2027-06-17,0.7506849315068493,754.0499877929688,17.15,0.00466472303207,0.8951661175350717,0.2194737532400082,7.328884904806841,10.850882622044765,-9.821115095193157,-6.299117377955234,>7mo
SPY270617P00680000,2026-09-16 19:21:38+00:00,680.0,18.78,17.9,17.99,1.2600002,7.191782,17.0,7312.0,0.1852498468017577,False,REGULAR,USD,put,2027-06-17,0.7506849315068493,754.0499877929688,17.945,0.0050153246029534,0.901796977664961,0.2170121772866036,8.152552190578007,11.704104896602985,-9.792447809421994,-6.2408951033970155,>7mo
SPY270617P00685000,2026-09-16 19:13:03+00:00,685.0,19.03,18.72,18.8,1.6200008,9.305002,5.0,16277.0,0.1820531624603271,False,REGULAR,USD,put,2027-06-17,0.7506849315068493,754.0499877929688,18.76,0.0042643923240939,0.9084278377948504,0.21447236297509017,9.043211916708174,12.610334128242584,-9.716788083291828,-6.149665871757417,>7mo
SPY270617P00690000,2026-09-16 19:38:39+00:00,690.0,20.09,19.59,19.67,1.2199993,6.465285,5.0,2758.0,0.1789327713012695,False,REGULAR,USD,put,2027-06-17,0.7506849315068493,754.0499877929688,19.630000000000003,0.0040753948038717,0.91505869792474,0.21203124132732243,10.00363008788878,13.5716995018538,-9.626369912111223,-6.0583004981462025,>7mo
SPY270617P00695000,2026-09-16 19:19:58+00:00,695.0,21.39,20.49,20.58,1.289999,6.417906,2.0,2092.0,0.1757894921875,False,REGULAR,USD,put,2027-06-17,0.7506849315068493,754.0499877929688,20.534999999999997,0.0043827611395178,0.9216895580546292,0.20957358745758276,11.036463078169277,14.590327967818439,-9.49853692183072,-5.944672032181558,>7mo
SPY270617P00700000,2026-09-16 19:54:07+00:00,700.0,21.55,21.43,21.58,0.6899986,3.3077593,37.0,9107.0,0.1728293167114258,False,REGULAR,USD,put,2027-06-17,0.7506849315068493,754.0499877929688,21.505,0.006975122064636,0.9283204181845188,0.20723850951075168,12.144241613903603,15.668336993152707,-9.360758386096396,-5.836663006847292,>7mo
SPY270617P00705000,2026-09-16 16:56:40+00:00,705.0,21.15,22.43,22.59,0.32999992,1.5850141,16.0,2659.0,0.1696707789611816,False,REGULAR,USD,put,2027-06-17,0.7506849315068493,754.0499877929688,22.51,0.0071079520213238,0.9349512783144082,0.20486620190053095,13.329355710435635,16.807826963516618,-9.180644289564366,-5.702173036483384,>7mo
SPY270617P00710000,2026-09-16 19:30:45+00:00,710.0,24.3,23.48,23.65,2.5299988,11.621491,2.0,14321.0,0.1664893532562256,False,REGULAR,USD,put,2027-06-17,0.7506849315068493,754.0499877929688,23.565,0.007214088690855,0.9415821384442976,0.20252046189547057,14.59404071497221,18.010873262358132,-8.970959285027792,-5.5541267376418695,>7mo
SPY270617P00715000,2026-09-16 19:45:20+00:00,715.0,25.18,24.59,24.76,2.3700008,10.390184,29.0,2206.0,0.163269780960083,False,REGULAR,USD,put,2027-06-17,0.7506849315068493,754.0499877929688,24.675,0.0068895643363729,0.948212998574187,0.2002136838202229,15.940364590262192,19.279518065327466,-8.734635409737809,-5.395481934672535,>7mo
SPY270617P00720000,2026-09-16 19:29:52+00:00,720.0,26.84,25.72,25.93,2.040001,8.22581,13.0,3557.0,0.1600425793457031,False,REGULAR,USD,put,2027-06-17,0.7506849315068493,754.0499877929688,25.825,0.0081316553727009,0.9548438587040764,0.1978676350526562,17.37021655430999,20.615761896829213,-8.454783445690008,-5.209238103170787,>7mo
SPY270617P00725000,2026-09-16 19:33:25+00:00,725.0,27.7,26.98,27.16,1.4000015,5.3231997,14.0,1306.0,0.156784860458374,False,REGULAR,USD,put,2027-06-17,0.7506849315068493,754.0499877929688,27.07,0.0066494274104174,0.9614747188339658,0.19571671723741646,18.88529717082355,22.021554999354066,-8.184702829176452,-5.048445000645934,>7mo
SPY270617P00730000,2026-09-16 19:23:58+00:00,730.0,29.8,28.28,28.46,2.5,9.15751,14.0,4320.0,0.1535271415710449,False,REGULAR,USD,put,2027-06-17,0.7506849315068493,754.0499877929688,28.37,0.0063447303489601,0.9681055789638552,0.19356902435407844,20.487109963859837,23.49878856564851,-7.882890036140164,-4.8712114343514905,>7mo
SPY270617P00735000,2026-09-16 17:52:22+00:00,735.0,28.01,29.67,29.81,-1.6900005,-5.6902375,214.0,2056.0,0.1501626122283935,False,REGULAR,USD,put,2027-06-17,0.7506849315068493,754.0499877929688,29.74,0.0047074646940146,0.9747364390937446,0.19147901257891187,22.176954608594826,25.049285881355104,-7.563045391405172,-4.690714118644895,>7mo
SPY270617P00740000,2026-09-16 19:19:06+00:00,740.0,32.35,31.09,31.27,1.6699982,5.4432797,241.0,2820.0,0.1469125226593017,False,REGULAR,USD,put,2027-06-17,0.7506849315068493,754.0499877929688,31.18,0.0057729313662604,0.981367299223634,0.18943505208735725,23.95592172872199,26.67479342442607,-7.22407827127801,-4.505206575573929,>7mo
SPY270617P00745000,2026-09-16 19:41:37+00:00,745.0,33.26,32.61,32.8,1.5299988,4.8219314,19.0,1800.0,0.1435937692260742,False,REGULAR,USD,put,2027-06-17,0.7506849315068493,754.0499877929688,32.705,0.0058095092493501,0.9879981593535236,0.18748783922932954,25.824889310031097,28.37697196943998,-6.880110689968902,-4.32802803056002,>7mo
SPY270617P00750000,2026-09-16 19:29:50+00:00,750.0,35.66,34.17,34.41,2.3899994,7.183647,35.0,7737.0,0.1402292398834228,False,REGULAR,USD,put,2027-06-17,0.7506849315068493,754.0499877929688,34.29,0.0069991251093611,0.994629019483413,0.1855237536959102,27.78452071958378,30.15738775025318,-6.505479280416218,-4.1326122497468205,>7mo
SPY270917P00530000,2026-09-16 19:26:46+00:00,530.0,7.44,7.12,7.14,0.53999996,7.8260865,1.0,1019.0,0.2650677742004394,False,REGULAR,USD,put,2027-09-17,1.0027397260273974,754.0499877929688,7.13,0.0028050490883589,0.7028711737682785,0.2915195509501732,0.19909957926996702,1.165795935819233,-6.930900420730033,-5.964204064180767,>7mo
SPY270917P00535000,2026-09-16 18:36:51+00:00,535.0,7.25,7.38,7.4,0.09000015,1.2569854,1501.0,2323.0,0.2619397537231446,False,REGULAR,USD,put,2027-09-17,1.0027397260273974,754.0499877929688,7.390000000000001,0.0027063599458728,0.7095020338981679,0.2886352165563819,0.23971701986577543,1.2913794578328748,-7.150282980134225,-6.098620542167126,>7mo
SPY270917P00540000,2026-09-14 13:45:25+00:00,540.0,7.38,7.66,7.67,-0.13999987,-1.8617004,1.0,1127.0,0.2588422505187989,False,REGULAR,USD,put,2027-09-17,1.0027397260273974,754.0499877929688,7.665,0.0013046314416177,0.7161328940280574,0.2858236410153441,0.28728474523326053,1.4284123014305123,-7.3777152547667395,-6.236587698569488,>7mo
SPY270917P00545000,2026-09-16 14:01:13+00:00,545.0,7.55,7.94,7.96,-0.15999985,-2.0752249,250.0,353.0,0.2558362991333008,False,REGULAR,USD,put,2027-09-17,1.0027397260273974,754.0499877929688,7.95,0.0025157232704401,0.7227637541579467,0.2830288158725899,0.3427405424964265,1.5777245667549096,-7.607259457503574,-6.372275433245091,>7mo
SPY270917P00550000,2026-09-16 19:49:00+00:00,550.0,8.27,8.24,8.26,0.41000032,5.2162886,14.0,1153.0,0.2528456063842773,False,REGULAR,USD,put,2027-09-17,1.0027397260273974,754.0499877929688,8.25,0.0024242424242423,0.7293946142878361,0.2802926561116268,0.40710832207760017,1.7401871325249658,-7.8428916779224,-6.509812867475034,>7mo
SPY270917P00555000,2026-09-15 19:18:49+00:00,555.0,8.33,8.53,8.59,0.0,0.0,56.0,3517.0,0.2500075,False,REGULAR,USD,put,2027-09-17,1.0027397260273974,754.0499877929688,8.559999999999999,0.0070093457943925,0.7360254744177256,0.2775629718209173,0.48150058585541267,1.9167120822150991,-8.078499414144586,-6.6432879177849,>7mo
SPY270917P00560000,2026-09-14 13:38:26+00:00,560.0,8.82,8.86,8.91,0.0,0.0,3.0,415.0,0.2470015486145019,False,REGULAR,USD,put,2027-09-17,1.0027397260273974,754.0499877929688,8.885,0.0056274620146314,0.742656334547615,0.27487968853713224,0.5671203097362589,2.1082530020402146,-8.31787969026374,-6.776746997959785,>7mo
SPY270917P00565000,2026-09-16 19:34:54+00:00,565.0,9.39,9.19,9.25,0.5100002,5.7432456,2.0,441.0,0.2440718904113769,False,REGULAR,USD,put,2027-09-17,1.0027397260273974,754.0499877929688,9.22,0.0065075921908894,0.7492871946775044,0.2721941182610971,0.665262179776164,2.315805141341457,-8.554737820223837,-6.904194858658544,>7mo
SPY270917P00570000,2026-09-15 16:06:06+00:00,570.0,9.35,9.55,9.6,0.0,0.0,140.0,581.0,0.2411269735717773,False,REGULAR,USD,put,2027-09-17,1.0027397260273974,754.0499877929688,9.575,0.0052219321148823,0.7559180548073938,0.2695849534151216,0.7773131274906238,2.5404054260262683,-8.797686872509376,-7.034594573973731,>7mo
SPY270917P00575000,2026-09-16 19:24:30+00:00,575.0,10.35,9.91,9.97,0.62000084,6.372054,15.0,1086.0,0.2382278326416015,False,REGULAR,USD,put,2027-09-17,1.0027397260273974,754.0499877929688,9.94,0.0060362173038229,0.7625489149372833,0.2669636849344669,0.9047521176674387,2.7831323159640533,-9.03524788233256,-7.156867684035946,>7mo
SPY270917P00580000,2026-09-16 18:36:41+00:00,580.0,10.12,10.29,10.35,0.07999992,0.796812,1.0,1056.0,0.2353134330749511,False,REGULAR,USD,put,2027-09-17,1.0027397260273974,754.0499877929688,10.32,0.0058139534883721,0.7691797750671727,0.26436663213303535,1.0491491507167012,3.045105497711006,-9.270850849283299,-7.274894502288994,>7mo
SPY270917P00585000,2026-09-15 15:39:52+00:00,585.0,10.51,10.69,10.75,0.0,0.0,6.0,614.0,0.2324448094177246,False,REGULAR,USD,put,2027-09-17,1.0027397260273974,754.0499877929688,10.72,0.0055970149253731,0.7758106351970621,0.26182585980091194,1.2121634511934722,3.3274854045359916,-9.507836548806528,-7.392514595464009,>7mo
SPY270917P00590000,2026-09-16 19:25:03+00:00,590.0,11.56,11.11,11.17,0.64000034,5.860809,10.0,953.0,0.2296067030334472,False,REGULAR,USD,put,2027-09-17,1.0027397260273974,754.0499877929688,11.14,0.0053859964093357,0.7824414953269515,0.25933337141263135,1.3955408244307357,3.631472556325548,-9.744459175569265,-7.508527443674453,>7mo
SPY270917P00595000,2026-09-16 19:34:54+00:00,595.0,11.75,11.54,11.61,0.39999962,3.5242257,6.0,598.0,0.2268067432403564,False,REGULAR,USD,put,2027-09-17,1.0027397260273974,754.0499877929688,11.575,0.0060475161987041,0.789072355456841,0.25684657485933027,1.6011101740269496,3.9583067125446405,-9.97388982597305,-7.616693287455359,>7mo
SPY270917P00600000,2026-09-16 19:24:31+00:00,600.0,12.55,12.0,12.06,0.7399998,6.2658744,24.0,4435.0,0.2239610075378417,False,REGULAR,USD,put,2027-09-17,1.0027397260273974,754.0499877929688,12.03,0.0049875311720698,0.7957032155867303,0.25439568932310025,1.8307791840402423,4.309265831994367,-10.199220815959757,-7.720734168005633,>7mo
SPY270917P00605000,2026-09-16 19:34:54+00:00,605.0,12.68,12.47,12.53,0.5100002,4.1906347,10.0,748.0,0.2211305304718017,False,REGULAR,USD,put,2027-09-17,1.0027397260273974,754.0499877929688,12.5,0.0047999999999998,0.8023340757166197,0.25194097613019006,2.0865291809354574,4.685664833769465,-10.413470819064543,-7.814335166230535,>7mo
SPY270917P00610000,2026-09-16 19:34:54+00:00,610.0,13.2,12.96,13.03,0.52999973,4.1831074,31.0,611.0,0.2183763465881347,False,REGULAR,USD,put,2027-09-17,1.0027397260273974,754.0499877929688,12.995,0.0053866871873796,0.8089649358465092,0.24954371434948028,2.370409201405849,5.088854154609066,-10.62459079859415,-7.906145845390933,>7mo
SPY270917P00615000,2026-09-16 19:26:01+00:00,615.0,14.15,13.47,13.55,0.90999985,6.873111,1.0,714.0,0.2156145333862305,False,REGULAR,USD,put,2027-09-17,1.0027397260273974,754.0499877929688,13.510000000000002,0.005921539600296,0.8155957959763986,0.24716409206354617,2.684529302938209,5.520218098795226,-10.825470697061792,-7.9897819012047755,>7mo
SPY270917P00620000,2026-09-16 19:34:54+00:00,620.0,14.25,14.01,14.08,0.53999996,3.9387305,2.0,1188.0,0.2128069442749023,False,REGULAR,USD,put,2027-09-17,1.0027397260273974,754.0499877929688,14.045,0.0049839800640797,0.822226656106288,0.24479685424925762,3.031053164219884,5.981172977832671,-11.013946835780116,-8.06382702216733,>7mo
SPY270917P00625000,2026-09-16 14:34:09+00:00,625.0,13.98,14.57,14.64,-0.26000023,-1.8258443,2.0,950.0,0.210045131072998,False,REGULAR,USD,put,2027-09-17,1.0027397260273974,754.0499877929688,14.605,0.0047928791509757,0.8288575162361774,0.242466855517882,3.4121900320163405,6.473165038276761,-11.19280996798366,-8.13183496172324,>7mo
SPY270917P00630000,2026-09-15 15:39:34+00:00,630.0,14.89,15.15,15.23,0.0,0.0,2.0,555.0,0.2073138351440429,False,REGULAR,USD,put,2027-09-17,1.0027397260273974,754.0499877929688,15.19,0.0052666227781435,0.8354883763660669,0.24016716373715735,3.830186079816272,6.99766817721877,-11.359813920183727,-8.19233182278123,>7mo
SPY270917P00635000,2026-09-16 15:33:29+00:00,635.0,14.99,15.76,15.84,-0.47000027,-3.040105,15.0,256.0,0.2045749098968505,False,REGULAR,USD,put,2027-09-17,1.0027397260273974,754.0499877929688,15.8,0.0050632911392405,0.8421192364959563,0.23789132455235407,4.287315251213904,7.556181446063874,-11.512684748786096,-8.243818553936126,>7mo
SPY270917P00640000,2026-09-16 19:34:54+00:00,640.0,16.7,16.4,16.48,0.75000095,4.7022,16.0,277.0,0.2018512432861328,False,REGULAR,USD,put,2027-09-17,1.0027397260273974,754.0499877929688,16.439999999999998,0.0048661800486619,0.8487500966258457,0.23566080436020057,4.785869667552255,8.150226344411976,-11.654130332447743,-8.289773655588021,>7mo
SPY270917P00645000,2026-09-16 14:10:38+00:00,645.0,16.29,17.06,17.14,-0.37999916,-2.279539,6.0,402.0,0.1991046887207031,False,REGULAR,USD,put,2027-09-17,1.0027397260273974,754.0499877929688,17.1,0.0046783625730995,0.8553809567557351,0.23341432562137918,5.3281496847010175,8.781343907056453,-11.771850315298984,-8.318656092943549,>7mo
SPY270917P00650000,2026-09-16 19:44:33+00:00,650.0,18.09,17.75,17.84,0.69000053,3.9655204,554.0,1514.0,0.1964115393829345,False,REGULAR,USD,put,2027-09-17,1.0027397260273974,754.0499877929688,17.795,0.0050576004495644,0.8620118168856246,0.23122707490395245,5.916453687923521,9.451091588456165,-11.87854631207648,-8.343908411543836,>7mo
SPY270917P00655000,2026-09-15 19:36:19+00:00,655.0,18.04,18.47,18.56,0.0,0.0,26.0,290.0,0.1936726141357422,False,REGULAR,USD,put,2027-09-17,1.0027397260273974,754.0499877929688,18.515,0.0048609235754793,0.868642677015514,0.22903933514137556,6.553067716560989,10.161039950415557,-11.961932283439012,-8.353960049584444,>7mo
SPY270917P00660000,2026-09-16 18:57:01+00:00,660.0,19.23,19.23,19.31,0.55999947,2.9994614,2.0,5224.0,0.1909413182067871,False,REGULAR,USD,put,2027-09-17,1.0027397260273974,754.0499877929688,19.27,0.0041515308770108,0.8752735371454033,0.2268963487897281,7.240255011716457,10.912769160166363,-12.029744988283543,-8.357230839833637,>7mo
SPY270917P00665000,2026-09-16 19:19:23+00:00,665.0,20.84,20.01,20.1,1.1599998,5.894308,1.0,247.0,0.1882329102325439,False,REGULAR,USD,put,2027-09-17,1.0027397260273974,754.0499877929688,20.055,0.0044876589379207,0.8819043972752928,0.2247661025925731,7.980245580270889,11.707865307483644,-12.07475441972911,-8.347134692516356,>7mo
SPY270917P00670000,2026-09-16 19:19:39+00:00,670.0,21.68,20.82,20.92,1.4099998,6.956092,1.0,628.0,0.1855092436218261,False,REGULAR,USD,put,2027-09-17,1.0027397260273974,754.0499877929688,20.87,0.0047915668423575,0.8885352574051822,0.2226430672868811,8.775225867448455,12.547916550884565,-12.094774132551546,-8.322083449115436,>7mo
SPY270917P00675000,2026-09-16 19:19:17+00:00,675.0,22.54,21.69,21.77,1.3400002,6.320755,1.0,3426.0,0.1827626890563964,False,REGULAR,USD,put,2027-09-17,1.0027397260273974,754.0499877929688,21.73,0.0036815462494246,0.8951661175350717,0.2205915259556171,9.627328627820816,13.434509104335234,-12.102671372179184,-8.295490895664766,>7mo
SPY270917P00680000,2026-09-16 19:54:28+00:00,680.0,22.67,22.58,22.66,0.48999977,2.2091963,46.0,363.0,0.1800237638092041,False,REGULAR,USD,put,2027-09-17,1.0027397260273974,754.0499877929688,22.619999999999997,0.0035366931918656,0.901796977664961,0.21853400754211755,10.538623081183445,14.369223077230004,-12.081376918816552,-8.250776922769994,>7mo
SPY270917P00685000,2026-09-16 15:58:38+00:00,685.0,22.25,23.49,23.6,-0.72999954,-3.1766734,12.0,1808.0,0.1773229851531982,False,REGULAR,USD,put,2027-09-17,1.0027397260273974,754.0499877929688,23.545,0.0046719048630283,0.9084278377948504,0.21648823647209814,11.511105435246165,15.353628181734052,-12.033894564753837,-8.19137181826595,>7mo
SPY270917P00690000,2026-09-16 18:36:57+00:00,690.0,23.33,24.45,24.55,-0.6700001,-2.791667,9.0,1574.0,0.1745001374053955,False,REGULAR,USD,put,2027-09-17,1.0027397260273974,754.0499877929688,24.5,0.0040816326530612,0.91505869792474,0.2144269120073143,12.546689851656481,16.38927932290619,-11.953310148343519,-8.11072067709381,>7mo
SPY270917P00695000,2026-09-16 19:06:59+00:00,695.0,25.45,25.48,25.57,0.44000053,1.7592984,4.0,668.0,0.1717764707946777,False,REGULAR,USD,put,2027-09-17,1.0027397260273974,754.0499877929688,25.525,0.0035259549461312,0.9216895580546292,0.21251594133442875,13.647199925645964,17.477712088313638,-11.877800074354035,-8.047287911686361,>7mo
SPY270917P00700000,2026-09-16 19:34:34+00:00,700.0,27.07,26.5,26.66,1.039999,3.9953861,11.0,3447.0,0.1691443560028076,False,REGULAR,USD,put,2027-09-17,1.0027397260273974,754.0499877929688,26.58,0.0060195635816403,0.9283204181845188,0.21057484228452703,14.81436074267387,18.620438155118677,-11.765639257326129,-7.959561844881321,>7mo
SPY270917P00705000,2026-09-15 15:29:32+00:00,705.0,27.12,27.5,27.76,0.0,0.0,1.0,653.0,0.1663596548461914,False,REGULAR,USD,put,2027-09-17,1.0027397260273974,754.0499877929688,27.630000000000003,0.0094100615273254,0.9349512783144082,0.208457601608718,16.049791567978588,19.818940633804345,-11.580208432021415,-7.811059366195657,>7mo
SPY270917P00710000,2026-09-16 19:14:45+00:00,710.0,29.6,28.71,28.9,1.5400009,5.4882426,2.0,1505.0,0.1635368070983887,False,REGULAR,USD,put,2027-09-17,1.0027397260273974,754.0499877929688,28.805,0.006596077069953,0.9415821384442976,0.2066897009236476,17.354999217062357,21.074669368790865,-11.450000782937643,-7.730330631209135,>7mo
SPY270917P00715000,2026-09-16 19:34:54+00:00,715.0,30.59,29.85,30.09,1.2399998,4.224871,22.0,1385.0,0.160691071395874,False,REGULAR,USD,put,2027-09-17,1.0027397260273974,754.0499877929688,29.97,0.0080080080080079,0.948212998574187,0.20471615824991665,18.731372146966095,22.389036217171792,-11.238627853033904,-7.580963782828206,>7mo
SPY270917P00720000,2026-09-16 19:25:30+00:00,720.0,31.66,31.16,31.34,1.4200001,4.6957674,34.0,2765.0,0.1578567796707153,False,REGULAR,USD,put,2027-09-17,1.0027397260273974,754.0499877929688,31.25,0.0057599999999999,0.9548438587040764,0.20302579192458567,20.180175299862498,23.763410327633437,-11.069824700137502,-7.486589672366563,>7mo
SPY270917P00725000,2026-09-16 18:07:18+00:00,725.0,30.7,32.46,32.63,-1.1700001,-3.6711643,4.0,6022.0,0.1549500094223022,False,REGULAR,USD,put,2027-09-17,1.0027397260273974,754.0499877929688,32.545,0.0052235366415732,0.9614747188339658,0.20121937236733276,21.70254572214168,25.19911344236516,-10.842454277858323,-7.3458865576348416,>7mo
SPY270917P00730000,2026-09-16 19:34:54+00:00,730.0,34.46,33.73,33.99,1.5900002,4.8372383,6.0,1236.0,0.1520623124694824,False,REGULAR,USD,put,2027-09-17,1.0027397260273974,754.0499877929688,33.86,0.0076786769049026,0.9681055789638552,0.19931633503435642,23.299488973887208,26.697415245368575,-10.560511026112792,-7.162584754631425,>7mo
SPY270917P00735000,2026-09-16 20:10:04+00:00,735.0,35.33,35.13,35.41,0.77000046,2.2280104,48.0,1536.0,0.1491555422210693,False,REGULAR,USD,put,2027-09-17,1.0027397260273974,754.0499877929688,35.269999999999996,0.0079387581514032,0.9747364390937446,0.1975923583117151,24.97187633556439,28.259528781081144,-10.298123664435607,-7.010471218918852,>7mo
SPY270917P00740000,2026-09-16 19:34:34+00:00,740.0,37.52,36.6,36.89,1.8300018,5.127492,20.0,639.0,0.1462029960632324,False,REGULAR,USD,put,2027-09-17,1.0027397260273974,754.0499877929688,36.745000000000005,0.0078922302354061,0.981367299223634,0.1959257635228161,26.720442810954438,29.886605967594846,-10.024557189045566,-6.858394032405158,>7mo
SPY270917P00745000,2026-09-16 18:31:06+00:00,745.0,36.63,38.15,38.45,-0.73999786,-1.9801923,13.0,269.0,0.1432657085418701,False,REGULAR,USD,put,2027-09-17,1.0027397260273974,754.0499877929688,38.3,0.0078328981723238,0.9879981593535236,0.1943632349786553,28.545785917964594,31.579733228978284,-9.754214082035404,-6.720266771021713,>7mo
SPY270917P00750000,2026-09-16 20:00:30+00:00,750.0,40.0,39.76,40.08,1.2299995,3.172555,525.0,667.0,0.1402902744293212,False,REGULAR,USD,put,2027-09-17,1.0027397260273974,754.0499877929688,39.92,0.0080160320641282,0.994629019483413,0.19284319125660065,30.44836525198997,33.33992727127293,-9.471634748010032,-6.580072728727075,>7mo
