contractSymbol,lastTradeDate,strike,lastPrice,bid,ask,change,percentChange,volume,openInterest,impliedVolatility,inTheMoney,contractSize,currency,option_type,expiration,T,S0,mid_price,spread_pct,moneyness
SPY260923C00705000,2026-09-14 14:59:23+00:00,705.0,53.91,47.08,51.26,0.0,0.0,2.0,1.0,0.4004576556396484,True,REGULAR,USD,call,2026-09-23,0.019178082191780823,754.0499877929688,49.17,0.08501118568232661,0.9349512783144082
SPY260923C00730000,2026-09-16 20:03:42+00:00,730.0,24.75,23.09,24.93,-2.2000008,-8.163268,122.0,51.0,0.1821370849609375,True,REGULAR,USD,call,2026-09-23,0.019178082191780823,754.0499877929688,24.009999999999998,0.07663473552686381,0.9681055789638553
SPY260923C00742000,2026-09-16 19:07:15+00:00,742.0,13.64,13.4,14.16,-5.909999,-30.230173,228.0,1.0,0.15515981567382814,True,REGULAR,USD,call,2026-09-23,0.019178082191780823,754.0499877929688,13.780000000000001,0.055152394775036265,0.9840196432755899
SPY260923C00743000,2026-09-16 18:55:57+00:00,743.0,14.06,12.62,13.33,-3.87,-21.583937,8.0,4.0,0.15302360656738284,True,REGULAR,USD,call,2026-09-23,0.019178082191780823,754.0499877929688,12.975,0.05472061657032762,0.9853458153015677
SPY260923C00744000,2026-09-16 20:06:37+00:00,744.0,12.16,11.84,12.52,-5.1000004,-29.54809,30.0,2.0,0.15107050109863285,True,REGULAR,USD,call,2026-09-23,0.019178082191780823,754.0499877929688,12.18,0.05582922824302133,0.9866719873275457
SPY260923C00745000,2026-09-16 19:51:19+00:00,745.0,11.18,11.1,11.72,-3.0999994,-21.70868,236.0,2.0,0.1489342919921875,True,REGULAR,USD,call,2026-09-23,0.019178082191780823,754.0499877929688,11.41,0.05433829973707283,0.9879981593535235
SPY260923C00746000,2026-09-16 20:08:52+00:00,746.0,10.67,10.34,10.94,-5.4400005,-33.76785,49.0,,0.14685911743164062,True,REGULAR,USD,call,2026-09-23,0.019178082191780823,754.0499877929688,10.64,0.056390977443608985,0.9893243313795014
SPY260923C00747000,2026-09-16 20:08:52+00:00,747.0,9.94,9.64,10.19,-2.7800007,-21.85535,89.0,29.0,0.14515015014648439,True,REGULAR,USD,call,2026-09-23,0.019178082191780823,754.0499877929688,9.915,0.055471507816439634,0.9906505034054793
SPY260923C00749000,2026-09-16 19:59:24+00:00,749.0,8.47,8.29,8.73,-3.21,-27.482876,92.0,25.0,0.14118290466308597,True,REGULAR,USD,call,2026-09-23,0.019178082191780823,754.0499877929688,8.51,0.05170387779083446,0.993302847457435
SPY260923C00750000,2026-09-16 20:10:12+00:00,750.0,7.8,7.7,8.04,-2.6599998,-25.43021,239.0,42.0,0.13935186828613283,True,REGULAR,USD,call,2026-09-23,0.019178082191780823,754.0499877929688,7.869999999999999,0.043202033036848664,0.994629019483413
SPY260923C00753000,2026-09-16 20:14:37+00:00,753.0,5.88,5.87,5.94,-2.4499998,-29.411762,736.0,25.0,0.12964737548828126,True,REGULAR,USD,call,2026-09-23,0.019178082191780823,754.0499877929688,5.905,0.01185436071126169,0.9986075355613466
SPY260923C00754000,2026-09-16 20:11:32+00:00,754.0,5.26,5.31,5.35,-2.4299998,-31.599478,791.0,7.0,0.12781633911132811,True,REGULAR,USD,call,2026-09-23,0.019178082191780823,754.0499877929688,5.33,0.007504690431519707,0.9999337075873245
SPY260923C00755000,2026-09-16 20:13:02+00:00,755.0,4.8,4.78,4.81,-2.4199996,-33.518,758.0,97.0,0.12644306182861326,False,REGULAR,USD,call,2026-09-23,0.019178082191780823,754.0499877929688,4.795,0.0062565172054221815,1.0012598796133023
SPY260923C00756000,2026-09-16 20:08:27+00:00,756.0,4.29,4.28,4.31,-2.63,-38.00578,600.0,48.0,0.1253139227294922,False,REGULAR,USD,call,2026-09-23,0.019178082191780823,754.0499877929688,4.295,0.006984866123399153,1.0025860516392802
SPY260923C00757000,2026-09-16 20:14:33+00:00,757.0,3.85,3.8,3.84,-2.3400002,-37.80291,1261.0,127.0,0.12415426635742188,False,REGULAR,USD,call,2026-09-23,0.019178082191780823,754.0499877929688,3.82,0.010471204188481685,1.0039122236652582
SPY260923C00758000,2026-09-16 20:14:42+00:00,758.0,3.41,3.37,3.39,-2.3700001,-41.00346,1645.0,524.0,0.12268943725585937,False,REGULAR,USD,call,2026-09-23,0.019178082191780823,754.0499877929688,3.38,0.0059171597633136145,1.005238395691236
SPY260923C00759000,2026-09-16 20:14:04+00:00,759.0,2.95,2.96,2.98,-2.24,-43.159924,1693.0,695.0,0.12140771179199218,False,REGULAR,USD,call,2026-09-23,0.019178082191780823,754.0499877929688,2.9699999999999998,0.006734006734006741,1.006564567717214
SPY260923C00760000,2026-09-16 20:14:59+00:00,760.0,2.61,2.58,2.61,-1.9100001,-42.25664,4361.0,1878.0,0.12037012451171875,False,REGULAR,USD,call,2026-09-23,0.019178082191780823,754.0499877929688,2.5949999999999998,0.011560693641618424,1.0078907397431918
SPY260923C00761000,2026-09-16 20:13:06+00:00,761.0,2.26,2.24,2.26,-1.7900002,-44.197533,1315.0,209.0,0.11902736450195311,False,REGULAR,USD,call,2026-09-23,0.019178082191780823,754.0499877929688,2.25,0.0088888888888887,1.0092169117691696
SPY260923C00762000,2026-09-16 20:14:42+00:00,762.0,1.94,1.93,1.94,-1.6099999,-45.352108,957.0,169.0,0.1176846044921875,False,REGULAR,USD,call,2026-09-23,0.019178082191780823,754.0499877929688,1.935,0.005167958656330754,1.0105430837951475
SPY260923C00763000,2026-09-16 20:14:22+00:00,763.0,1.65,1.65,1.66,-1.59,-49.074074,404.0,205.0,0.11658598266601564,False,REGULAR,USD,call,2026-09-23,0.019178082191780823,754.0499877929688,1.6549999999999998,0.006042296072507559,1.0118692558211255
SPY260923C00764000,2026-09-16 20:11:40+00:00,764.0,1.4,1.4,1.43,-1.42,-50.35461,411.0,362.0,0.11615874084472656,False,REGULAR,USD,call,2026-09-23,0.019178082191780823,754.0499877929688,1.415,0.021201413427561856,1.0131954278471034
SPY260923C00765000,2026-09-16 20:12:10+00:00,765.0,1.17,1.18,1.21,-1.1999999,-50.63291,1491.0,665.0,0.11524322265625,False,REGULAR,USD,call,2026-09-23,0.019178082191780823,754.0499877929688,1.1949999999999998,0.02510460251046028,1.0145215998730812
SPY260923C00766000,2026-09-16 20:13:02+00:00,766.0,0.98,0.99,1.0,-1.05,-51.724136,943.0,231.0,0.11371735900878906,False,REGULAR,USD,call,2026-09-23,0.019178082191780823,754.0499877929688,0.995,0.010050251256281416,1.015847771899059
SPY260923C00767000,2026-09-16 20:11:55+00:00,767.0,0.81,0.82,0.84,-0.94,-53.714287,762.0,242.0,0.11316804809570313,False,REGULAR,USD,call,2026-09-23,0.019178082191780823,754.0499877929688,0.83,0.024096385542168697,1.017173943925037
SPY260923C00768000,2026-09-16 20:01:38+00:00,768.0,0.67,0.67,0.7,-0.59999996,-47.24409,492.0,92.0,0.11255770263671874,False,REGULAR,USD,call,2026-09-23,0.019178082191780823,754.0499877929688,0.685,0.043795620437956075,1.0185001159510148
SPY260923C00769000,2026-09-16 20:02:38+00:00,769.0,0.56,0.55,0.57,-0.7,-55.555557,848.0,193.0,0.11158114990234375,False,REGULAR,USD,call,2026-09-23,0.019178082191780823,754.0499877929688,0.56,0.035714285714285546,1.0198262879769928
SPY260923C00770000,2026-09-16 20:13:15+00:00,770.0,0.44,0.45,0.46,-0.60999995,-58.095238,2164.0,772.0,0.11060459716796875,False,REGULAR,USD,call,2026-09-23,0.019178082191780823,754.0499877929688,0.455,0.021978021978021997,1.0211524600029707
SPY260923C00771000,2026-09-16 20:09:21+00:00,771.0,0.36,0.37,0.38,-0.40999997,-53.24675,311.0,45.0,0.11048252807617187,False,REGULAR,USD,call,2026-09-23,0.019178082191780823,754.0499877929688,0.375,0.02666666666666669,1.0224786320289485
SPY260923C00772000,2026-09-16 20:14:50+00:00,772.0,0.3,0.3,0.31,-0.37,-55.22388,1440.0,105.0,0.11011632080078124,False,REGULAR,USD,call,2026-09-23,0.019178082191780823,754.0499877929688,0.305,0.03278688524590167,1.0238048040549264
SPY260923C00773000,2026-09-16 20:00:49+00:00,773.0,0.24,0.24,0.25,-0.33999997,-58.620686,841.0,531.0,0.1098721826171875,False,REGULAR,USD,call,2026-09-23,0.019178082191780823,754.0499877929688,0.245,0.04081632653061228,1.0251309760809042
SPY260923C00774000,2026-09-16 20:13:20+00:00,774.0,0.19,0.19,0.2,-0.19,-50.0,779.0,341.0,0.10938390625,False,REGULAR,USD,call,2026-09-23,0.019178082191780823,754.0499877929688,0.195,0.05128205128205133,1.026457148106882
SPY260923C00775000,2026-09-16 20:13:20+00:00,775.0,0.16,0.16,0.17,-0.20000002,-55.555557,2640.0,731.0,0.11036045898437499,False,REGULAR,USD,call,2026-09-23,0.019178082191780823,754.0499877929688,0.165,0.060606060606060656,1.0277833201328601
SPY260923C00776000,2026-09-16 20:07:16+00:00,776.0,0.12,0.13,0.14,-0.13,-52.0,1301.0,285.0,0.11084873535156249,False,REGULAR,USD,call,2026-09-23,0.019178082191780823,754.0499877929688,0.135,0.07407407407407414,1.029109492158838
SPY260923C00777000,2026-09-16 20:14:50+00:00,777.0,0.12,0.1,0.11,-0.1,-45.454544,1594.0,459.0,0.11036045898437499,False,REGULAR,USD,call,2026-09-23,0.019178082191780823,754.0499877929688,0.10500000000000001,0.09523809523809518,1.0304356641848158
SPY260923C00778000,2026-09-16 19:56:07+00:00,778.0,0.1,0.08,0.09,-0.050000004,-33.333336,490.0,459.0,0.11084873535156249,False,REGULAR,USD,call,2026-09-23,0.019178082191780823,754.0499877929688,0.08499999999999999,0.11764705882352937,1.0317618362107936
SPY260923C00779000,2026-09-16 20:04:59+00:00,779.0,0.08,0.07,0.08,-0.060000002,-42.857143,1136.0,462.0,0.1128018408203125,False,REGULAR,USD,call,2026-09-23,0.019178082191780823,754.0499877929688,0.07500000000000001,0.13333333333333325,1.0330880082367715
SPY260923C00780000,2026-09-16 20:14:10+00:00,780.0,0.07,0.06,0.07,-0.04,-36.363636,1559.0,550.0,0.11426666992187501,False,REGULAR,USD,call,2026-09-23,0.019178082191780823,754.0499877929688,0.065,0.15384615384615397,1.0344141802627496
SPY260923C00781000,2026-09-16 18:27:15+00:00,781.0,0.11,0.05,0.06,-0.009999998,-8.333331,204.0,191.0,0.11524322265625,False,REGULAR,USD,call,2026-09-23,0.019178082191780823,754.0499877929688,0.055,0.18181818181818174,1.0357403522887274
SPY260923P00625000,2026-09-16 13:36:12+00:00,625.0,0.06,0.05,0.06,-0.040000003,-40.000004,15.0,53.0,0.50586431640625,False,REGULAR,USD,put,2026-09-23,0.019178082191780823,754.0499877929688,0.055,0.18181818181818174,0.8288575162361774
SPY260923P00630000,2026-09-16 17:47:16+00:00,630.0,0.05,0.06,0.07,-0.05,-50.0,3.0,131.0,0.500005,False,REGULAR,USD,put,2026-09-23,0.019178082191780823,754.0499877929688,0.065,0.15384615384615397,0.8354883763660669
SPY260923P00640000,2026-09-16 13:34:14+00:00,640.0,0.07,0.07,0.08,-0.12,-63.157894,25.0,10.0,0.46680220703125,False,REGULAR,USD,put,2026-09-23,0.019178082191780823,754.0499877929688,0.07500000000000001,0.13333333333333325,0.8487500966258457
SPY260923P00650000,2026-09-16 19:58:43+00:00,650.0,0.1,0.09,0.1,-0.04,-28.571428,5.0,508.0,0.43848217773437503,False,REGULAR,USD,put,2026-09-23,0.019178082191780823,754.0499877929688,0.095,0.10526315789473693,0.8620118168856246
SPY260923P00660000,2026-09-16 20:14:43+00:00,660.0,0.12,0.11,0.12,-0.050000004,-29.411768,21.0,33.0,0.4067442138671875,False,REGULAR,USD,put,2026-09-23,0.019178082191780823,754.0499877929688,0.11499999999999999,0.0869565217391304,0.8752735371454033
SPY260923P00665000,2026-09-16 20:14:43+00:00,665.0,0.13,0.12,0.13,-0.040000007,-23.529415,16.0,668.0,0.39014281738281253,False,REGULAR,USD,put,2026-09-23,0.019178082191780823,754.0499877929688,0.125,0.08000000000000007,0.8819043972752928
SPY260923P00670000,2026-09-16 19:26:24+00:00,670.0,0.21,0.13,0.14,0.03999999,23.529406,109.0,39.0,0.37305314453125,False,REGULAR,USD,put,2026-09-23,0.019178082191780823,754.0499877929688,0.135,0.07407407407407414,0.8885352574051822
SPY260923P00675000,2026-09-16 20:11:48+00:00,675.0,0.15,0.14,0.15,-0.059999987,-28.571423,355.0,267.0,0.35596347167968745,False,REGULAR,USD,put,2026-09-23,0.019178082191780823,754.0499877929688,0.14500000000000002,0.06896551724137917,0.8951661175350717
SPY260923P00680000,2026-09-16 20:13:59+00:00,680.0,0.17,0.16,0.17,-0.030000001,-15.0,17.0,14.0,0.340826904296875,False,REGULAR,USD,put,2026-09-23,0.019178082191780823,754.0499877929688,0.165,0.060606060606060656,0.901796977664961
SPY260923P00690000,2026-09-16 19:52:07+00:00,690.0,0.21,0.2,0.21,-0.07000001,-25.000004,1267.0,509.0,0.30811238769531246,False,REGULAR,USD,put,2026-09-23,0.019178082191780823,754.0499877929688,0.20500000000000002,0.04878048780487795,0.9150586979247399
SPY260923P00695000,2026-09-16 19:56:35+00:00,695.0,0.24,0.23,0.24,-0.040000007,-14.285716,40.0,39.0,0.2924875439453124,False,REGULAR,USD,put,2026-09-23,0.019178082191780823,754.0499877929688,0.235,0.042553191489361625,0.9216895580546293
SPY260923P00700000,2026-09-16 20:08:14+00:00,700.0,0.27,0.27,0.28,-0.09,-24.999998,230.0,52.0,0.27735097656249996,False,REGULAR,USD,put,2026-09-23,0.019178082191780823,754.0499877929688,0.275,0.03636363636363639,0.9283204181845187
SPY260923P00705000,2026-09-16 19:32:13+00:00,705.0,0.42,0.33,0.34,-0.02000001,-4.545457,56.0,33.0,0.26343510009765625,False,REGULAR,USD,put,2026-09-23,0.019178082191780823,754.0499877929688,0.335,0.02985074626865674,0.9349512783144082
SPY260923P00710000,2026-09-16 20:04:41+00:00,710.0,0.41,0.4,0.41,-0.08000001,-16.326532,499.0,1110.0,0.24878680908203127,False,REGULAR,USD,put,2026-09-23,0.019178082191780823,754.0499877929688,0.405,0.024691358024691242,0.9415821384442976
SPY260923P00715000,2026-09-16 20:02:07+00:00,715.0,0.52,0.51,0.52,-0.13,-20.0,611.0,617.0,0.2357254162597656,False,REGULAR,USD,put,2026-09-23,0.019178082191780823,754.0499877929688,0.515,0.019417475728155355,0.948212998574187
SPY260923P00718000,2026-09-16 19:49:24+00:00,718.0,0.63,0.6,0.61,-0.110000014,-14.864867,218.0,125.0,0.22840127075195313,False,REGULAR,USD,put,2026-09-23,0.019178082191780823,754.0499877929688,0.605,0.016528925619834725,0.9521915146521206
SPY260923P00719000,2026-09-16 19:45:41+00:00,719.0,0.74,0.63,0.64,-0.00999999,-1.3333321,279.0,314.0,0.22571575073242187,False,REGULAR,USD,put,2026-09-23,0.019178082191780823,754.0499877929688,0.635,0.015748031496063006,0.9535176866780986
SPY260923P00720000,2026-09-16 20:00:59+00:00,720.0,0.67,0.67,0.68,-0.13999999,-17.283949,1011.0,377.0,0.22364057617187497,False,REGULAR,USD,put,2026-09-23,0.019178082191780823,754.0499877929688,0.675,0.014814814814814828,0.9548438587040764
SPY260923P00721000,2026-09-16 20:08:09+00:00,721.0,0.71,0.71,0.72,-0.14000005,-16.470592,162.0,573.0,0.2211991943359375,False,REGULAR,USD,put,2026-09-23,0.019178082191780823,754.0499877929688,0.715,0.013986013986014,0.9561700307300544
SPY260923P00722000,2026-09-16 19:59:17+00:00,722.0,0.73,0.75,0.76,-0.15999997,-17.977524,193.0,648.0,0.21875781249999998,False,REGULAR,USD,put,2026-09-23,0.019178082191780823,754.0499877929688,0.755,0.013245033112582794,0.9574962027560322
SPY260923P00723000,2026-09-16 19:55:02+00:00,723.0,0.82,0.8,0.81,-0.110000014,-11.827959,136.0,50.0,0.2166826379394531,False,REGULAR,USD,put,2026-09-23,0.019178082191780823,754.0499877929688,0.805,0.012422360248447215,0.95882237478201
SPY260923P00724000,2026-09-16 19:42:30+00:00,724.0,0.87,0.85,0.86,-0.100000024,-10.30928,250.0,308.0,0.21448539428710936,False,REGULAR,USD,put,2026-09-23,0.019178082191780823,754.0499877929688,0.855,0.01169590643274855,0.960148546807988
SPY260923P00725000,2026-09-16 20:14:32+00:00,725.0,0.89,0.9,0.92,-0.13,-12.745098,1628.0,1605.0,0.21253228881835937,False,REGULAR,USD,put,2026-09-23,0.019178082191780823,754.0499877929688,0.91,0.021978021978021997,0.9614747188339658
SPY260923P00726000,2026-09-16 19:37:13+00:00,726.0,1.25,0.96,0.98,0.31,32.97872,185.0,66.0,0.2104571142578125,False,REGULAR,USD,put,2026-09-23,0.019178082191780823,754.0499877929688,0.97,0.020618556701030948,0.9628008908599437
SPY260923P00727000,2026-09-16 20:03:47+00:00,727.0,0.97,1.02,1.04,-0.17999995,-15.652169,310.0,89.0,0.20813780151367184,False,REGULAR,USD,put,2026-09-23,0.019178082191780823,754.0499877929688,1.03,0.019417475728155355,0.9641270628859216
SPY260923P00728000,2026-09-16 20:00:10+00:00,728.0,1.11,1.09,1.11,-0.100000024,-8.264464,577.0,134.0,0.20606262695312497,False,REGULAR,USD,put,2026-09-23,0.019178082191780823,754.0499877929688,1.1,0.018181818181818195,0.9654532349118995
SPY260923P00729000,2026-09-16 19:41:49+00:00,729.0,1.43,1.16,1.18,0.15999997,12.598422,651.0,69.0,0.20374331420898437,False,REGULAR,USD,put,2026-09-23,0.019178082191780823,754.0499877929688,1.17,0.01709401709401711,0.9667794069378773
SPY260923P00730000,2026-09-16 20:14:52+00:00,730.0,1.25,1.24,1.26,0.03999996,3.3057818,798.0,933.0,0.2016681396484375,False,REGULAR,USD,put,2026-09-23,0.019178082191780823,754.0499877929688,1.25,0.016000000000000014,0.9681055789638553
SPY260923P00731000,2026-09-16 20:13:20+00:00,731.0,1.33,1.32,1.34,-0.07999992,-5.6737537,145.0,214.0,0.19934882690429687,False,REGULAR,USD,put,2026-09-23,0.019178082191780823,754.0499877929688,1.33,0.015037593984962419,0.9694317509898331
SPY260923P00732000,2026-09-16 20:08:39+00:00,732.0,1.44,1.42,1.43,-0.029999971,-2.0408144,238.0,498.0,0.19727365234375,False,REGULAR,USD,put,2026-09-23,0.019178082191780823,754.0499877929688,1.4249999999999998,0.00701754385964913,0.970757923015811
SPY260923P00733000,2026-09-16 20:08:41+00:00,733.0,1.54,1.52,1.53,0.099999905,6.9444375,682.0,133.0,0.19525951232910155,False,REGULAR,USD,put,2026-09-23,0.019178082191780823,754.0499877929688,1.525,0.006557377049180334,0.9720840950417889
SPY260923P00734000,2026-09-16 20:03:48+00:00,734.0,1.53,1.63,1.64,-0.110000014,-6.7073183,197.0,187.0,0.19336744140625,False,REGULAR,USD,put,2026-09-23,0.019178082191780823,754.0499877929688,1.6349999999999998,0.0061162079510703425,0.9734102670677668
SPY260923P00735000,2026-09-16 20:09:45+00:00,735.0,1.7,1.74,1.75,0.09000003,5.5900645,439.0,211.0,0.19117019775390626,False,REGULAR,USD,put,2026-09-23,0.019178082191780823,754.0499877929688,1.745,0.005730659025787971,0.9747364390937446
SPY260923P00736000,2026-09-16 20:14:42+00:00,736.0,1.83,1.87,1.88,0.0200001,1.104978,248.0,185.0,0.18946123046875002,False,REGULAR,USD,put,2026-09-23,0.019178082191780823,754.0499877929688,1.875,0.0053333333333332195,0.9760626111197226
SPY260923P00737000,2026-09-16 20:12:12+00:00,737.0,1.98,2.0,2.01,-0.059999943,-2.9411738,258.0,204.0,0.18738605590820312,False,REGULAR,USD,put,2026-09-23,0.019178082191780823,754.0499877929688,2.005,0.0049875311720697195,0.9773887831457004
SPY260923P00738000,2026-09-16 20:13:56+00:00,738.0,2.14,2.14,2.16,0.11000013,5.418726,193.0,80.0,0.18567708862304685,False,REGULAR,USD,put,2026-09-23,0.019178082191780823,754.0499877929688,2.1500000000000004,0.009302325581395356,0.9787149551716783
SPY260923P00739000,2026-09-16 20:14:30+00:00,739.0,2.28,2.3,2.31,0.089999914,4.109585,315.0,106.0,0.18360191406249998,False,REGULAR,USD,put,2026-09-23,0.019178082191780823,754.0499877929688,2.3049999999999997,0.004338394793926348,0.9800411271976562
SPY260923P00740000,2026-09-16 20:14:30+00:00,740.0,2.46,2.47,2.48,0.36000013,17.142866,1077.0,197.0,0.1818319122314453,False,REGULAR,USD,put,2026-09-23,0.019178082191780823,754.0499877929688,2.475,0.0040404040404039545,0.9813672992236341
SPY260923P00741000,2026-09-16 20:04:37+00:00,741.0,2.56,2.65,2.66,0.31999993,14.285711,324.0,216.0,0.1800008758544922,False,REGULAR,USD,put,2026-09-23,0.019178082191780823,754.0499877929688,2.6550000000000002,0.0037664783427496158,0.9826934712496119
SPY260923P00742000,2026-09-16 20:08:52+00:00,742.0,2.81,2.83,2.86,0.31999993,12.851402,147.0,180.0,0.1783529431152344,False,REGULAR,USD,put,2026-09-23,0.019178082191780823,754.0499877929688,2.8449999999999998,0.010544815465729282,0.9840196432755899
SPY260923P00743000,2026-09-16 20:04:50+00:00,743.0,3.01,3.04,3.06,0.18000007,6.360427,359.0,84.0,0.17633880310058597,False,REGULAR,USD,put,2026-09-23,0.019178082191780823,754.0499877929688,3.05,0.006557377049180334,0.9853458153015677
SPY260923P00744000,2026-09-16 20:07:55+00:00,744.0,3.26,3.26,3.29,0.26999998,9.0301,293.0,100.0,0.17475190490722659,False,REGULAR,USD,put,2026-09-23,0.019178082191780823,754.0499877929688,3.275,0.009160305343511527,0.9866719873275457
SPY260923P00745000,2026-09-16 20:14:32+00:00,745.0,3.41,3.49,3.53,0.42000008,14.046825,589.0,406.0,0.17304293762207032,False,REGULAR,USD,put,2026-09-23,0.019178082191780823,754.0499877929688,3.51,0.01139601139601128,0.9879981593535235
SPY260923P00746000,2026-09-16 20:08:52+00:00,746.0,3.72,3.75,3.78,0.6400001,20.779224,335.0,97.0,0.17112034942626952,False,REGULAR,USD,put,2026-09-23,0.019178082191780823,754.0499877929688,3.7649999999999997,0.00796812749003979,0.9893243313795014
SPY260923P00747000,2026-09-16 20:04:43+00:00,747.0,3.93,4.02,4.06,0.52,15.249267,157.0,48.0,0.1695639685058594,False,REGULAR,USD,put,2026-09-23,0.019178082191780823,754.0499877929688,4.039999999999999,0.009900990099009912,0.9906505034054793
SPY260923P00748000,2026-09-16 20:03:21+00:00,748.0,4.18,4.32,4.35,0.52999973,14.52054,309.0,98.0,0.16779396667480473,False,REGULAR,USD,put,2026-09-23,0.019178082191780823,754.0499877929688,4.335,0.006920415224913348,0.9919766754314572
SPY260923P00749000,2026-09-16 20:08:57+00:00,749.0,4.62,4.63,4.67,0.4000001,9.478675,260.0,154.0,0.1662681030273438,False,REGULAR,USD,put,2026-09-23,0.019178082191780823,754.0499877929688,4.65,0.008602150537634416,0.993302847457435
SPY260923P00750000,2026-09-16 20:14:38+00:00,750.0,4.9,4.97,5.01,0.8000002,19.5122,1603.0,1968.0,0.16477275665283203,False,REGULAR,USD,put,2026-09-23,0.019178082191780823,754.0499877929688,4.99,0.008016032064128263,0.994629019483413
SPY260923P00751000,2026-09-16 20:07:06+00:00,751.0,5.29,5.33,5.37,0.5500002,11.60338,268.0,224.0,0.1632468930053711,False,REGULAR,USD,put,2026-09-23,0.019178082191780823,754.0499877929688,5.35,0.007476635514018699,0.9959551915093908
SPY260923P00752000,2026-09-16 20:14:30+00:00,752.0,5.69,5.72,5.76,0.77,15.650406,313.0,63.0,0.1619346502685547,False,REGULAR,USD,put,2026-09-23,0.019178082191780823,754.0499877929688,5.74,0.0069686411149825845,0.9972813635353687
SPY260923P00753000,2026-09-16 20:08:12+00:00,753.0,6.1,6.13,6.18,0.5799999,10.507245,429.0,92.0,0.1607749938964844,False,REGULAR,USD,put,2026-09-23,0.019178082191780823,754.0499877929688,6.154999999999999,0.008123476848090954,0.9986075355613466
SPY260923P00754000,2026-09-16 20:06:43+00:00,754.0,6.53,6.56,6.62,1.2800002,24.380955,724.0,321.0,0.1595543029785156,False,REGULAR,USD,put,2026-09-23,0.019178082191780823,754.0499877929688,6.59,0.009104704097116919,0.9999337075873245
SPY260923P00755000,2026-09-16 20:04:36+00:00,755.0,6.9,6.96,7.11,1.2000003,21.052637,912.0,1053.0,0.15894395751953128,True,REGULAR,USD,put,2026-09-23,0.019178082191780823,754.0499877929688,7.035,0.021321961620469135,1.0012598796133023
SPY260923P00756000,2026-09-16 19:54:40+00:00,756.0,7.5,7.44,7.6,1.02,15.740741,877.0,174.0,0.1577232666015625,True,REGULAR,USD,put,2026-09-23,0.019178082191780823,754.0499877929688,7.52,0.021276595744680753,1.0025860516392802
SPY260923P00757000,2026-09-16 20:14:20+00:00,757.0,8.1,7.95,8.16,1.7600002,27.760256,684.0,463.0,0.15766223205566404,True,REGULAR,USD,put,2026-09-23,0.019178082191780823,754.0499877929688,8.055,0.026070763500931095,1.0039122236652582
SPY260923P00758000,2026-09-16 20:08:21+00:00,758.0,8.67,8.46,8.82,1.94,28.82615,816.0,489.0,0.15946275115966796,True,REGULAR,USD,put,2026-09-23,0.019178082191780823,754.0499877929688,8.64,0.041666666666666595,1.005238395691236
SPY260923P00759000,2026-09-16 20:12:37+00:00,759.0,9.11,9.11,9.46,1.4399996,18.774439,1676.0,460.0,0.16022568298339845,True,REGULAR,USD,put,2026-09-23,0.019178082191780823,754.0499877929688,9.285,0.037695207323640435,1.006564567717214
SPY260923P00760000,2026-09-16 20:03:31+00:00,760.0,9.75,9.68,10.06,1.1400003,13.240422,2119.0,458.0,0.15943223388671873,True,REGULAR,USD,put,2026-09-23,0.019178082191780823,754.0499877929688,9.870000000000001,0.03850050658561304,1.0078907397431918
SPY260923P00761000,2026-09-16 19:57:39+00:00,761.0,10.61,10.33,10.77,1.4899998,16.337717,565.0,86.0,0.16089706298828127,True,REGULAR,USD,put,2026-09-23,0.019178082191780823,754.0499877929688,10.55,0.04170616113744071,1.0092169117691696
SPY260923P00762000,2026-09-16 20:14:37+00:00,762.0,11.02,10.99,11.49,2.0700006,23.128498,162.0,163.0,0.16211775390625,True,REGULAR,USD,put,2026-09-23,0.019178082191780823,754.0499877929688,11.24,0.04448398576512456,1.0105430837951475
SPY260923P00763000,2026-09-16 19:53:21+00:00,763.0,12.2,11.72,12.21,2.0500002,20.197046,71.0,99.0,0.1627891339111328,True,REGULAR,USD,put,2026-09-23,0.019178082191780823,754.0499877929688,11.965,0.04095277893857085,1.0118692558211255
SPY260923P00764000,2026-09-16 20:12:56+00:00,764.0,12.52,12.48,13.05,1.6500006,15.179399,47.0,107.0,0.16639017211914067,True,REGULAR,USD,put,2026-09-23,0.019178082191780823,754.0499877929688,12.765,0.04465334900117511,1.0131954278471034
SPY260923P00765000,2026-09-16 20:11:25+00:00,765.0,13.56,13.26,13.85,2.8400002,26.492537,103.0,196.0,0.1684043121337891,True,REGULAR,USD,put,2026-09-23,0.019178082191780823,754.0499877929688,13.555,0.0435263740317226,1.0145215998730812
SPY260923P00766000,2026-09-16 19:46:22+00:00,766.0,15.42,14.08,14.69,2.92,23.36,191.0,31.0,0.17127293579101563,True,REGULAR,USD,put,2026-09-23,0.019178082191780823,754.0499877929688,14.385,0.04240528328119565,1.015847771899059
SPY260923P00767000,2026-09-16 19:54:46+00:00,767.0,15.04,14.23,16.86,2.5699997,20.609459,186.0,38.0,0.2125933233642578,True,REGULAR,USD,put,2026-09-23,0.019178082191780823,754.0499877929688,15.545,0.1691862335155998,1.017173943925037
SPY260923P00768000,2026-09-16 19:58:37+00:00,768.0,16.13,14.81,17.72,2.6999989,20.104235,29.0,29.0,0.21631643066406248,True,REGULAR,USD,put,2026-09-23,0.019178082191780823,754.0499877929688,16.265,0.17891177374731007,1.0185001159510148
SPY260923P00769000,2026-09-16 19:56:12+00:00,769.0,17.27,15.85,18.61,2.7700005,19.103453,12.0,13.0,0.22064988342285152,True,REGULAR,USD,put,2026-09-23,0.019178082191780823,754.0499877929688,17.23,0.16018572257690075,1.0198262879769928
SPY260923P00770000,2026-09-16 19:19:40+00:00,770.0,21.04,16.54,19.71,5.550001,35.829575,65.0,44.0,0.23102575622558597,True,REGULAR,USD,put,2026-09-23,0.019178082191780823,754.0499877929688,18.125,0.17489655172413804,1.0211524600029707
SPY260923P00771000,2026-09-16 19:40:30+00:00,771.0,20.47,17.37,20.63,5.4699993,36.466663,12.0,2.0,0.23596955444335935,True,REGULAR,USD,put,2026-09-23,0.019178082191780823,754.0499877929688,19.0,0.17157894736842094,1.0224786320289485
SPY260923P00773000,2026-09-16 18:53:39+00:00,773.0,18.92,19.26,22.52,1.2199993,6.892651,8.0,4.0,0.24695577270507812,True,REGULAR,USD,put,2026-09-23,0.019178082191780823,754.0499877929688,20.89,0.15605552896122538,1.0251309760809042
SPY260923P00775000,2026-09-16 19:27:26+00:00,775.0,26.76,21.2,24.46,14.76,123.0,4.0,5.0,0.2590406127929688,True,REGULAR,USD,put,2026-09-23,0.019178082191780823,754.0499877929688,22.83,0.14279456855015338,1.0277833201328601
SPY260923P00777000,2026-09-16 14:23:03+00:00,777.0,19.76,23.07,26.42,-1.3199997,-6.261858,4.0,2.0,0.27136959106445313,True,REGULAR,USD,put,2026-09-23,0.019178082191780823,754.0499877929688,24.745,0.1353808850272783,1.0304356641848158
SPY260923P00780000,2026-09-16 18:44:49+00:00,780.0,22.5,25.62,29.39,-1.6299992,-6.755073,3.0,30.0,0.2902903002929687,True,REGULAR,USD,put,2026-09-23,0.019178082191780823,754.0499877929688,27.505000000000003,0.1370659880021814,1.0344141802627496
SPY260930C00375000,2026-09-14 19:40:11+00:00,375.0,386.82,377.14,381.2,0.0,0.0,1.0,18.0,1.2949254003906248,True,REGULAR,USD,call,2026-09-30,0.038356164383561646,754.0499877929688,379.16999999999996,0.010707598174961107,0.4973145097417065
SPY260930C00380000,2026-08-07 14:03:38+00:00,380.0,392.65,372.14,376.2,0.0,0.0,5.0,8.0,1.2714880175781247,True,REGULAR,USD,call,2026-09-30,0.038356164383561646,754.0499877929688,374.16999999999996,0.010850682844696268,0.5039453698715959
SPY260930C00410000,2026-07-16 17:36:34+00:00,410.0,347.15,353.35,356.12,0.0,0.0,3.0,1.0,2.339359620361327,True,REGULAR,USD,call,2026-09-30,0.038356164383561646,754.0499877929688,354.735,0.007808645890594336,0.5437305306509324
SPY260930C00415000,2026-07-13 15:48:20+00:00,415.0,340.0,348.35,351.14,0.0,0.0,41.0,73.0,2.3013958480834957,True,REGULAR,USD,call,2026-09-30,0.038356164383561646,754.0499877929688,349.745,0.007977240560980038,0.5503613907808218
SPY260930C00420000,2026-09-02 13:48:25+00:00,420.0,342.88,332.14,336.21,0.0,0.0,16.0,50.0,1.1015669921875002,True,REGULAR,USD,call,2026-09-30,0.038356164383561646,754.0499877929688,334.17499999999995,0.012179247400314189,0.5569922509107113
SPY260930C00425000,2026-08-31 19:05:39+00:00,425.0,341.62,327.15,331.21,0.0,0.0,44.0,22.0,1.0859420703125,True,REGULAR,USD,call,2026-09-30,0.038356164383561646,754.0499877929688,329.17999999999995,0.012333677623184892,0.5636231110406007
SPY260930C00470000,2026-06-12 18:25:01+00:00,470.0,275.35,286.58,289.97,0.0,0.0,1.0,0.0,1.5216088372802732,True,REGULAR,USD,call,2026-09-30,0.038356164383561646,754.0499877929688,288.275,0.011759604544272113,0.6233008522096054
SPY260930C00475000,2026-09-10 18:24:41+00:00,475.0,283.8,277.15,281.21,0.0,0.0,20.0,70.0,0.8886729882812499,True,REGULAR,USD,call,2026-09-30,0.038356164383561646,754.0499877929688,279.17999999999995,0.014542589010674128,0.6299317123394949
SPY260930C00480000,2026-07-31 19:45:23+00:00,480.0,271.0,288.36,291.88,0.0,0.0,2.0,3.0,2.070500429229736,True,REGULAR,USD,call,2026-09-30,0.038356164383561646,754.0499877929688,290.12,0.012132910519784854,0.6365625724693843
SPY260930C00485000,2026-08-18 18:34:15+00:00,485.0,284.98,267.15,271.21,0.0,0.0,13.0,29.0,0.852540537109375,True,REGULAR,USD,call,2026-09-30,0.038356164383561646,754.0499877929688,269.17999999999995,0.015082844193476495,0.6431934325992738
SPY260930C00490000,2026-08-04 13:30:10+00:00,490.0,273.0,278.37,281.89,0.0,0.0,1.0,16.0,1.9984130938720701,True,REGULAR,USD,call,2026-09-30,0.038356164383561646,754.0499877929688,280.13,0.012565594545389577,0.6498242927291631
SPY260930C00495000,2026-04-15 17:54:51+00:00,495.0,212.11,248.12,251.5,0.0,0.0,1.0,12.0,1.0000000000000003e-05,True,REGULAR,USD,call,2026-09-30,0.038356164383561646,754.0499877929688,249.81,0.013530283015091451,0.6564551528590525
SPY260930C00500000,2026-09-01 14:06:58+00:00,500.0,263.61,252.15,256.21,0.0,0.0,15.0,59.0,0.79883013671875,True,REGULAR,USD,call,2026-09-30,0.038356164383561646,754.0499877929688,254.18,0.015972932567471766,0.663086012988942
SPY260930C00505000,2026-09-14 19:06:06+00:00,505.0,257.46,247.15,251.21,0.0,0.0,2.0,23.0,0.780275634765625,True,REGULAR,USD,call,2026-09-30,0.038356164383561646,754.0499877929688,249.18,0.01629344249137171,0.6697168731188313
SPY260930C00510000,2026-09-16 19:32:41+00:00,510.0,241.88,242.15,246.21,-8.459991,-3.3794007,2.0,6.0,0.762697685546875,True,REGULAR,USD,call,2026-09-30,0.038356164383561646,754.0499877929688,244.18,0.01662707838479811,0.6763477332487208
SPY260930C00515000,2026-09-16 18:30:15+00:00,515.0,244.67,237.15,241.21,-2.7900085,-1.1274583,200.0,202.0,0.7460962890625,True,REGULAR,USD,call,2026-09-30,0.038356164383561646,754.0499877929688,239.18,0.01697466343339745,0.6829785933786102
SPY260930C00520000,2026-09-15 13:49:31+00:00,520.0,239.64,232.15,236.21,0.0,0.0,1.0,30.0,0.72851833984375,True,REGULAR,USD,call,2026-09-30,0.038356164383561646,754.0499877929688,234.18,0.01733709112648391,0.6896094535084997
SPY260930C00525000,2026-08-25 19:25:19+00:00,525.0,241.48,227.15,231.22,0.0,0.0,1.0,2.0,0.7138700488281251,True,REGULAR,USD,call,2026-09-30,0.038356164383561646,754.0499877929688,229.185,0.017758579313654876,0.696240313638389
SPY260930C00530000,2026-09-02 14:45:43+00:00,530.0,236.98,222.15,226.22,0.0,0.0,6.0,46.0,0.6972686523437501,True,REGULAR,USD,call,2026-09-30,0.038356164383561646,754.0499877929688,224.185,0.018154649062158454,0.7028711737682785
SPY260930C00535000,2026-09-04 15:29:01+00:00,535.0,234.99,217.15,221.22,0.0,0.0,1.0,45.0,0.6796907031250001,True,REGULAR,USD,call,2026-09-30,0.038356164383561646,754.0499877929688,219.185,0.0185687889225996,0.7095020338981679
SPY260930C00540000,2026-09-16 19:34:18+00:00,540.0,211.99,212.15,216.22,-15.860001,-6.9607196,1.0,49.0,0.6630893066406252,True,REGULAR,USD,call,2026-09-30,0.038356164383561646,754.0499877929688,214.185,0.019002264397600173,0.7161328940280574
SPY260930C00545000,2026-08-25 19:25:19+00:00,545.0,221.56,207.16,211.22,0.0,0.0,1.0,4.0,0.649417568359375,True,REGULAR,USD,call,2026-09-30,0.038356164383561646,754.0499877929688,209.19,0.019408193508293908,0.7227637541579467
SPY260930C00550000,2026-09-16 15:01:32+00:00,550.0,210.37,202.15,206.22,-10.270004,-4.654643,11.0,17.0,0.629886513671875,True,REGULAR,USD,call,2026-09-30,0.038356164383561646,754.0499877929688,204.185,0.019932903984132003,0.7293946142878361
SPY260930C00555000,2026-05-12 19:09:19+00:00,555.0,190.9,202.88,206.24,0.0,0.0,2.0,6.0,1.1353802996826172,True,REGULAR,USD,call,2026-09-30,0.038356164383561646,754.0499877929688,204.56,0.016425498631208513,0.7360254744177256
SPY260930C00565000,2026-09-15 14:17:39+00:00,565.0,193.56,187.15,191.22,0.0,0.0,1.0,5.0,0.5810588769531251,True,REGULAR,USD,call,2026-09-30,0.038356164383561646,754.0499877929688,189.185,0.021513333509527676,0.7492871946775044
SPY260930C00570000,2026-09-16 15:27:18+00:00,570.0,190.78,182.15,186.22,-0.83999634,-0.4383657,36.0,68.0,0.5654340332031251,True,REGULAR,USD,call,2026-09-30,0.038356164383561646,754.0499877929688,184.185,0.022097347775334546,0.7559180548073938
SPY260930C00575000,2026-09-15 15:45:45+00:00,575.0,183.0,177.16,181.22,0.0,0.0,1.0,351.0,0.551762294921875,True,REGULAR,USD,call,2026-09-30,0.038356164383561646,754.0499877929688,179.19,0.022657514370221565,0.7625489149372833
SPY260930C00580000,2026-09-16 15:11:20+00:00,580.0,181.1,172.15,176.22,1.4600067,0.8127403,4.0,10.0,0.53320779296875,True,REGULAR,USD,call,2026-09-30,0.038356164383561646,754.0499877929688,174.185,0.023365961477739144,0.7691797750671727
SPY260930C00585000,2026-09-10 15:58:10+00:00,585.0,173.76,167.15,171.22,0.0,0.0,1.0,730.0,0.51758294921875,True,REGULAR,USD,call,2026-09-30,0.038356164383561646,754.0499877929688,169.185,0.024056506191447193,0.7758106351970621
SPY260930C00590000,2026-09-16 14:42:12+00:00,590.0,169.6,162.16,166.22,-2.449997,-1.4240029,6.0,58.0,0.5039112109375,True,REGULAR,USD,call,2026-09-30,0.038356164383561646,754.0499877929688,164.19,0.02472744990559719,0.7824414953269515
SPY260930C00594000,2026-09-14 15:32:26+00:00,594.0,165.27,158.16,162.22,0.0,0.0,7.0,2031.0,0.7511011218261718,True,REGULAR,USD,call,2026-09-30,0.038356164383561646,754.0499877929688,160.19,0.025344902927773284,0.787746183430863
SPY260930C00595000,2026-08-27 19:45:14+00:00,595.0,177.17,157.16,161.22,0.0,0.0,21.0,403.0,0.7467066345214843,True,REGULAR,USD,call,2026-09-30,0.038356164383561646,754.0499877929688,159.19,0.025504114580061577,0.789072355456841
SPY260930C00596000,2026-04-30 19:06:42+00:00,596.0,136.88,150.23,153.74,0.0,0.0,1.0,2.0,1.0000000000000003e-05,True,REGULAR,USD,call,2026-09-30,0.038356164383561646,754.0499877929688,151.985,0.023094384314241663,0.7903985274828188
SPY260930C00597000,2026-09-16 19:36:19+00:00,597.0,155.35,155.16,159.22,-12.610001,-7.5077395,2.0,8.0,0.7380397290039062,True,REGULAR,USD,call,2026-09-30,0.038356164383561646,754.0499877929688,157.19,0.025828615051848098,0.7917246995087966
SPY260930C00598000,2026-08-24 14:19:03+00:00,598.0,166.84,154.16,158.22,0.0,0.0,6.0,1275.0,0.7337673107910156,True,REGULAR,USD,call,2026-09-30,0.038356164383561646,754.0499877929688,156.19,0.02599398168896858,0.7930508715347746
SPY260930C00599000,2026-08-24 16:20:53+00:00,599.0,167.84,153.16,157.22,0.0,0.0,164.0,1699.0,0.7293728234863281,True,REGULAR,USD,call,2026-09-30,0.038356164383561646,754.0499877929688,155.19,0.026161479476770427,0.7943770435607524
SPY260930C00600000,2026-09-16 15:50:38+00:00,600.0,161.45,152.16,156.22,-0.9799957,-0.60333425,66.0,2432.0,0.7251004052734374,True,REGULAR,USD,call,2026-09-30,0.038356164383561646,754.0499877929688,154.19,0.026331149880018175,0.7957032155867303
SPY260930C00601000,2026-08-24 16:21:46+00:00,601.0,165.95,151.16,155.22,0.0,0.0,30.0,729.0,0.72070591796875,True,REGULAR,USD,call,2026-09-30,0.038356164383561646,754.0499877929688,153.19,0.026503035446177964,0.7970293876127083
SPY260930C00602000,2026-09-16 19:46:46+00:00,602.0,150.68,150.16,154.22,-14.050003,-8.52911,1.0,53.0,0.7164334997558592,True,REGULAR,USD,call,2026-09-30,0.038356164383561646,754.0499877929688,152.19,0.026677179840988254,0.7983555596386861
SPY260930C00603000,2026-08-24 16:21:06+00:00,603.0,163.88,149.16,153.22,0.0,0.0,82.0,62.0,0.7121610815429689,True,REGULAR,USD,call,2026-09-30,0.038356164383561646,754.0499877929688,151.19,0.026853627885442176,0.799681731664664
SPY260930C00604000,2026-09-08 13:30:33+00:00,604.0,165.86,148.16,152.23,0.0,0.0,1.0,33.0,0.7084990087890625,True,REGULAR,USD,call,2026-09-30,0.038356164383561646,754.0499877929688,150.195,0.02709810579579875,0.8010079036906419
SPY260930C00605000,2026-09-10 13:32:30+00:00,605.0,153.45,147.16,151.23,0.0,0.0,4.0,4879.0,0.704226590576172,True,REGULAR,USD,call,2026-09-30,0.038356164383561646,754.0499877929688,149.195,0.027279734575555437,0.8023340757166197
SPY260930C00606000,2026-08-24 14:19:54+00:00,606.0,158.98,146.16,150.23,0.0,0.0,122.0,1672.0,0.6999541723632813,True,REGULAR,USD,call,2026-09-30,0.038356164383561646,754.0499877929688,148.195,0.027463814568642622,0.8036602477425977
SPY260930C00607000,2026-08-24 14:20:06+00:00,607.0,157.98,145.16,149.23,0.0,0.0,18.0,12.0,0.6956817541503908,True,REGULAR,USD,call,2026-09-30,0.038356164383561646,754.0499877929688,147.195,0.027650395733550687,0.8049864197685755
SPY260930C00608000,2026-08-24 16:21:57+00:00,608.0,159.03,144.16,148.23,0.0,0.0,254.0,158.0,0.6914093359375001,True,REGULAR,USD,call,2026-09-30,0.038356164383561646,754.0499877929688,146.195,0.02783952939567012,0.8063125917945534
SPY260930C00609000,2026-08-24 16:39:57+00:00,609.0,157.27,143.16,147.23,0.0,0.0,82.0,62.0,0.6870148486328126,True,REGULAR,USD,call,2026-09-30,0.038356164383561646,754.0499877929688,145.195,0.02803126829436271,0.8076387638205313
SPY260930C00610000,2026-09-16 14:35:39+00:00,610.0,148.54,142.16,146.23,-0.4600067,-0.30872935,10.0,951.0,0.6827424304199221,True,REGULAR,USD,call,2026-09-30,0.038356164383561646,754.0499877929688,144.195,0.028225666631991355,0.8089649358465092
SPY260930C00611000,2026-08-24 14:14:08+00:00,611.0,153.65,141.16,145.23,0.0,0.0,142.0,891.0,0.6784700122070313,True,REGULAR,USD,call,2026-09-30,0.038356164383561646,754.0499877929688,143.195,0.028422780125004318,0.810291107872487
SPY260930C00612000,2026-08-24 16:22:03+00:00,612.0,155.1,140.16,144.23,0.0,0.0,109.0,86.0,0.6741975939941409,True,REGULAR,USD,call,2026-09-30,0.038356164383561646,754.0499877929688,142.195,0.02862266605717496,0.811617279898465
SPY260930C00613000,2026-09-04 18:42:49+00:00,613.0,157.6,139.16,143.23,0.0,0.0,2.0,54.0,0.6699251757812501,True,REGULAR,USD,call,2026-09-30,0.038356164383561646,754.0499877929688,141.195,0.02882538333510389,0.8129434519244428
SPY260930C00614000,2026-08-24 14:13:38+00:00,614.0,150.76,138.16,142.23,0.0,0.0,12.0,9.0,0.6656527575683595,True,REGULAR,USD,call,2026-09-30,0.038356164383561646,754.0499877929688,140.195,0.02903099254609646,0.8142696239504207
SPY260930C00615000,2026-09-16 19:50:12+00:00,615.0,138.11,137.16,141.23,-6.3899994,-4.422145,1.0,670.0,0.6613803393554689,True,REGULAR,USD,call,2026-09-30,0.038356164383561646,754.0499877929688,139.195,0.0292395560185351,0.8155957959763986
SPY260930C00616000,2026-08-24 16:39:50+00:00,616.0,150.29,136.16,140.23,0.0,0.0,350.0,198.0,0.6571079211425781,True,REGULAR,USD,call,2026-09-30,0.038356164383561646,754.0499877929688,138.195,0.029451137884872778,0.8169219680023765
SPY260930C00617000,2026-08-24 16:19:38+00:00,617.0,150.09,135.16,139.23,0.0,0.0,146.0,89.0,0.6528355029296876,True,REGULAR,USD,call,2026-09-30,0.038356164383561646,754.0499877929688,137.195,0.029665804147381417,0.8182481400283543
SPY260930C00618000,2026-08-26 17:48:00+00:00,618.0,149.96,134.16,138.23,0.0,0.0,2.0,214.0,0.6485630847167969,True,REGULAR,USD,call,2026-09-30,0.038356164383561646,754.0499877929688,136.195,0.029883622746796824,0.8195743120543323
SPY260930C00619000,2026-08-24 16:16:20+00:00,619.0,147.9,133.16,137.23,0.0,0.0,130.0,66.0,0.6444127355957032,True,REGULAR,USD,call,2026-09-30,0.038356164383561646,754.0499877929688,135.195,0.030104663634010084,0.8209004840803101
SPY260930C00620000,2026-09-16 16:08:41+00:00,620.0,140.53,132.16,136.23,3.0399933,2.2110648,3.0,1266.0,0.6401403173828125,True,REGULAR,USD,call,2026-09-30,0.038356164383561646,754.0499877929688,134.195,0.03032899884496437,0.822226656106288
SPY260930C00621000,2026-08-24 16:21:04+00:00,621.0,145.99,131.16,135.23,0.0,0.0,16.0,32.0,0.635867899169922,True,REGULAR,USD,call,2026-09-30,0.038356164383561646,754.0499877929688,133.195,0.030556702578925586,0.8235528281322659
SPY260930C00622000,2026-08-24 16:17:10+00:00,622.0,145.05,130.16,134.23,0.0,0.0,6.0,8.0,0.6315954809570312,True,REGULAR,USD,call,2026-09-30,0.038356164383561646,754.0499877929688,132.195,0.030787851280305558,0.8248790001582438
SPY260930C00623000,2026-08-26 17:48:00+00:00,623.0,145.0,129.16,133.23,0.0,0.0,2.0,34.0,0.6273230627441408,True,REGULAR,USD,call,2026-09-30,0.038356164383561646,754.0499877929688,131.195,0.031022523724227244,0.8262051721842216
SPY260930C00624000,2026-08-24 14:20:39+00:00,624.0,141.12,128.16,132.23,0.0,0.0,3.0,3.0,0.6231727136230469,True,REGULAR,USD,call,2026-09-30,0.038356164383561646,754.0499877929688,130.195,0.03126080110603321,0.8275313442101996
SPY260930C00625000,2026-09-16 15:11:14+00:00,625.0,135.92,127.16,131.23,-6.5700073,-4.6108546,3.0,261.0,0.6189002954101563,True,REGULAR,USD,call,2026-09-30,0.038356164383561646,754.0499877929688,129.195,0.03150276713495099,0.8288575162361774
SPY260930C00626000,2026-08-24 16:21:11+00:00,626.0,141.08,126.16,130.23,0.0,0.0,8.0,240.0,0.6146278771972657,True,REGULAR,USD,call,2026-09-30,0.038356164383561646,754.0499877929688,128.195,0.03174850813214239,0.8301836882621554
SPY260930C00627000,2026-08-24 15:33:23+00:00,627.0,138.75,125.16,129.23,0.0,0.0,150.0,122.0,0.6104775280761721,True,REGULAR,USD,call,2026-09-30,0.038356164383561646,754.0499877929688,127.195,0.03199811313337783,0.8315098602881332
SPY260930C00628000,2026-08-24 16:21:39+00:00,628.0,139.11,124.16,128.23,0.0,0.0,19.0,16.0,0.6062051098632814,True,REGULAR,USD,call,2026-09-30,0.038356164383561646,754.0499877929688,126.195,0.032251673996592525,0.8328360323141111
SPY260930C00629000,2026-05-15 18:35:50+00:00,629.0,125.32,131.61,134.71,0.0,0.0,1.0,215.0,0.8530288134765626,True,REGULAR,USD,call,2026-09-30,0.038356164383561646,754.0499877929688,133.16000000000003,0.023280264343646693,0.834162204340089
SPY260930C00630000,2026-09-16 16:16:48+00:00,630.0,130.2,122.16,126.23,-3.2400055,-2.4280617,21.0,821.0,0.597782342529297,True,REGULAR,USD,call,2026-09-30,0.038356164383561646,754.0499877929688,124.195,0.03277104553323409,0.8354883763660669
SPY260930C00631000,2026-08-24 20:01:59+00:00,631.0,134.68,121.16,125.23,0.0,0.0,58.0,794.0,0.5935099243164064,True,REGULAR,USD,call,2026-09-30,0.038356164383561646,754.0499877929688,123.195,0.03303705507528721,0.8368145483920447
SPY260930C00632000,2026-08-25 13:40:04+00:00,632.0,136.2,120.16,124.23,0.0,0.0,20.0,149.0,0.5892985406494142,True,REGULAR,USD,call,2026-09-30,0.038356164383561646,754.0499877929688,122.195,0.03330741847047758,0.8381407204180227
SPY260930C00633000,2026-08-25 13:39:05+00:00,633.0,135.22,119.16,123.24,0.0,0.0,80.0,342.0,0.5856975024414062,True,REGULAR,USD,call,2026-09-30,0.038356164383561646,754.0499877929688,121.19999999999999,0.03366336633663365,0.8394668924440005
SPY260930C00634000,2026-08-24 15:10:19+00:00,634.0,131.35,118.16,122.24,0.0,0.0,46.0,129.0,0.5814250842285156,True,REGULAR,USD,call,2026-09-30,0.038356164383561646,754.0499877929688,120.19999999999999,0.033943427620632266,0.8407930644699784
SPY260930C00635000,2026-09-01 14:31:42+00:00,635.0,130.52,117.16,121.24,0.0,0.0,1.0,901.0,0.5772747351074219,True,REGULAR,USD,call,2026-09-30,0.038356164383561646,754.0499877929688,119.19999999999999,0.034228187919463075,0.8421192364959563
SPY260930C00636000,2026-09-16 19:49:26+00:00,636.0,117.41,116.16,120.24,-12.5,-9.6220455,1.0,124.0,0.5730023168945313,True,REGULAR,USD,call,2026-09-30,0.038356164383561646,754.0499877929688,118.19999999999999,0.03451776649746192,0.8434454085219342
SPY260930C00637000,2026-08-25 14:06:26+00:00,637.0,130.47,115.16,119.24,0.0,0.0,138.0,221.0,0.5688519677734375,True,REGULAR,USD,call,2026-09-30,0.038356164383561646,754.0499877929688,117.19999999999999,0.03481228668941978,0.844771580547912
SPY260930C00638000,2026-08-25 13:40:10+00:00,638.0,130.27,114.16,118.24,0.0,0.0,203.0,284.0,0.564579549560547,True,REGULAR,USD,call,2026-09-30,0.038356164383561646,754.0499877929688,116.19999999999999,0.035111876075731484,0.84609775257389
SPY260930C00639000,2026-09-10 18:53:25+00:00,639.0,120.12,113.17,117.24,0.0,0.0,2.0,565.0,0.5604292004394531,True,REGULAR,USD,call,2026-09-30,0.038356164383561646,754.0499877929688,115.205,0.03532832776355187,0.8474239245998678
SPY260930C00640000,2026-09-16 19:08:29+00:00,640.0,113.52,112.17,116.24,-4.9800034,-4.2025347,216.0,1014.0,0.5561567822265626,True,REGULAR,USD,call,2026-09-30,0.038356164383561646,754.0499877929688,114.205,0.035637669103804503,0.8487500966258457
SPY260930C00641000,2026-09-16 19:52:09+00:00,641.0,112.77,111.17,115.24,-13.710007,-10.8396635,1.0,341.0,0.5520064331054688,True,REGULAR,USD,call,2026-09-30,0.038356164383561646,754.0499877929688,113.205,0.03595247559736755,0.8500762686518236
SPY260930C00642000,2026-09-11 14:30:16+00:00,642.0,124.05,110.17,114.24,0.0,0.0,2.0,299.0,0.5477340148925782,True,REGULAR,USD,call,2026-09-30,0.038356164383561646,754.0499877929688,112.205,0.036272893364823255,0.8514024406778015
SPY260930C00643000,2026-08-25 13:39:03+00:00,643.0,125.23,109.17,113.24,0.0,0.0,24.0,144.0,0.5435836657714845,True,REGULAR,USD,call,2026-09-30,0.038356164383561646,754.0499877929688,111.205,0.0365990737826536,0.8527286127037793
SPY260930C00644000,2026-08-31 18:39:24+00:00,644.0,123.06,108.17,112.24,0.0,0.0,1.0,214.0,0.5394333166503908,True,REGULAR,USD,call,2026-09-30,0.038356164383561646,754.0499877929688,110.205,0.036931173721700405,0.8540547847297573
SPY260930C00645000,2026-09-08 18:49:00+00:00,645.0,121.5,107.17,111.25,0.0,0.0,2.0,559.0,0.5357712438964843,True,REGULAR,USD,call,2026-09-30,0.038356164383561646,754.0499877929688,109.21000000000001,0.03735921618899366,0.8553809567557351
SPY260930C00646000,2026-09-04 14:43:55+00:00,646.0,125.0,106.17,110.25,0.0,0.0,1.0,26.0,0.5314988256835937,True,REGULAR,USD,call,2026-09-30,0.038356164383561646,754.0499877929688,108.21000000000001,0.0377044635431106,0.856707128781713
SPY260930C00647000,2026-09-04 15:45:18+00:00,647.0,123.67,105.17,109.25,0.0,0.0,1.0,204.0,0.5273484765625001,True,REGULAR,USD,call,2026-09-30,0.038356164383561646,754.0499877929688,107.21000000000001,0.038056151478406845,0.8580333008076909
SPY260930C00648000,2026-06-12 16:13:08+00:00,648.0,105.32,112.11,115.54,0.0,0.0,1.0,4.0,0.7418238708496092,True,REGULAR,USD,call,2026-09-30,0.038356164383561646,754.0499877929688,113.825,0.030133977597188725,0.8593594728336688
SPY260930C00650000,2026-09-16 18:17:45+00:00,650.0,110.32,102.17,106.25,3.040001,2.833707,12.0,1384.0,0.5147753601074219,True,REGULAR,USD,call,2026-09-30,0.038356164383561646,754.0499877929688,104.21000000000001,0.03915171288743881,0.8620118168856246
SPY260930C00651000,2026-08-25 14:07:19+00:00,651.0,116.52,101.17,105.25,0.0,0.0,204.0,109.0,0.5105639764404297,True,REGULAR,USD,call,2026-09-30,0.038356164383561646,754.0499877929688,103.21000000000001,0.03953105319252009,0.8633379889116024
SPY260930C00652000,2026-09-14 19:21:39+00:00,652.0,109.32,100.17,104.26,0.0,0.0,1.0,18.0,0.5069019036865234,True,REGULAR,USD,call,2026-09-30,0.038356164383561646,754.0499877929688,102.215,0.040013696619869914,0.8646641609375804
SPY260930C00653000,2026-09-10 14:24:40+00:00,653.0,107.49,99.17,103.26,0.0,0.0,1.0,27.0,0.5026905200195313,True,REGULAR,USD,call,2026-09-30,0.038356164383561646,754.0499877929688,101.215,0.04040903028207285,0.8659903329635582
SPY260930C00654000,2026-08-25 13:39:05+00:00,654.0,114.42,98.18,102.26,0.0,0.0,4.0,17.0,0.4985401708984375,True,REGULAR,USD,call,2026-09-30,0.038356164383561646,754.0499877929688,100.22,0.04071043703851525,0.867316504989536
SPY260930C00655000,2026-09-16 20:03:13+00:00,655.0,99.23,97.18,101.26,-3.0899963,-3.019934,1.0,228.0,0.49432878723144535,True,REGULAR,USD,call,2026-09-30,0.038356164383561646,754.0499877929688,99.22,0.04112074178593024,0.868642677015514
SPY260930C00656000,2026-08-19 16:03:03+00:00,656.0,118.0,96.18,100.26,0.0,0.0,1.0,53.0,0.4901174035644532,True,REGULAR,USD,call,2026-09-30,0.038356164383561646,754.0499877929688,98.22,0.04153940134392179,0.8699688490414919
SPY260930C00657000,2026-07-07 18:51:38+00:00,657.0,100.74,107.77,110.55,0.0,0.0,1.0,10.0,0.8167437759399413,True,REGULAR,USD,call,2026-09-30,0.038356164383561646,754.0499877929688,109.16,0.025467204104067435,0.8712950210674697
SPY260930C00658000,2026-09-10 14:24:40+00:00,658.0,102.56,94.19,98.26,0.0,0.0,1.0,22.0,0.48169463623046876,True,REGULAR,USD,call,2026-09-30,0.038356164383561646,754.0499877929688,96.225,0.04229670044167324,0.8726211930934477
SPY260930C00659000,2026-09-16 19:15:41+00:00,659.0,93.19,93.19,97.26,-6.409996,-6.4357395,24.0,49.0,0.477544287109375,True,REGULAR,USD,call,2026-09-30,0.038356164383561646,754.0499877929688,95.225,0.04274087687056978,0.8739473651194255
SPY260930C00660000,2026-09-16 14:30:43+00:00,660.0,99.25,92.19,96.2,1.4899979,1.5241386,2.0,512.0,0.470281176147461,True,REGULAR,USD,call,2026-09-30,0.038356164383561646,754.0499877929688,94.195,0.042571261744254,0.8752735371454033
SPY260930C00661000,2026-09-10 15:33:47+00:00,661.0,99.14,91.19,95.27,0.0,0.0,2.0,13.0,0.4696708306884766,True,REGULAR,USD,call,2026-09-30,0.038356164383561646,754.0499877929688,93.22999999999999,0.04376273731631448,0.8765997091713813
SPY260930C00662000,2026-07-07 13:33:55+00:00,662.0,97.74,102.84,105.63,0.0,0.0,1.0,15.0,0.7899801275634766,True,REGULAR,USD,call,2026-09-30,0.038356164383561646,754.0499877929688,104.235,0.02676644121456317,0.8779258811973591
SPY260930C00663000,2026-09-09 20:01:31+00:00,663.0,100.24,89.19,93.27,0.0,0.0,1.0,109.0,0.46130909790039065,True,REGULAR,USD,call,2026-09-30,0.038356164383561646,754.0499877929688,91.22999999999999,0.04472213087800064,0.879252053223337
SPY260930C00664000,2026-08-24 14:07:38+00:00,664.0,101.6,88.19,92.27,0.0,0.0,256.0,241.0,0.4570977142333985,True,REGULAR,USD,call,2026-09-30,0.038356164383561646,754.0499877929688,90.22999999999999,0.045217776792641017,0.880578225249315
SPY260930C00665000,2026-09-10 19:11:43+00:00,665.0,94.47,87.19,91.28,0.0,0.0,5.0,150.0,0.45337460693359377,True,REGULAR,USD,call,2026-09-30,0.038356164383561646,754.0499877929688,89.235,0.04583403373115934,0.8819043972752928
SPY260930C00666000,2026-09-16 20:06:48+00:00,666.0,88.28,86.2,90.28,-3.1100006,-3.402999,2.0,67.0,0.44922425781249997,True,REGULAR,USD,call,2026-09-30,0.038356164383561646,754.0499877929688,88.24000000000001,0.04623753399818674,0.8832305693012706
SPY260930C00667000,2026-08-24 14:08:15+00:00,667.0,98.61,85.2,89.28,0.0,0.0,2.0,97.0,0.44501287414550783,True,REGULAR,USD,call,2026-09-30,0.038356164383561646,754.0499877929688,87.24000000000001,0.04676753782668498,0.8845567413272486
SPY260930C00668000,2026-09-16 15:23:13+00:00,668.0,92.62,84.2,88.29,-13.379997,-12.62264,1.0,125.0,0.4412897668457031,True,REGULAR,USD,call,2026-09-30,0.038356164383561646,754.0499877929688,86.245,0.04742303901675463,0.8858829133532264
SPY260930C00669000,2026-09-01 16:53:21+00:00,669.0,94.63,83.2,87.2,0.0,0.0,28.0,282.0,0.4327449304199219,True,REGULAR,USD,call,2026-09-30,0.038356164383561646,754.0499877929688,85.2,0.046948356807511735,0.8872090853792043
SPY260930C00670000,2026-09-16 14:17:37+00:00,670.0,89.5,82.21,86.3,-2.8399963,-3.0755863,5.0,2713.0,0.43335527587890627,True,REGULAR,USD,call,2026-09-30,0.038356164383561646,754.0499877929688,84.255,0.04854311316835801,0.8885352574051822
SPY260930C00671000,2026-09-01 16:58:49+00:00,671.0,93.03,81.21,85.3,0.0,0.0,161.0,144.0,0.42914389221191407,True,REGULAR,USD,call,2026-09-30,0.038356164383561646,754.0499877929688,83.255,0.04912617860789146,0.8898614294311601
SPY260930C00672000,2026-09-04 14:01:37+00:00,672.0,100.87,80.22,84.3,0.0,0.0,2.0,36.0,0.4249325085449219,True,REGULAR,USD,call,2026-09-30,0.038356164383561646,754.0499877929688,82.25999999999999,0.049598832968636014,0.8911876014571379
SPY260930C00673000,2026-09-08 14:53:26+00:00,673.0,95.19,79.22,83.31,0.0,0.0,1.0,34.0,0.4212094012451172,True,REGULAR,USD,call,2026-09-30,0.038356164383561646,754.0499877929688,81.265,0.05032916999938477,0.8925137734831159
SPY260930C00674000,2026-09-11 17:49:37+00:00,674.0,92.35,78.22,82.31,0.0,0.0,1.0,80.0,0.41699801757812494,True,REGULAR,USD,call,2026-09-30,0.038356164383561646,754.0499877929688,80.265,0.05095620756244943,0.8938399455090937
SPY260930C00675000,2026-09-14 15:50:15+00:00,675.0,86.85,77.23,81.2,0.0,0.0,3.0,424.0,0.4076597320556641,True,REGULAR,USD,call,2026-09-30,0.038356164383561646,754.0499877929688,79.215,0.05011677081360852,0.8951661175350717
SPY260930C00676000,2026-09-15 13:32:58+00:00,676.0,83.52,76.23,80.2,0.0,0.0,4.0,43.0,0.40344834838867194,True,REGULAR,USD,call,2026-09-30,0.038356164383561646,754.0499877929688,78.215,0.05075752732851753,0.8964922895610495
SPY260930C00677000,2026-09-04 17:30:30+00:00,677.0,93.57,75.24,79.32,0.0,0.0,4.0,274.0,0.40479110839843746,True,REGULAR,USD,call,2026-09-30,0.038356164383561646,754.0499877929688,77.28,0.052795031055900596,0.8978184615870274
SPY260930C00678000,2026-09-04 17:30:29+00:00,678.0,92.57,74.24,78.32,0.0,0.0,4.0,29.0,0.4005797247314453,True,REGULAR,USD,call,2026-09-30,0.038356164383561646,754.0499877929688,76.28,0.05348715259570003,0.8991446336130053
SPY260930C00679000,2026-09-04 17:30:29+00:00,679.0,91.58,73.24,77.33,0.0,0.0,4.0,89.0,0.39679558288574224,True,REGULAR,USD,call,2026-09-30,0.038356164383561646,754.0499877929688,75.285,0.05432689114697488,0.9004708056389832
SPY260930C00680000,2026-09-14 15:09:53+00:00,680.0,80.19,72.24,76.33,0.0,0.0,4.0,1382.0,0.39258419921875,True,REGULAR,USD,call,2026-09-30,0.038356164383561646,754.0499877929688,74.285,0.05505822171367037,0.901796977664961
SPY260930C00681000,2026-09-16 14:47:51+00:00,681.0,78.84,71.25,75.34,-13.080002,-14.229768,1.0,40.0,0.3888000573730469,True,REGULAR,USD,call,2026-09-30,0.038356164383561646,754.0499877929688,73.295,0.05580189644586948,0.903123149690939
SPY260930C00682000,2026-09-16 14:41:28+00:00,682.0,77.66,70.25,74.34,1.0200043,1.3309033,1.0,139.0,0.3845276391601562,True,REGULAR,USD,call,2026-09-30,0.038356164383561646,754.0499877929688,72.295,0.05657376028771012,0.9044493217169168
SPY260930C00683000,2026-09-14 19:46:55+00:00,683.0,79.55,69.26,73.35,0.0,0.0,1.0,155.0,0.3807434973144531,True,REGULAR,USD,call,2026-09-30,0.038356164383561646,754.0499877929688,71.305,0.05735923147044371,0.9057754937428947
SPY260930C00684000,2026-09-16 15:44:20+00:00,684.0,76.67,68.27,72.2,-9.93,-11.466513,1.0,60.0,0.37000141723632807,True,REGULAR,USD,call,2026-09-30,0.038356164383561646,754.0499877929688,70.235,0.05595500818680155,0.9071016657688726
SPY260930C00685000,2026-09-16 18:56:02+00:00,685.0,70.27,67.28,71.36,-2.1800003,-3.0089722,64.0,573.0,0.3726869372558594,True,REGULAR,USD,call,2026-09-30,0.038356164383561646,754.0499877929688,69.32,0.058857472590882844,0.9084278377948505
SPY260930C00686000,2026-09-11 15:44:04+00:00,686.0,80.6,66.28,70.37,0.0,0.0,1.0,105.0,0.3688417608642578,True,REGULAR,USD,call,2026-09-30,0.038356164383561646,754.0499877929688,68.325,0.059860958653494376,0.9097540098208283
SPY260930C00687000,2026-09-04 17:30:28+00:00,687.0,83.62,65.29,69.38,0.0,0.0,4.0,194.0,0.36499658447265626,True,REGULAR,USD,call,2026-09-30,0.038356164383561646,754.0499877929688,67.33500000000001,0.060741070765574945,0.9110801818468063
SPY260930C00688000,2026-09-16 19:40:37+00:00,688.0,64.57,64.3,68.39,-10.050003,-13.468243,1.0,83.0,0.3611514080810546,True,REGULAR,USD,call,2026-09-30,0.038356164383561646,754.0499877929688,66.345,0.061647448941141055,0.9124063538727841
SPY260930C00689000,2026-09-16 16:33:26+00:00,689.0,71.35,63.3,67.4,0.26999664,0.37984896,2.0,168.0,0.3573062316894531,True,REGULAR,USD,call,2026-09-30,0.038356164383561646,754.0499877929688,65.35,0.06273909716908965,0.913732525898762
SPY260930C00690000,2026-09-16 19:40:37+00:00,690.0,62.51,62.31,66.41,-5.2599983,-7.761544,1.0,697.0,0.3534000207519531,True,REGULAR,USD,call,2026-09-30,0.038356164383561646,754.0499877929688,64.36,0.06370416407706642,0.9150586979247399
SPY260930C00691000,2026-09-16 16:33:26+00:00,691.0,69.33,61.32,65.42,-1.2699966,-1.7988621,1.0,306.0,0.3494938098144531,True,REGULAR,USD,call,2026-09-30,0.038356164383561646,754.0499877929688,63.370000000000005,0.06469938456682975,0.9163848699507178
SPY260930C00692000,2026-09-15 14:31:52+00:00,692.0,66.0,60.33,64.43,0.0,0.0,1.0,11.0,0.3455875988769531,True,REGULAR,USD,call,2026-09-30,0.038356164383561646,754.0499877929688,62.38,0.06572619429304277,0.9177110419766956
SPY260930C00693000,2026-09-08 19:51:25+00:00,693.0,74.04,59.34,63.44,0.0,0.0,1.0,2.0,0.34168138793945313,True,REGULAR,USD,call,2026-09-30,0.038356164383561646,754.0499877929688,61.39,0.06678612151816248,0.9190372140026736
SPY260930C00694000,2026-09-04 17:30:27+00:00,694.0,76.66,58.35,62.45,0.0,0.0,4.0,6.0,0.33777517700195314,True,REGULAR,USD,call,2026-09-30,0.038356164383561646,754.0499877929688,60.400000000000006,0.06788079470198677,0.9203633860286514
SPY260930C00695000,2026-09-16 15:52:34+00:00,695.0,61.34,57.36,61.46,-1.3499985,-2.1534512,10.0,745.0,0.33386896606445315,True,REGULAR,USD,call,2026-09-30,0.038356164383561646,754.0499877929688,59.41,0.06901195085002527,0.9216895580546293
SPY260930C00696000,2026-09-04 17:30:27+00:00,696.0,74.69,56.38,60.48,0.0,0.0,4.0,7.0,0.3303289624023437,True,REGULAR,USD,call,2026-09-30,0.038356164383561646,754.0499877929688,58.43,0.07016943351018302,0.9230157300806072
SPY260930C00697000,2026-09-09 14:44:02+00:00,697.0,67.56,55.39,59.49,0.0,0.0,2.0,0.0,0.3263006823730469,True,REGULAR,USD,call,2026-09-30,0.038356164383561646,754.0499877929688,57.44,0.07137883008356549,0.9243419021065851
SPY260930C00698000,2026-09-04 17:30:27+00:00,698.0,72.72,54.4,58.51,0.0,0.0,4.0,22.0,0.3227606787109374,True,REGULAR,USD,call,2026-09-30,0.038356164383561646,754.0499877929688,56.455,0.07280134620494198,0.925668074132563
SPY260930C00699000,2026-09-14 15:57:20+00:00,699.0,63.64,53.42,57.52,0.0,0.0,1705.0,859.0,0.31873239868164055,True,REGULAR,USD,call,2026-09-30,0.038356164383561646,754.0499877929688,55.47,0.07391382729403284,0.9269942461585409
SPY260930C00700000,2026-09-16 19:45:28+00:00,700.0,52.86,52.44,56.5,-5.34,-9.175258,55.0,2448.0,0.3136054968261719,True,REGULAR,USD,call,2026-09-30,0.038356164383561646,754.0499877929688,54.47,0.07453644207820823,0.9283204181845187
SPY260930C00701000,2026-09-16 14:20:32+00:00,701.0,58.79,51.46,55.56,-4.2700005,-6.77133,302.0,10.0,0.3114692877197265,True,REGULAR,USD,call,2026-09-30,0.038356164383561646,754.0499877929688,53.510000000000005,0.0766211923005046,0.9296465902104967
SPY260930C00702000,2026-09-16 19:33:39+00:00,702.0,50.25,50.53,54.32,-6.419998,-11.328742,1.0,44.0,0.298285825805664,True,REGULAR,USD,call,2026-09-30,0.038356164383561646,754.0499877929688,52.425,0.07229375298044825,0.9309727622364745
SPY260930C00703000,2026-09-14 15:30:48+00:00,703.0,57.48,49.56,53.34,0.0,0.0,153.0,73.0,0.2946847875976562,True,REGULAR,USD,call,2026-09-30,0.038356164383561646,754.0499877929688,51.45,0.07346938775510206,0.9322989342624524
SPY260930C00704000,2026-09-16 14:50:48+00:00,704.0,56.07,48.58,52.37,1.3100014,2.3922596,6.0,37.0,0.2914499566650389,True,REGULAR,USD,call,2026-09-30,0.038356164383561646,754.0499877929688,50.474999999999994,0.07508667657256067,0.9336251062884303
SPY260930C00705000,2026-09-16 18:58:22+00:00,705.0,50.18,47.73,49.85,-6.1399994,-10.901988,4.0,1040.0,0.21985643432617186,True,REGULAR,USD,call,2026-09-30,0.038356164383561646,754.0499877929688,48.79,0.043451526952244406,0.9349512783144082
SPY260930C00706000,2026-09-09 13:39:57+00:00,706.0,58.97,46.76,48.86,0.0,0.0,2.0,11.0,0.21680470703125,True,REGULAR,USD,call,2026-09-30,0.038356164383561646,754.0499877929688,47.81,0.04392386530014644,0.936277450340386
SPY260930C00707000,2026-09-16 19:56:59+00:00,707.0,47.72,45.8,47.98,-4.84,-9.208524,5.0,17.0,0.21973436523437498,True,REGULAR,USD,call,2026-09-30,0.038356164383561646,754.0499877929688,46.89,0.04649178929409255,0.937603622366364
SPY260930C00708000,2026-09-14 15:05:20+00:00,708.0,51.88,44.82,47.01,0.0,0.0,2514.0,1271.0,0.21753712158203126,True,REGULAR,USD,call,2026-09-30,0.038356164383561646,754.0499877929688,45.915,0.04769683110094736,0.9389297943923418
SPY260930C00709000,2026-09-16 14:13:06+00:00,709.0,50.69,43.85,47.05,-2.6800003,-5.0215483,2.0,7.0,0.25818612915039063,True,REGULAR,USD,call,2026-09-30,0.038356164383561646,754.0499877929688,45.45,0.0704070407040703,0.9402559664183197
SPY260930C00710000,2026-09-16 18:57:53+00:00,710.0,44.75,42.91,46.08,-3.209999,-6.6930757,205.0,926.0,0.25501233276367197,True,REGULAR,USD,call,2026-09-30,0.038356164383561646,754.0499877929688,44.495,0.07124395999550516,0.9415821384442976
SPY260930C00711000,2026-09-10 15:01:38+00:00,711.0,49.48,41.93,44.99,0.0,0.0,198.0,118.0,0.2474440490722656,True,REGULAR,USD,call,2026-09-30,0.038356164383561646,754.0499877929688,43.46,0.07040957202024856,0.9429083104702755
SPY260930C00712000,2026-09-16 13:44:02+00:00,712.0,47.39,40.97,44.18,-5.7700005,-10.854027,224.0,8.0,0.24988543090820312,True,REGULAR,USD,call,2026-09-30,0.038356164383561646,754.0499877929688,42.575,0.07539635936582503,0.9442344824962533
SPY260930C00713000,2026-09-15 18:14:33+00:00,713.0,45.65,40.01,42.12,0.0,0.0,200.0,273.0,0.2038043487548828,True,REGULAR,USD,call,2026-09-30,0.038356164383561646,754.0499877929688,41.065,0.05138195543650309,0.9455606545222313
SPY260930C00714000,2026-09-16 17:09:36+00:00,714.0,46.19,39.06,42.19,-1.9400024,-4.030755,3.0,11.0,0.24146266357421875,True,REGULAR,USD,call,2026-09-30,0.038356164383561646,754.0499877929688,40.625,0.07704615384615374,0.9468868265482091
SPY260930C00715000,2026-09-16 15:14:15+00:00,715.0,46.03,38.11,40.19,3.2399979,7.5718575,3.0,2049.0,0.1991046887207031,True,REGULAR,USD,call,2026-09-30,0.038356164383561646,754.0499877929688,39.15,0.0531289910600255,0.948212998574187
SPY260930C00716000,2026-09-16 18:41:56+00:00,716.0,40.8,37.17,39.31,-4.869999,-10.663453,41.0,323.0,0.20032537963867186,True,REGULAR,USD,call,2026-09-30,0.038356164383561646,754.0499877929688,38.24,0.055962343096234324,0.9495391706001649
SPY260930C00717000,2026-09-15 14:15:32+00:00,717.0,42.0,37.12,39.34,0.0,0.0,4.0,176.0,0.23316196533203126,True,REGULAR,USD,call,2026-09-30,0.038356164383561646,754.0499877929688,38.230000000000004,0.05806957886476604,0.9508653426261428
SPY260930C00718000,2026-09-15 13:35:03+00:00,718.0,41.96,35.81,37.41,0.0,0.0,2.0,601.0,0.19617503051757812,True,REGULAR,USD,call,2026-09-30,0.038356164383561646,754.0499877929688,36.61,0.04370390603660187,0.9521915146521206
SPY260930C00719000,2026-09-16 19:15:53+00:00,719.0,33.87,35.64,36.47,-13.34,-28.256725,229.0,151.0,0.19440502868652343,True,REGULAR,USD,call,2026-09-30,0.038356164383561646,754.0499877929688,36.055,0.02302038552211894,0.9535176866780986
SPY260930C00720000,2026-09-16 20:10:58+00:00,720.0,35.2,34.84,35.53,-2.6800003,-7.074974,9.0,1953.0,0.1925129577636719,True,REGULAR,USD,call,2026-09-30,0.038356164383561646,754.0499877929688,35.185,0.019610629529629036,0.9548438587040764
SPY260930C00721000,2026-09-16 19:04:48+00:00,721.0,34.78,33.27,34.6,-4.5600014,-11.591259,212.0,1265.0,0.19080399047851562,True,REGULAR,USD,call,2026-09-30,0.038356164383561646,754.0499877929688,33.935,0.039192574038603156,0.9561700307300544
SPY260930C00722000,2026-09-16 17:45:09+00:00,722.0,38.23,32.9,33.67,1.9099998,5.25881,4.0,485.0,0.1889729541015625,True,REGULAR,USD,call,2026-09-30,0.038356164383561646,754.0499877929688,33.285,0.023133543638275595,0.9574962027560322
SPY260930C00723000,2026-09-16 19:17:56+00:00,723.0,30.04,32.01,32.74,-5.7199974,-15.99552,200.0,556.0,0.18708088317871097,True,REGULAR,USD,call,2026-09-30,0.038356164383561646,754.0499877929688,32.375,0.02254826254826267,0.95882237478201
SPY260930C00724000,2026-09-16 18:55:21+00:00,724.0,32.69,31.09,31.82,-10.48,-24.27612,200.0,677.0,0.18537191589355467,True,REGULAR,USD,call,2026-09-30,0.038356164383561646,754.0499877929688,31.455,0.023207757113336527,0.960148546807988
SPY260930C00725000,2026-09-16 19:10:28+00:00,725.0,29.65,29.98,30.92,-3.83,-11.439666,1.0,1944.0,0.18415122497558595,True,REGULAR,USD,call,2026-09-30,0.038356164383561646,754.0499877929688,30.450000000000003,0.030870279146141256,0.9614747188339658
SPY260930C00726000,2026-09-16 19:58:57+00:00,726.0,29.52,29.24,30.01,-2.829998,-8.748063,9.0,745.0,0.18244225769042968,True,REGULAR,USD,call,2026-09-30,0.038356164383561646,754.0499877929688,29.625,0.025991561181434704,0.9628008908599437
SPY260930C00727000,2026-09-16 18:37:05+00:00,727.0,31.52,28.36,29.1,1.2700005,4.1983485,6.0,798.0,0.1805501867675781,True,REGULAR,USD,call,2026-09-30,0.038356164383561646,754.0499877929688,28.73,0.02575704838148284,0.9641270628859216
SPY260930C00728000,2026-09-16 18:45:13+00:00,728.0,32.36,27.45,28.13,0.94000053,2.9917266,403.0,774.0,0.17688811401367188,True,REGULAR,USD,call,2026-09-30,0.038356164383561646,754.0499877929688,27.79,0.024469233537243604,0.9654532349118995
SPY260930C00729000,2026-09-15 13:32:34+00:00,729.0,31.75,26.29,27.31,0.0,0.0,2.0,565.0,0.17731535583496094,True,REGULAR,USD,call,2026-09-30,0.038356164383561646,754.0499877929688,26.799999999999997,0.038059701492537304,0.9667794069378773
SPY260930C00730000,2026-09-16 19:48:16+00:00,730.0,25.34,25.69,26.43,-3.7199993,-12.8011,10.0,6273.0,0.17585052673339846,True,REGULAR,USD,call,2026-09-30,0.038356164383561646,754.0499877929688,26.060000000000002,0.02839600920951644,0.9681055789638553
SPY260930C00731000,2026-09-16 19:57:53+00:00,731.0,24.97,24.85,25.53,-5.300001,-17.509089,1.0,1134.0,0.17368380035400394,True,REGULAR,USD,call,2026-09-30,0.038356164383561646,754.0499877929688,25.19,0.026994839221913446,0.9694317509898331
SPY260930C00732000,2026-09-16 19:48:16+00:00,732.0,23.6,24.01,24.66,-3.7999992,-13.868611,51.0,1005.0,0.17212741943359378,True,REGULAR,USD,call,2026-09-30,0.038356164383561646,754.0499877929688,24.335,0.026710499280871113,0.970757923015811
SPY260930C00733000,2026-09-16 18:32:23+00:00,733.0,26.95,23.16,23.8,-3.289999,-10.879626,199.0,941.0,0.17069310760498052,True,REGULAR,USD,call,2026-09-30,0.038356164383561646,754.0499877929688,23.48,0.027257240204429326,0.9720840950417889
SPY260930C00734000,2026-09-16 20:04:12+00:00,734.0,22.81,22.4,22.88,-2.6900005,-10.549022,6.0,737.0,0.1676108630371094,True,REGULAR,USD,call,2026-09-30,0.038356164383561646,754.0499877929688,22.64,0.021201413427561856,0.9734102670677668
SPY260930C00735000,2026-09-16 20:01:35+00:00,735.0,21.8,21.54,22.11,-2.8400002,-11.525974,99.0,1871.0,0.16791603576660158,True,REGULAR,USD,call,2026-09-30,0.038356164383561646,754.0499877929688,21.825,0.026116838487972523,0.9747364390937446
SPY260930C00736000,2026-09-16 19:29:40+00:00,736.0,18.85,20.73,21.27,-4.51,-19.306507,65.0,775.0,0.16632913757324225,True,REGULAR,USD,call,2026-09-30,0.038356164383561646,754.0499877929688,21.0,0.025714285714285672,0.9760626111197226
SPY260930C00737000,2026-09-16 14:43:04+00:00,737.0,18.17,19.93,20.43,-5.26,-22.44985,4.0,600.0,0.16458965301513673,True,REGULAR,USD,call,2026-09-30,0.038356164383561646,754.0499877929688,20.18,0.024777006937561942,0.9773887831457004
SPY260930C00738000,2026-09-16 19:59:18+00:00,738.0,19.32,19.08,19.61,-2.880001,-12.972978,26.0,367.0,0.1630637893676758,True,REGULAR,USD,call,2026-09-30,0.038356164383561646,754.0499877929688,19.345,0.027397260273972664,0.9787149551716783
SPY260930C00739000,2026-09-16 14:30:51+00:00,739.0,22.49,18.28,18.79,1.0200005,4.7508173,2.0,304.0,0.1613243048095703,True,REGULAR,USD,call,2026-09-30,0.038356164383561646,754.0499877929688,18.535,0.02751551119503631,0.9800411271976562
SPY260930C00740000,2026-09-16 19:58:09+00:00,740.0,17.56,17.53,17.94,-3.6200008,-17.0916,563.0,2443.0,0.1587913711547852,True,REGULAR,USD,call,2026-09-30,0.038356164383561646,754.0499877929688,17.735,0.023118127995489155,0.9813672992236341
SPY260930C00741000,2026-09-16 20:01:33+00:00,741.0,16.91,16.7,17.13,-2.8500004,-14.423079,44.0,610.0,0.1568687829589844,True,REGULAR,USD,call,2026-09-30,0.038356164383561646,754.0499877929688,16.915,0.02542122376588825,0.9826934712496119
SPY260930C00742000,2026-09-16 19:56:29+00:00,742.0,16.02,15.98,16.32,-3.1299992,-16.344643,117.0,1576.0,0.1547630911254883,True,REGULAR,USD,call,2026-09-30,0.038356164383561646,754.0499877929688,16.15,0.02105263157894736,0.9840196432755899
SPY260930C00743000,2026-09-16 20:01:34+00:00,743.0,15.35,15.18,15.6,-6.8899994,-30.980213,73.0,931.0,0.15418326293945314,True,REGULAR,USD,call,2026-09-30,0.038356164383561646,754.0499877929688,15.39,0.027290448343079917,0.9853458153015677
SPY260930C00744000,2026-09-16 20:00:30+00:00,744.0,14.7,14.45,14.78,-2.5500002,-14.78261,57.0,699.0,0.15143670837402345,True,REGULAR,USD,call,2026-09-30,0.038356164383561646,754.0499877929688,14.614999999999998,0.022579541566883347,0.9866719873275457
SPY260930C00745000,2026-09-16 20:02:41+00:00,745.0,13.8,13.78,14.05,-2.4700003,-15.181316,67.0,4648.0,0.15015498291015628,True,REGULAR,USD,call,2026-09-30,0.038356164383561646,754.0499877929688,13.915,0.01940352137980606,0.9879981593535235
SPY260930C00746000,2026-09-16 19:56:48+00:00,746.0,13.06,12.98,13.21,-3.1999998,-19.680195,3.0,775.0,0.14658446197509767,True,REGULAR,USD,call,2026-09-30,0.038356164383561646,754.0499877929688,13.095,0.017563955708285638,0.9893243313795014
SPY260930C00747000,2026-09-16 19:13:15+00:00,747.0,11.13,12.27,12.55,-3.63,-24.593496,9.0,945.0,0.14606566833496093,True,REGULAR,USD,call,2026-09-30,0.038356164383561646,754.0499877929688,12.41,0.022562449637389292,0.9906505034054793
SPY260930C00748000,2026-09-16 20:05:59+00:00,748.0,11.74,11.56,11.96,-2.4400005,-17.207338,442.0,302.0,0.14649291015625,True,REGULAR,USD,call,2026-09-30,0.038356164383561646,754.0499877929688,11.760000000000002,0.034013605442176895,0.9919766754314572
SPY260930C00749000,2026-09-16 20:07:51+00:00,749.0,11.01,10.91,11.15,-2.5,-18.50481,414.0,315.0,0.1427698028564453,True,REGULAR,USD,call,2026-09-30,0.038356164383561646,754.0499877929688,11.030000000000001,0.021758839528558494,0.993302847457435
SPY260930C00750000,2026-09-16 20:10:00+00:00,750.0,10.4,10.35,10.5,-2.88,-21.686747,1070.0,4746.0,0.14154911193847658,True,REGULAR,USD,call,2026-09-30,0.038356164383561646,754.0499877929688,10.425,0.014388489208633127,0.994629019483413
SPY260930C00751000,2026-09-16 20:12:22+00:00,751.0,9.65,9.6,9.83,-2.2700005,-19.043629,375.0,855.0,0.1396875582885742,True,REGULAR,USD,call,2026-09-30,0.038356164383561646,754.0499877929688,9.715,0.02367472979927951,0.9959551915093908
SPY260930C00752000,2026-09-16 20:11:38+00:00,752.0,9.11,9.1,9.16,-2.1100006,-18.80571,330.0,573.0,0.1375513491821289,True,REGULAR,USD,call,2026-09-30,0.038356164383561646,754.0499877929688,9.129999999999999,0.006571741511500603,0.9972813635353687
SPY260930C00753000,2026-09-16 20:11:18+00:00,753.0,8.48,8.5,8.53,-2.0300007,-19.314943,645.0,431.0,0.13575083007812502,True,REGULAR,USD,call,2026-09-30,0.038356164383561646,754.0499877929688,8.515,0.003523194362888944,0.9986075355613466
SPY260930C00754000,2026-09-16 20:14:08+00:00,754.0,7.89,7.9,7.94,-2.4100003,-23.39806,428.0,468.0,0.13431651824951174,True,REGULAR,USD,call,2026-09-30,0.038356164383561646,754.0499877929688,7.92,0.005050505050505055,0.9999337075873245
SPY260930C00755000,2026-09-16 20:12:54+00:00,755.0,7.35,7.33,7.36,-2.4,-24.615387,1407.0,3141.0,0.13272962005615235,False,REGULAR,USD,call,2026-09-30,0.038356164383561646,754.0499877929688,7.345000000000001,0.004084411164057215,1.0012598796133023
SPY260930C00756000,2026-09-16 20:10:02+00:00,756.0,6.77,6.77,6.79,-2.3200002,-25.522554,386.0,1066.0,0.13095961822509766,False,REGULAR,USD,call,2026-09-30,0.038356164383561646,754.0499877929688,6.779999999999999,0.0029498525073746997,1.0025860516392802
SPY260930C00757000,2026-09-16 20:00:48+00:00,757.0,6.26,6.23,6.28,-2.3400002,-27.209303,866.0,1007.0,0.12983047912597656,False,REGULAR,USD,call,2026-09-30,0.038356164383561646,754.0499877929688,6.255000000000001,0.007993605115907245,1.0039122236652582
SPY260930C00758000,2026-09-16 20:14:28+00:00,758.0,5.73,5.74,5.75,-2.27,-28.375,935.0,972.0,0.12799944274902342,False,REGULAR,USD,call,2026-09-30,0.038356164383561646,754.0499877929688,5.745,0.0017406440382941317,1.005238395691236
SPY260930C00759000,2026-09-16 20:09:38+00:00,759.0,5.25,5.25,5.27,-2.02,-27.78542,346.0,1744.0,0.12662616546630856,False,REGULAR,USD,call,2026-09-30,0.038356164383561646,754.0499877929688,5.26,0.003802281368821212,1.006564567717214
SPY260930C00760000,2026-09-16 20:14:08+00:00,760.0,4.79,4.79,4.82,-2.0100002,-29.558826,5069.0,3712.0,0.12540547454833983,False,REGULAR,USD,call,2026-09-30,0.038356164383561646,754.0499877929688,4.805,0.00624349635796051,1.0078907397431918
SPY260930C00761000,2026-09-16 20:14:06+00:00,761.0,4.35,4.36,4.39,-1.77,-28.92157,559.0,5355.0,0.12412374908447266,False,REGULAR,USD,call,2026-09-30,0.038356164383561646,754.0499877929688,4.375,0.006857142857142711,1.0092169117691696
SPY260930C00762000,2026-09-16 20:14:12+00:00,762.0,3.95,3.94,3.98,-1.3500001,-25.4717,485.0,2221.0,0.12281150634765625,False,REGULAR,USD,call,2026-09-30,0.038356164383561646,754.0499877929688,3.96,0.01010101010101011,1.0105430837951475
SPY260930C00763000,2026-09-16 20:13:08+00:00,763.0,3.57,3.58,3.6,-1.53,-30.0,450.0,1017.0,0.12162133270263673,False,REGULAR,USD,call,2026-09-30,0.038356164383561646,754.0499877929688,3.59,0.005571030640668529,1.0118692558211255
SPY260930C00764000,2026-09-16 20:04:14+00:00,764.0,3.21,3.2,3.24,-1.5900002,-33.125,518.0,1321.0,0.12037012451171875,False,REGULAR,USD,call,2026-09-30,0.038356164383561646,754.0499877929688,3.22,0.012422360248447215,1.0131954278471034
SPY260930C00765000,2026-09-16 20:14:48+00:00,765.0,2.89,2.87,2.89,-1.4599998,-33.563217,4148.0,4386.0,0.1188442608642578,False,REGULAR,USD,call,2026-09-30,0.038356164383561646,754.0499877929688,2.88,0.006944444444444451,1.0145215998730812
SPY260930C00766000,2026-09-16 20:14:33+00:00,766.0,2.58,2.57,2.58,-1.04,-28.729282,407.0,1708.0,0.1176846044921875,False,REGULAR,USD,call,2026-09-30,0.038356164383561646,754.0499877929688,2.575,0.0038834951456311576,1.015847771899059
SPY260930C00767000,2026-09-16 20:05:08+00:00,767.0,2.23,2.28,2.29,-1.22,-35.36232,212.0,1547.0,0.11646391357421876,False,REGULAR,USD,call,2026-09-30,0.038356164383561646,754.0499877929688,2.285,0.00437636761487975,1.017173943925037
SPY260930C00768000,2026-09-16 20:14:15+00:00,768.0,2.03,2.02,2.03,-0.8299999,-29.020977,136.0,1540.0,0.11542632629394532,False,REGULAR,USD,call,2026-09-30,0.038356164383561646,754.0499877929688,2.025,0.0049382716049381666,1.0185001159510148
SPY260930C00769000,2026-09-16 20:05:22+00:00,769.0,1.81,1.78,1.81,-0.86000013,-32.209743,179.0,2463.0,0.11487701538085937,False,REGULAR,USD,call,2026-09-30,0.038356164383561646,754.0499877929688,1.795,0.016713091922005586,1.0198262879769928
SPY260930C00770000,2026-09-16 20:14:33+00:00,770.0,1.58,1.57,1.6,-0.93999994,-37.301586,3247.0,5599.0,0.11414460083007813,False,REGULAR,USD,call,2026-09-30,0.038356164383561646,754.0499877929688,1.585,0.0189274447949527,1.0211524600029707
SPY260930C00771000,2026-09-16 20:05:26+00:00,771.0,1.3,1.37,1.39,-0.93000007,-41.70404,509.0,1487.0,0.11286287536621094,False,REGULAR,USD,call,2026-09-30,0.038356164383561646,754.0499877929688,1.38,0.014492753623188259,1.0224786320289485
SPY260930C00772000,2026-09-16 20:10:18+00:00,772.0,1.21,1.2,1.21,-0.7099999,-36.979164,1057.0,1950.0,0.11194735717773435,False,REGULAR,USD,call,2026-09-30,0.038356164383561646,754.0499877929688,1.205,0.008298755186721999,1.0238048040549264
SPY260930C00773000,2026-09-16 20:14:53+00:00,773.0,1.05,1.04,1.05,-0.6700001,-38.95349,558.0,2580.0,0.1110318389892578,False,REGULAR,USD,call,2026-09-30,0.038356164383561646,754.0499877929688,1.045,0.00956937799043063,1.0251309760809042
SPY260930C00774000,2026-09-16 20:14:22+00:00,774.0,0.91,0.91,0.92,-0.59999996,-39.735096,387.0,1376.0,0.11066563171386719,False,REGULAR,USD,call,2026-09-30,0.038356164383561646,754.0499877929688,0.915,0.010928961748633888,1.026457148106882
SPY260930C00775000,2026-09-16 20:14:36+00:00,775.0,0.78,0.78,0.81,-0.53,-40.458015,7404.0,15967.0,0.11054356262207031,False,REGULAR,USD,call,2026-09-30,0.038356164383561646,754.0499877929688,0.795,0.03773584905660381,1.0277833201328601
SPY260930C00776000,2026-09-16 20:11:31+00:00,776.0,0.67,0.68,0.7,-0.46999997,-41.228065,435.0,1047.0,0.10999425170898436,False,REGULAR,USD,call,2026-09-30,0.038356164383561646,754.0499877929688,0.69,0.02898550724637668,1.029109492158838
SPY260930C00777000,2026-09-16 20:10:26+00:00,777.0,0.59,0.59,0.6,-0.38000005,-39.17526,713.0,3382.0,0.10926183715820312,False,REGULAR,USD,call,2026-09-30,0.038356164383561646,754.0499877929688,0.595,0.016806722689075647,1.0304356641848158
SPY260930C00778000,2026-09-16 20:08:03+00:00,778.0,0.47,0.51,0.52,-0.35,-42.682926,1416.0,2479.0,0.10901769897460936,False,REGULAR,USD,call,2026-09-30,0.038356164383561646,754.0499877929688,0.515,0.019417475728155355,1.0317618362107936
SPY260930C00779000,2026-09-16 20:08:20+00:00,779.0,0.42,0.44,0.45,-0.27,-39.130436,9965.0,1387.0,0.10883459533691406,False,REGULAR,USD,call,2026-09-30,0.038356164383561646,754.0499877929688,0.445,0.02247191011235957,1.0330880082367715
SPY260930C00780000,2026-09-16 20:13:16+00:00,780.0,0.37,0.38,0.39,-0.25,-40.32258,19145.0,16972.0,0.10877356079101563,False,REGULAR,USD,call,2026-09-30,0.038356164383561646,754.0499877929688,0.385,0.025974025974025997,1.0344141802627496
SPY260930C00781000,2026-09-16 19:54:15+00:00,781.0,0.31,0.33,0.34,-0.16999999,-35.416664,240.0,2284.0,0.1088956298828125,False,REGULAR,USD,call,2026-09-30,0.038356164383561646,754.0499877929688,0.335,0.02985074626865674,1.0357403522887274
SPY260930C00782000,2026-09-16 19:58:29+00:00,782.0,0.26,0.29,0.3,-0.120000005,-31.578947,2254.0,1565.0,0.10926183715820312,False,REGULAR,USD,call,2026-09-30,0.038356164383561646,754.0499877929688,0.295,0.0338983050847458,1.0370665243147053
SPY260930C00783000,2026-09-16 19:46:49+00:00,783.0,0.19,0.25,0.26,-0.13,-40.625,498.0,1157.0,0.10938390625,False,REGULAR,USD,call,2026-09-30,0.038356164383561646,754.0499877929688,0.255,0.03921568627450984,1.038392696340683
SPY260930C00784000,2026-09-16 20:11:12+00:00,784.0,0.21,0.22,0.23,-0.10000001,-32.258068,863.0,1640.0,0.1098721826171875,False,REGULAR,USD,call,2026-09-30,0.038356164383561646,754.0499877929688,0.225,0.04444444444444448,1.039718868366661
SPY260930C00785000,2026-09-16 19:55:34+00:00,785.0,0.19,0.19,0.2,-0.060000002,-24.0,1726.0,5090.0,0.11011632080078124,False,REGULAR,USD,call,2026-09-30,0.038356164383561646,754.0499877929688,0.195,0.05128205128205133,1.0410450403926388
SPY260930C00786000,2026-09-16 20:06:45+00:00,786.0,0.16,0.16,0.17,-0.08,-33.333336,1192.0,21388.0,0.1098721826171875,False,REGULAR,USD,call,2026-09-30,0.038356164383561646,754.0499877929688,0.165,0.060606060606060656,1.0423712124186169
SPY260930C00787000,2026-09-16 19:59:30+00:00,787.0,0.15,0.14,0.15,-0.049999997,-24.999998,292.0,2193.0,0.11036045898437499,False,REGULAR,USD,call,2026-09-30,0.038356164383561646,754.0499877929688,0.14500000000000002,0.06896551724137917,1.0436973844445947
SPY260930C00788000,2026-09-16 20:14:21+00:00,788.0,0.14,0.13,0.14,-0.030000001,-17.647058,510.0,1095.0,0.11182528808593749,False,REGULAR,USD,call,2026-09-30,0.038356164383561646,754.0499877929688,0.135,0.07407407407407414,1.0450235564705725
SPY260930C00789000,2026-09-16 19:31:21+00:00,789.0,0.09,0.11,0.12,-0.049999997,-35.714283,1625.0,1815.0,0.11182528808593749,False,REGULAR,USD,call,2026-09-30,0.038356164383561646,754.0499877929688,0.11499999999999999,0.0869565217391304,1.0463497284965504
SPY260930C00790000,2026-09-16 19:57:30+00:00,790.0,0.1,0.1,0.11,-0.04,-28.571428,734.0,12240.0,0.11304597900390626,False,REGULAR,USD,call,2026-09-30,0.038356164383561646,754.0499877929688,0.10500000000000001,0.09523809523809518,1.0476759005225282
SPY260930C00791000,2026-09-16 19:38:48+00:00,791.0,0.09,0.09,0.1,-0.019999996,-18.181814,70.0,1425.0,0.11426666992187501,False,REGULAR,USD,call,2026-09-30,0.038356164383561646,754.0499877929688,0.095,0.10526315789473693,1.049002072548506
SPY260930C00792000,2026-09-16 19:52:59+00:00,792.0,0.1,0.09,0.1,0.009999998,11.111108,218.0,1461.0,0.1167080517578125,False,REGULAR,USD,call,2026-09-30,0.038356164383561646,754.0499877929688,0.095,0.10526315789473693,1.0503282445744841
SPY260930C00793000,2026-09-16 19:59:30+00:00,793.0,0.09,0.08,0.09,0.0,0.0,51.0,1803.0,0.1176846044921875,False,REGULAR,USD,call,2026-09-30,0.038356164383561646,754.0499877929688,0.08499999999999999,0.11764705882352937,1.051654416600462
SPY260930C00794000,2026-09-16 19:41:29+00:00,794.0,0.07,0.08,0.09,0.0,0.0,1255.0,2290.0,0.12012598632812499,False,REGULAR,USD,call,2026-09-30,0.038356164383561646,754.0499877929688,0.08499999999999999,0.11764705882352937,1.0529805886264398
SPY260930C00795000,2026-09-16 20:03:05+00:00,795.0,0.08,0.07,0.08,0.009999998,14.285711,597.0,4863.0,0.1206142626953125,False,REGULAR,USD,call,2026-09-30,0.038356164383561646,754.0499877929688,0.07500000000000001,0.13333333333333325,1.0543067606524177
SPY260930C00796000,2026-09-16 19:36:39+00:00,796.0,0.05,0.07,0.08,-0.009999998,-16.666662,29.0,910.0,0.12305564453125001,False,REGULAR,USD,call,2026-09-30,0.038356164383561646,754.0499877929688,0.07500000000000001,0.13333333333333325,1.0556329326783955
SPY260930C00797000,2026-09-16 19:55:41+00:00,797.0,0.07,0.06,0.07,0.010000002,16.66667,22.0,879.0,0.1235439208984375,False,REGULAR,USD,call,2026-09-30,0.038356164383561646,754.0499877929688,0.065,0.15384615384615397,1.0569591047043734
SPY260930C00798000,2026-09-16 19:24:55+00:00,798.0,0.04,0.06,0.07,-0.010000002,-20.000002,20.0,1126.0,0.125985302734375,False,REGULAR,USD,call,2026-09-30,0.038356164383561646,754.0499877929688,0.065,0.15384615384615397,1.0582852767303514
SPY260930C00799000,2026-09-16 19:31:21+00:00,799.0,0.05,0.06,0.07,0.0,0.0,58.0,1318.0,0.127938408203125,False,REGULAR,USD,call,2026-09-30,0.038356164383561646,754.0499877929688,0.065,0.15384615384615397,1.0596114487563293
SPY260930C00800000,2026-09-16 20:04:49+00:00,800.0,0.06,0.05,0.06,0.009999998,19.999994,3882.0,61306.0,0.127938408203125,False,REGULAR,USD,call,2026-09-30,0.038356164383561646,754.0499877929688,0.055,0.18181818181818174,1.0609376207823071
SPY260930C00801000,2026-09-16 17:46:24+00:00,801.0,0.06,0.05,0.06,0.0,0.0,57.0,1734.0,0.13037979003906247,False,REGULAR,USD,call,2026-09-30,0.038356164383561646,754.0499877929688,0.055,0.18181818181818174,1.062263792808285
SPY260930C00802000,2026-09-16 17:56:05+00:00,802.0,0.06,0.05,0.06,0.009999998,19.999994,24.0,827.0,0.132821171875,False,REGULAR,USD,call,2026-09-30,0.038356164383561646,754.0499877929688,0.055,0.18181818181818174,1.0635899648342628
SPY260930C00803000,2026-09-16 18:11:48+00:00,803.0,0.05,0.05,0.06,-0.009999998,-16.666662,31.0,3059.0,0.13526255371093754,False,REGULAR,USD,call,2026-09-30,0.038356164383561646,754.0499877929688,0.055,0.18181818181818174,1.064916136860241
SPY260930P00540000,2026-09-16 19:57:42+00:00,540.0,0.06,0.05,0.06,-0.02,-25.0,6.0,1860.0,0.6054726953125001,False,REGULAR,USD,put,2026-09-30,0.038356164383561646,754.0499877929688,0.055,0.18181818181818174,0.7161328940280574
SPY260930P00545000,2026-09-16 18:18:31+00:00,545.0,0.04,0.05,0.06,-0.04,-50.0,2.0,784.0,0.5898478515625001,False,REGULAR,USD,put,2026-09-30,0.038356164383561646,754.0499877929688,0.055,0.18181818181818174,0.7227637541579467
SPY260930P00550000,2026-09-16 13:30:01+00:00,550.0,0.05,0.06,0.07,-0.040000003,-44.444447,4.0,1354.0,0.5839885351562499,False,REGULAR,USD,put,2026-09-30,0.038356164383561646,754.0499877929688,0.065,0.15384615384615397,0.7293946142878361
SPY260930P00555000,2026-09-10 13:51:15+00:00,555.0,0.12,0.06,0.07,0.0,0.0,1.0,1078.0,0.569340244140625,False,REGULAR,USD,put,2026-09-30,0.038356164383561646,754.0499877929688,0.065,0.15384615384615397,0.7360254744177256
SPY260930P00560000,2026-09-16 18:44:47+00:00,560.0,0.06,0.07,0.08,-0.040000003,-40.000004,14.0,1279.0,0.5625043750000001,False,REGULAR,USD,put,2026-09-30,0.038356164383561646,754.0499877929688,0.07500000000000001,0.13333333333333325,0.742656334547615
SPY260930P00565000,2026-09-16 18:44:46+00:00,565.0,0.06,0.07,0.08,-0.040000003,-40.000004,19.0,516.0,0.5468795312500001,False,REGULAR,USD,put,2026-09-30,0.038356164383561646,754.0499877929688,0.07500000000000001,0.13333333333333325,0.7492871946775044
SPY260930P00570000,2026-09-16 19:31:58+00:00,570.0,0.09,0.08,0.09,-0.019999996,-18.181814,17.0,1831.0,0.5380905566406251,False,REGULAR,USD,put,2026-09-30,0.038356164383561646,754.0499877929688,0.08499999999999999,0.11764705882352937,0.7559180548073938
SPY260930P00575000,2026-09-16 13:49:56+00:00,575.0,0.07,0.08,0.09,-0.04,-36.363636,20.0,1238.0,0.523442265625,False,REGULAR,USD,put,2026-09-30,0.038356164383561646,754.0499877929688,0.08499999999999999,0.11764705882352937,0.7625489149372833
SPY260930P00580000,2026-09-16 19:27:22+00:00,580.0,0.14,0.09,0.1,0.04,40.0,6.0,2484.0,0.5136767382812499,False,REGULAR,USD,put,2026-09-30,0.038356164383561646,754.0499877929688,0.095,0.10526315789473693,0.7691797750671727
SPY260930P00585000,2026-09-16 18:22:35+00:00,585.0,0.07,0.1,0.11,-0.020000003,-22.222223,1.0,715.0,0.5039112109375,False,REGULAR,USD,put,2026-09-30,0.038356164383561646,754.0499877929688,0.10500000000000001,0.09523809523809518,0.7758106351970621
SPY260930P00590000,2026-09-16 19:42:55+00:00,590.0,0.12,0.11,0.12,0.0,0.0,5.0,8418.0,0.49609878906250005,False,REGULAR,USD,put,2026-09-30,0.038356164383561646,754.0499877929688,0.11499999999999999,0.0869565217391304,0.7824414953269515
SPY260930P00594000,2026-09-11 16:15:26+00:00,594.0,0.1,0.11,0.12,0.0,0.0,2.0,224.0,0.48340360351562506,False,REGULAR,USD,put,2026-09-30,0.038356164383561646,754.0499877929688,0.11499999999999999,0.0869565217391304,0.787746183430863
SPY260930P00595000,2026-09-14 14:24:44+00:00,595.0,0.15,0.11,0.12,0.0,0.0,1.0,530.0,0.4804739453125,False,REGULAR,USD,put,2026-09-30,0.038356164383561646,754.0499877929688,0.11499999999999999,0.0869565217391304,0.789072355456841
SPY260930P00596000,2026-09-16 19:43:13+00:00,596.0,0.13,0.11,0.12,0.0,0.0,15.0,303.0,0.477544287109375,False,REGULAR,USD,put,2026-09-30,0.038356164383561646,754.0499877929688,0.11499999999999999,0.0869565217391304,0.7903985274828188
SPY260930P00597000,2026-09-14 18:58:16+00:00,597.0,0.13,0.12,0.13,0.0,0.0,112.0,20603.0,0.47852083984375,False,REGULAR,USD,put,2026-09-30,0.038356164383561646,754.0499877929688,0.125,0.08000000000000007,0.7917246995087966
SPY260930P00598000,2026-09-15 19:24:15+00:00,598.0,0.16,0.12,0.13,0.0,0.0,29.0,7024.0,0.47559118164062497,False,REGULAR,USD,put,2026-09-30,0.038356164383561646,754.0499877929688,0.125,0.08000000000000007,0.7930508715347746
SPY260930P00599000,2026-09-16 19:26:39+00:00,599.0,0.18,0.12,0.13,0.030000001,20.0,24.0,789.0,0.4726615234375,False,REGULAR,USD,put,2026-09-30,0.038356164383561646,754.0499877929688,0.125,0.08000000000000007,0.7943770435607524
SPY260930P00600000,2026-09-16 19:55:38+00:00,600.0,0.13,0.12,0.13,-0.02000001,-13.333339,38.0,29068.0,0.46973186523437505,False,REGULAR,USD,put,2026-09-30,0.038356164383561646,754.0499877929688,0.125,0.08000000000000007,0.7957032155867303
SPY260930P00601000,2026-09-15 14:57:38+00:00,601.0,0.16,0.12,0.13,0.0,0.0,26.0,694.0,0.46680220703125,False,REGULAR,USD,put,2026-09-30,0.038356164383561646,754.0499877929688,0.125,0.08000000000000007,0.7970293876127083
SPY260930P00602000,2026-09-16 18:38:52+00:00,602.0,0.12,0.13,0.14,-0.04,-25.0,15.0,155.0,0.467778759765625,False,REGULAR,USD,put,2026-09-30,0.038356164383561646,754.0499877929688,0.135,0.07407407407407414,0.7983555596386861
SPY260930P00603000,2026-09-08 20:02:59+00:00,603.0,0.15,0.13,0.14,0.0,0.0,133.0,389.0,0.46484910156250003,False,REGULAR,USD,put,2026-09-30,0.038356164383561646,754.0499877929688,0.135,0.07407407407407414,0.799681731664664
SPY260930P00604000,2026-09-09 14:09:06+00:00,604.0,0.16,0.13,0.14,0.0,0.0,2.0,156.0,0.46143116699218756,False,REGULAR,USD,put,2026-09-30,0.038356164383561646,754.0499877929688,0.135,0.07407407407407414,0.8010079036906419
SPY260930P00605000,2026-09-16 18:58:07+00:00,605.0,0.15,0.13,0.14,-0.019999996,-11.764703,43.0,624.0,0.4580132324218751,False,REGULAR,USD,put,2026-09-30,0.038356164383561646,754.0499877929688,0.135,0.07407407407407414,0.8023340757166197
SPY260930P00606000,2026-09-14 18:58:16+00:00,606.0,0.15,0.13,0.14,0.0,0.0,45.0,853.0,0.45508357421875,False,REGULAR,USD,put,2026-09-30,0.038356164383561646,754.0499877929688,0.135,0.07407407407407414,0.8036602477425977
SPY260930P00607000,2026-09-16 19:11:16+00:00,607.0,0.16,0.14,0.15,-0.02000001,-11.111116,52.0,54.0,0.45606012695312503,False,REGULAR,USD,put,2026-09-30,0.038356164383561646,754.0499877929688,0.14500000000000002,0.06896551724137917,0.8049864197685755
SPY260930P00608000,2026-09-16 19:11:17+00:00,608.0,0.17,0.14,0.15,-0.06999999,-29.166664,43.0,475.0,0.45264219238281256,False,REGULAR,USD,put,2026-09-30,0.038356164383561646,754.0499877929688,0.14500000000000002,0.06896551724137917,0.8063125917945534
SPY260930P00609000,2026-09-16 19:25:26+00:00,609.0,0.2,0.14,0.15,0.019999996,11.111108,36.0,229.0,0.4497125341796875,False,REGULAR,USD,put,2026-09-30,0.038356164383561646,754.0499877929688,0.14500000000000002,0.06896551724137917,0.8076387638205313
SPY260930P00610000,2026-09-16 19:25:27+00:00,610.0,0.2,0.14,0.15,0.019999996,11.111108,52.0,1306.0,0.446294599609375,False,REGULAR,USD,put,2026-09-30,0.038356164383561646,754.0499877929688,0.14500000000000002,0.06896551724137917,0.8089649358465092
SPY260930P00611000,2026-09-16 19:10:32+00:00,611.0,0.16,0.14,0.15,-0.09,-36.0,2.0,469.0,0.44336494140625,False,REGULAR,USD,put,2026-09-30,0.038356164383561646,754.0499877929688,0.14500000000000002,0.06896551724137917,0.810291107872487
SPY260930P00612000,2026-09-16 19:12:54+00:00,612.0,0.18,0.15,0.16,-0.00999999,-5.263153,126.0,312.0,0.44385321777343745,False,REGULAR,USD,put,2026-09-30,0.038356164383561646,754.0499877929688,0.155,0.06451612903225812,0.811617279898465
SPY260930P00613000,2026-09-16 19:17:01+00:00,613.0,0.19,0.15,0.16,0.060000002,46.153847,66.0,394.0,0.4409235595703125,False,REGULAR,USD,put,2026-09-30,0.038356164383561646,754.0499877929688,0.155,0.06451612903225812,0.8129434519244428
SPY260930P00614000,2026-09-16 19:17:02+00:00,614.0,0.19,0.15,0.16,0.0,0.0,78.0,101.0,0.437505625,False,REGULAR,USD,put,2026-09-30,0.038356164383561646,754.0499877929688,0.155,0.06451612903225812,0.8142696239504207
SPY260930P00615000,2026-09-16 19:56:17+00:00,615.0,0.15,0.15,0.16,-0.03999999,-21.052628,5.0,828.0,0.43457596679687505,False,REGULAR,USD,put,2026-09-30,0.038356164383561646,754.0499877929688,0.155,0.06451612903225812,0.8155957959763986
SPY260930P00616000,2026-09-16 19:32:25+00:00,616.0,0.18,0.16,0.17,-0.029999986,-14.285707,1.0,209.0,0.43457596679687505,False,REGULAR,USD,put,2026-09-30,0.038356164383561646,754.0499877929688,0.165,0.060606060606060656,0.8169219680023765
SPY260930P00617000,2026-09-16 18:52:13+00:00,617.0,0.14,0.16,0.17,-0.060000002,-30.0,3.0,347.0,0.43164630859375,False,REGULAR,USD,put,2026-09-30,0.038356164383561646,754.0499877929688,0.165,0.060606060606060656,0.8182481400283543
SPY260930P00618000,2026-09-16 18:41:25+00:00,618.0,0.14,0.16,0.17,-0.010000005,-6.6666694,103.0,186.0,0.428716650390625,False,REGULAR,USD,put,2026-09-30,0.038356164383561646,754.0499877929688,0.165,0.060606060606060656,0.8195743120543323
SPY260930P00619000,2026-09-16 19:21:54+00:00,619.0,0.23,0.16,0.17,0.08,53.333332,4.0,997.0,0.42529871582031253,False,REGULAR,USD,put,2026-09-30,0.038356164383561646,754.0499877929688,0.165,0.060606060606060656,0.8209004840803101
SPY260930P00620000,2026-09-16 19:30:22+00:00,620.0,0.21,0.17,0.18,0.00999999,4.999995,19.0,3380.0,0.42529871582031253,False,REGULAR,USD,put,2026-09-30,0.038356164383561646,754.0499877929688,0.175,0.05714285714285704,0.822226656106288
SPY260930P00621000,2026-09-16 19:20:31+00:00,621.0,0.23,0.17,0.18,0.010000005,4.545457,19.0,256.0,0.42236905761718746,False,REGULAR,USD,put,2026-09-30,0.038356164383561646,754.0499877929688,0.175,0.05714285714285704,0.8235528281322659
SPY260930P00622000,2026-09-16 19:04:10+00:00,622.0,0.16,0.17,0.18,-0.049999997,-23.809523,1.0,501.0,0.418951123046875,False,REGULAR,USD,put,2026-09-30,0.038356164383561646,754.0499877929688,0.175,0.05714285714285704,0.8248790001582438
SPY260930P00623000,2026-09-16 18:54:14+00:00,623.0,0.17,0.17,0.18,-0.030000001,-15.0,302.0,366.0,0.41602146484374997,False,REGULAR,USD,put,2026-09-30,0.038356164383561646,754.0499877929688,0.175,0.05714285714285704,0.8262051721842216
SPY260930P00624000,2026-09-16 18:54:14+00:00,624.0,0.17,0.18,0.19,-0.049999997,-22.72727,192.0,241.0,0.41602146484374997,False,REGULAR,USD,put,2026-09-30,0.038356164383561646,754.0499877929688,0.185,0.054054054054054106,0.8275313442101996
SPY260930P00625000,2026-09-16 19:36:01+00:00,625.0,0.2,0.18,0.19,0.0,0.0,219.0,2962.0,0.41260353027343744,False,REGULAR,USD,put,2026-09-30,0.038356164383561646,754.0499877929688,0.185,0.054054054054054106,0.8288575162361774
SPY260930P00626000,2026-09-14 19:36:13+00:00,626.0,0.21,0.18,0.19,0.0,0.0,1.0,511.0,0.4096738720703125,False,REGULAR,USD,put,2026-09-30,0.038356164383561646,754.0499877929688,0.185,0.054054054054054106,0.8301836882621554
SPY260930P00627000,2026-09-14 18:58:16+00:00,627.0,0.2,0.19,0.2,0.0,0.0,208.0,525.0,0.40918559570312496,False,REGULAR,USD,put,2026-09-30,0.038356164383561646,754.0499877929688,0.195,0.05128205128205133,0.8315098602881332
SPY260930P00628000,2026-09-15 14:57:38+00:00,628.0,0.24,0.19,0.2,0.0,0.0,26.0,165.0,0.4062559375,False,REGULAR,USD,put,2026-09-30,0.038356164383561646,754.0499877929688,0.195,0.05128205128205133,0.8328360323141111
SPY260930P00629000,2026-09-16 19:30:22+00:00,629.0,0.24,0.19,0.2,0.00999999,4.3478217,42.0,330.0,0.4028380029296875,False,REGULAR,USD,put,2026-09-30,0.038356164383561646,754.0499877929688,0.195,0.05128205128205133,0.834162204340089
SPY260930P00630000,2026-09-16 19:52:03+00:00,630.0,0.2,0.2,0.21,-0.03999999,-16.666662,260.0,3583.0,0.4023497265625,False,REGULAR,USD,put,2026-09-30,0.038356164383561646,754.0499877929688,0.20500000000000002,0.04878048780487795,0.8354883763660669
SPY260930P00631000,2026-09-16 19:02:49+00:00,631.0,0.19,0.2,0.21,-0.019999996,-9.523808,3.0,148.0,0.39942006835937505,False,REGULAR,USD,put,2026-09-30,0.038356164383561646,754.0499877929688,0.20500000000000002,0.04878048780487795,0.8368145483920447
SPY260930P00632000,2026-09-16 18:57:52+00:00,632.0,0.21,0.2,0.21,-0.010000005,-4.545457,10.0,230.0,0.39600213378906257,False,REGULAR,USD,put,2026-09-30,0.038356164383561646,754.0499877929688,0.20500000000000002,0.04878048780487795,0.8381407204180227
SPY260930P00633000,2026-09-16 18:58:46+00:00,633.0,0.21,0.2,0.21,-0.010000005,-4.545457,5.0,477.0,0.3930724755859375,False,REGULAR,USD,put,2026-09-30,0.038356164383561646,754.0499877929688,0.20500000000000002,0.04878048780487795,0.8394668924440005
SPY260930P00634000,2026-09-16 19:08:22+00:00,634.0,0.22,0.21,0.22,-0.030000001,-12.0,1.0,235.0,0.3920959228515625,False,REGULAR,USD,put,2026-09-30,0.038356164383561646,754.0499877929688,0.215,0.046511627906976785,0.8407930644699784
SPY260930P00635000,2026-09-16 19:22:31+00:00,635.0,0.3,0.21,0.22,0.050000012,20.000004,125.0,150692.0,0.3891662646484375,False,REGULAR,USD,put,2026-09-30,0.038356164383561646,754.0499877929688,0.215,0.046511627906976785,0.8421192364959563
SPY260930P00636000,2026-09-16 19:41:58+00:00,636.0,0.24,0.22,0.23,-0.010000005,-4.000002,30.0,178.0,0.3881897119140625,False,REGULAR,USD,put,2026-09-30,0.038356164383561646,754.0499877929688,0.225,0.04444444444444448,0.8434454085219342
SPY260930P00637000,2026-09-16 19:12:58+00:00,637.0,0.27,0.22,0.23,0.02000001,8.000004,5.0,516.0,0.3852600537109374,False,REGULAR,USD,put,2026-09-30,0.038356164383561646,754.0499877929688,0.225,0.04444444444444448,0.844771580547912
SPY260930P00638000,2026-09-16 19:30:22+00:00,638.0,0.28,0.22,0.23,0.049999997,21.739128,24.0,127.0,0.38184211914062494,False,REGULAR,USD,put,2026-09-30,0.038356164383561646,754.0499877929688,0.225,0.04444444444444448,0.84609775257389
SPY260930P00639000,2026-09-16 19:21:02+00:00,639.0,0.31,0.23,0.24,0.07000001,29.166672,13.0,125.0,0.38086556640624997,False,REGULAR,USD,put,2026-09-30,0.038356164383561646,754.0499877929688,0.235,0.042553191489361625,0.8474239245998678
SPY260930P00640000,2026-09-16 19:37:30+00:00,640.0,0.27,0.23,0.24,0.01000002,3.8461618,459.0,3722.0,0.37793590820312495,False,REGULAR,USD,put,2026-09-30,0.038356164383561646,754.0499877929688,0.235,0.042553191489361625,0.8487500966258457
SPY260930P00641000,2026-09-16 18:56:01+00:00,641.0,0.23,0.24,0.25,-0.00999999,-4.1666627,5.0,376.0,0.37695935546875,False,REGULAR,USD,put,2026-09-30,0.038356164383561646,754.0499877929688,0.245,0.04081632653061228,0.8500762686518236
SPY260930P00642000,2026-09-16 19:30:23+00:00,642.0,0.3,0.24,0.25,0.02000001,7.1428604,7.0,84.0,0.37354142089843745,False,REGULAR,USD,put,2026-09-30,0.038356164383561646,754.0499877929688,0.245,0.04081632653061228,0.8514024406778015
SPY260930P00643000,2026-09-14 18:58:16+00:00,643.0,0.25,0.24,0.25,0.0,0.0,45.0,278.0,0.3706117626953125,False,REGULAR,USD,put,2026-09-30,0.038356164383561646,754.0499877929688,0.245,0.04081632653061228,0.8527286127037793
SPY260930P00644000,2026-09-16 19:30:22+00:00,644.0,0.31,0.25,0.26,0.050000012,19.230774,112.0,347.0,0.36939107177734376,False,REGULAR,USD,put,2026-09-30,0.038356164383561646,754.0499877929688,0.255,0.03921568627450984,0.8540547847297573
SPY260930P00645000,2026-09-15 19:23:42+00:00,645.0,0.29,0.25,0.26,0.0,0.0,3.0,766.0,0.366217275390625,False,REGULAR,USD,put,2026-09-30,0.038356164383561646,754.0499877929688,0.255,0.03921568627450984,0.8553809567557351
SPY260930P00646000,2026-09-14 13:33:53+00:00,646.0,0.32,0.26,0.27,0.0,0.0,1.0,453.0,0.36499658447265626,False,REGULAR,USD,put,2026-09-30,0.038356164383561646,754.0499877929688,0.265,0.03773584905660381,0.856707128781713
SPY260930P00647000,2026-09-14 14:01:15+00:00,647.0,0.3,0.26,0.27,0.0,0.0,3.0,303.0,0.3618227880859375,False,REGULAR,USD,put,2026-09-30,0.038356164383561646,754.0499877929688,0.265,0.03773584905660381,0.8580333008076909
SPY260930P00648000,2026-09-14 18:58:16+00:00,648.0,0.27,0.27,0.28,0.0,0.0,49.0,673.0,0.36035795898437495,False,REGULAR,USD,put,2026-09-30,0.038356164383561646,754.0499877929688,0.275,0.03636363636363639,0.8593594728336688
SPY260930P00649000,2026-09-16 19:30:22+00:00,649.0,0.34,0.27,0.28,0.11,47.826088,23.0,684.0,0.35742830078125,False,REGULAR,USD,put,2026-09-30,0.038356164383561646,754.0499877929688,0.275,0.03636363636363639,0.8606856448596466
SPY260930P00650000,2026-09-16 19:37:30+00:00,650.0,0.31,0.28,0.28,0.0,0.0,1001.0,3925.0,0.3540103662109374,False,REGULAR,USD,put,2026-09-30,0.038356164383561646,754.0499877929688,0.28,0.0,0.8620118168856246
SPY260930P00651000,2026-09-16 19:08:22+00:00,651.0,0.29,0.28,0.29,0.03999999,15.999996,27.0,430.0,0.352545537109375,False,REGULAR,USD,put,2026-09-30,0.038356164383561646,754.0499877929688,0.28500000000000003,0.035087719298245446,0.8633379889116024
SPY260930P00652000,2026-09-11 19:33:45+00:00,652.0,0.29,0.29,0.3,0.0,0.0,7.0,220.0,0.35108070800781244,False,REGULAR,USD,put,2026-09-30,0.038356164383561646,754.0499877929688,0.295,0.0338983050847458,0.8646641609375804
SPY260930P00653000,2026-09-04 14:36:29+00:00,653.0,0.29,0.29,0.3,0.0,0.0,5.0,131.0,0.3481510498046875,False,REGULAR,USD,put,2026-09-30,0.038356164383561646,754.0499877929688,0.295,0.0338983050847458,0.8659903329635582
SPY260930P00654000,2026-09-11 13:54:56+00:00,654.0,0.27,0.3,0.31,0.0,0.0,6.0,29.0,0.3464420825195312,False,REGULAR,USD,put,2026-09-30,0.038356164383561646,754.0499877929688,0.305,0.03278688524590167,0.867316504989536
SPY260930P00655000,2026-09-16 19:30:22+00:00,655.0,0.38,0.3,0.31,0.07999998,26.666658,151.0,679.0,0.34326828613281246,False,REGULAR,USD,put,2026-09-30,0.038356164383561646,754.0499877929688,0.305,0.03278688524590167,0.868642677015514
SPY260930P00656000,2026-09-16 19:32:44+00:00,656.0,0.35,0.31,0.32,-0.02000001,-5.405408,11.0,196.0,0.34180345703125,False,REGULAR,USD,put,2026-09-30,0.038356164383561646,754.0499877929688,0.315,0.03174603174603177,0.8699688490414919
SPY260930P00657000,2026-09-16 16:31:36+00:00,657.0,0.26,0.31,0.32,-0.02000001,-7.1428604,1.0,883.0,0.33838552246093745,False,REGULAR,USD,put,2026-09-30,0.038356164383561646,754.0499877929688,0.315,0.03174603174603177,0.8712950210674697
SPY260930P00658000,2026-09-16 19:29:06+00:00,658.0,0.44,0.32,0.33,0.120000005,37.5,10.0,1288.0,0.336920693359375,False,REGULAR,USD,put,2026-09-30,0.038356164383561646,754.0499877929688,0.325,0.030769230769230795,0.8726211930934477
SPY260930P00659000,2026-09-14 14:35:00+00:00,659.0,0.38,0.32,0.33,0.0,0.0,161.0,738.0,0.33350275878906255,False,REGULAR,USD,put,2026-09-30,0.038356164383561646,754.0499877929688,0.325,0.030769230769230795,0.8739473651194255
SPY260930P00660000,2026-09-16 19:25:46+00:00,660.0,0.48,0.33,0.34,0.109999985,29.729725,8.0,7917.0,0.33179379150390625,False,REGULAR,USD,put,2026-09-30,0.038356164383561646,754.0499877929688,0.335,0.02985074626865674,0.8752735371454033
SPY260930P00661000,2026-09-14 18:58:16+00:00,661.0,0.34,0.34,0.35,0.0,0.0,29.0,413.0,0.33008482421874996,False,REGULAR,USD,put,2026-09-30,0.038356164383561646,754.0499877929688,0.345,0.02898550724637668,0.8765997091713813
SPY260930P00662000,2026-09-16 19:33:13+00:00,662.0,0.39,0.34,0.35,0.049999982,14.705876,4.0,227.0,0.3266668896484375,False,REGULAR,USD,put,2026-09-30,0.038356164383561646,754.0499877929688,0.345,0.02898550724637668,0.8779258811973591
SPY260930P00663000,2026-09-16 19:30:22+00:00,663.0,0.44,0.35,0.36,0.09,25.714287,5.0,315.0,0.3249579223632812,False,REGULAR,USD,put,2026-09-30,0.038356164383561646,754.0499877929688,0.355,0.028169014084507067,0.879252053223337
SPY260930P00664000,2026-09-16 19:32:02+00:00,664.0,0.43,0.36,0.37,0.120000005,38.70968,7.0,1014.0,0.32300481689453114,False,REGULAR,USD,put,2026-09-30,0.038356164383561646,754.0499877929688,0.365,0.02739726027397263,0.880578225249315
SPY260930P00665000,2026-09-16 16:19:29+00:00,665.0,0.3,0.36,0.37,-0.109999985,-26.829264,1.0,1604.0,0.3198310205078124,False,REGULAR,USD,put,2026-09-30,0.038356164383561646,754.0499877929688,0.365,0.02739726027397263,0.8819043972752928
SPY260930P00666000,2026-09-16 19:31:10+00:00,666.0,0.45,0.37,0.38,0.06999999,18.421051,7.0,307.0,0.3178779150390625,False,REGULAR,USD,put,2026-09-30,0.038356164383561646,754.0499877929688,0.375,0.02666666666666669,0.8832305693012706
SPY260930P00667000,2026-09-16 19:31:41+00:00,667.0,0.46,0.38,0.39,0.07000002,17.948725,13.0,384.0,0.31592480957031244,False,REGULAR,USD,put,2026-09-30,0.038356164383561646,754.0499877929688,0.385,0.025974025974025997,0.8845567413272486
SPY260930P00668000,2026-09-16 19:34:44+00:00,668.0,0.43,0.39,0.4,0.01000002,2.3809574,5.0,409.0,0.3139717041015625,False,REGULAR,USD,put,2026-09-30,0.038356164383561646,754.0499877929688,0.395,0.025316455696202552,0.8858829133532264
SPY260930P00669000,2026-09-16 19:52:49+00:00,669.0,0.4,0.39,0.4,-0.06999999,-14.893615,57.0,513.0,0.31055376953124997,False,REGULAR,USD,put,2026-09-30,0.038356164383561646,754.0499877929688,0.395,0.025316455696202552,0.8872090853792043
SPY260930P00670000,2026-09-16 19:52:16+00:00,670.0,0.42,0.4,0.41,-0.030000001,-6.666667,96.0,3372.0,0.3086006640625,False,REGULAR,USD,put,2026-09-30,0.038356164383561646,754.0499877929688,0.405,0.024691358024691242,0.8885352574051822
SPY260930P00671000,2026-09-10 13:55:26+00:00,671.0,0.69,0.41,0.42,0.0,0.0,3.0,345.0,0.3064034204101562,False,REGULAR,USD,put,2026-09-30,0.038356164383561646,754.0499877929688,0.415,0.024096385542168697,0.8898614294311601
SPY260930P00672000,2026-09-16 19:29:04+00:00,672.0,0.59,0.42,0.43,0.15999997,37.209293,25.0,667.0,0.3042061767578125,False,REGULAR,USD,put,2026-09-30,0.038356164383561646,754.0499877929688,0.425,0.023529411764705903,0.8911876014571379
SPY260930P00673000,2026-09-14 18:58:16+00:00,673.0,0.42,0.43,0.44,0.0,0.0,75.0,1740.0,0.30213100219726563,False,REGULAR,USD,put,2026-09-30,0.038356164383561646,754.0499877929688,0.435,0.022988505747126457,0.8925137734831159
SPY260930P00674000,2026-09-16 19:26:30+00:00,674.0,0.67,0.44,0.45,0.19000003,39.58334,4.0,905.0,0.299811689453125,False,REGULAR,USD,put,2026-09-30,0.038356164383561646,754.0499877929688,0.445,0.02247191011235957,0.8938399455090937
SPY260930P00675000,2026-09-16 19:29:08+00:00,675.0,0.62,0.45,0.46,0.14000002,29.166672,90.0,9849.0,0.29761444580078117,False,REGULAR,USD,put,2026-09-30,0.038356164383561646,754.0499877929688,0.455,0.021978021978021997,0.8951661175350717
SPY260930P00676000,2026-09-16 19:29:08+00:00,676.0,0.63,0.46,0.47,0.120000005,23.529411,33.0,1337.0,0.2954172021484375,False,REGULAR,USD,put,2026-09-30,0.038356164383561646,754.0499877929688,0.46499999999999997,0.021505376344085923,0.8964922895610495
SPY260930P00677000,2026-09-16 19:30:11+00:00,677.0,0.61,0.47,0.48,0.08000004,15.094348,20.0,1347.0,0.2930978894042968,False,REGULAR,USD,put,2026-09-30,0.038356164383561646,754.0499877929688,0.475,0.02105263157894739,0.8978184615870274
SPY260930P00678000,2026-09-16 19:58:16+00:00,678.0,0.47,0.48,0.49,-0.08000001,-14.545456,23.0,1524.0,0.29077857666015616,False,REGULAR,USD,put,2026-09-30,0.038356164383561646,754.0499877929688,0.485,0.020618556701030948,0.8991446336130053
SPY260930P00679000,2026-09-16 19:25:56+00:00,679.0,0.74,0.49,0.5,0.24000001,48.0,19.0,871.0,0.28833719482421866,False,REGULAR,USD,put,2026-09-30,0.038356164383561646,754.0499877929688,0.495,0.02020202020202022,0.9004708056389832
SPY260930P00680000,2026-09-16 19:37:33+00:00,680.0,0.59,0.5,0.51,0.03999996,7.2727203,66.0,9744.0,0.2858958129882812,False,REGULAR,USD,put,2026-09-30,0.038356164383561646,754.0499877929688,0.505,0.01980198019801982,0.901796977664961
SPY260930P00681000,2026-09-16 19:29:10+00:00,681.0,0.7,0.51,0.52,0.120000005,20.689655,10.0,661.0,0.28357650024414055,False,REGULAR,USD,put,2026-09-30,0.038356164383561646,754.0499877929688,0.515,0.019417475728155355,0.903123149690939
SPY260930P00682000,2026-09-15 15:37:57+00:00,682.0,0.59,0.52,0.53,0.0,0.0,5.0,678.0,0.28113511840820304,False,REGULAR,USD,put,2026-09-30,0.038356164383561646,754.0499877929688,0.525,0.019047619047619063,0.9044493217169168
SPY260930P00683000,2026-09-15 14:28:13+00:00,683.0,0.58,0.54,0.55,0.0,0.0,1.0,302.0,0.2795482202148437,False,REGULAR,USD,put,2026-09-30,0.038356164383561646,754.0499877929688,0.545,0.018348623853211024,0.9057754937428947
SPY260930P00684000,2026-09-16 15:39:01+00:00,684.0,0.44,0.55,0.56,-0.13,-22.807018,4.0,436.0,0.2771068383789062,False,REGULAR,USD,put,2026-09-30,0.038356164383561646,754.0499877929688,0.555,0.018018018018018032,0.9071016657688726
SPY260930P00685000,2026-09-16 19:38:40+00:00,685.0,0.64,0.56,0.57,0.029999971,4.918028,137.0,2199.0,0.274421318359375,False,REGULAR,USD,put,2026-09-30,0.038356164383561646,754.0499877929688,0.565,0.017699115044247607,0.9084278377948505
SPY260930P00686000,2026-09-16 19:52:46+00:00,686.0,0.58,0.58,0.59,-0.02000004,-3.33334,6.0,228.0,0.2727123510742187,False,REGULAR,USD,put,2026-09-30,0.038356164383561646,754.0499877929688,0.585,0.01709401709401711,0.9097540098208283
SPY260930P00687000,2026-09-16 19:32:31+00:00,687.0,0.7,0.59,0.6,0.17000002,32.075478,12.0,1670.0,0.2701489001464844,False,REGULAR,USD,put,2026-09-30,0.038356164383561646,754.0499877929688,0.595,0.016806722689075647,0.9110801818468063
SPY260930P00688000,2026-09-16 19:29:35+00:00,688.0,0.83,0.61,0.62,0.14999998,22.05882,161.0,875.0,0.2683178637695312,False,REGULAR,USD,put,2026-09-30,0.038356164383561646,754.0499877929688,0.615,0.016260162601626032,0.9124063538727841
SPY260930P00689000,2026-09-16 19:30:11+00:00,689.0,0.82,0.63,0.64,0.24000001,41.37931,9.0,692.0,0.26636475830078127,False,REGULAR,USD,put,2026-09-30,0.038356164383561646,754.0499877929688,0.635,0.015748031496063006,0.913732525898762
SPY260930P00690000,2026-09-16 19:46:54+00:00,690.0,0.73,0.64,0.65,0.04000002,5.7971044,1532.0,7100.0,0.26367923828125,False,REGULAR,USD,put,2026-09-30,0.038356164383561646,754.0499877929688,0.645,0.015503875968992262,0.9150586979247399
SPY260930P00691000,2026-09-16 19:29:04+00:00,691.0,0.94,0.66,0.67,0.24000001,34.285713,33.0,2053.0,0.2617261328125,False,REGULAR,USD,put,2026-09-30,0.038356164383561646,754.0499877929688,0.665,0.015037593984962419,0.9163848699507178
SPY260930P00692000,2026-09-16 19:29:04+00:00,692.0,0.97,0.68,0.69,0.27000004,38.571434,178.0,388.0,0.25965095825195317,False,REGULAR,USD,put,2026-09-30,0.038356164383561646,754.0499877929688,0.685,0.014598540145985252,0.9177110419766956
SPY260930P00693000,2026-09-16 19:32:02+00:00,693.0,0.86,0.7,0.71,0.17000002,24.637684,3.0,447.0,0.25757578369140627,False,REGULAR,USD,put,2026-09-30,0.038356164383561646,754.0499877929688,0.705,0.014184397163120581,0.9190372140026736
SPY260930P00694000,2026-09-16 19:47:07+00:00,694.0,0.78,0.72,0.73,-0.02000004,-2.500005,94.0,312.0,0.2553785400390626,False,REGULAR,USD,put,2026-09-30,0.038356164383561646,754.0499877929688,0.725,0.013793103448275874,0.9203633860286514
SPY260930P00695000,2026-09-16 19:32:36+00:00,695.0,0.88,0.74,0.75,0.13999999,18.918917,112.0,4216.0,0.25318129638671877,False,REGULAR,USD,put,2026-09-30,0.038356164383561646,754.0499877929688,0.745,0.01342281879194632,0.9216895580546293
SPY260930P00696000,2026-09-16 18:41:43+00:00,696.0,0.58,0.76,0.77,-0.24000001,-29.268293,23.0,296.0,0.25086198364257806,False,REGULAR,USD,put,2026-09-30,0.038356164383561646,754.0499877929688,0.765,0.013071895424836612,0.9230157300806072
SPY260930P00697000,2026-09-16 19:33:06+00:00,697.0,0.93,0.79,0.8,0.07999998,9.411762,160.0,3719.0,0.24927508544921873,False,REGULAR,USD,put,2026-09-30,0.038356164383561646,754.0499877929688,0.795,0.012578616352201269,0.9243419021065851
SPY260930P00698000,2026-09-16 19:29:10+00:00,698.0,1.12,0.81,0.82,0.26,30.232557,23.0,288.0,0.24683370361328127,False,REGULAR,USD,put,2026-09-30,0.038356164383561646,754.0499877929688,0.815,0.012269938650306624,0.925668074132563
SPY260930P00699000,2026-09-16 19:29:04+00:00,699.0,1.2,0.84,0.85,0.30000007,33.333344,34.0,4288.0,0.245124736328125,False,REGULAR,USD,put,2026-09-30,0.038356164383561646,754.0499877929688,0.845,0.011834319526627229,0.9269942461585409
SPY260930P00700000,2026-09-16 20:07:46+00:00,700.0,0.85,0.87,0.88,0.0,0.0,2248.0,21607.0,0.243171630859375,False,REGULAR,USD,put,2026-09-30,0.038356164383561646,754.0499877929688,0.875,0.011428571428571439,0.9283204181845187
SPY260930P00701000,2026-09-16 19:30:21+00:00,701.0,1.15,0.9,0.91,0.19999999,21.05263,15.0,1212.0,0.241218525390625,False,REGULAR,USD,put,2026-09-30,0.038356164383561646,754.0499877929688,0.905,0.011049723756906087,0.9296465902104967
SPY260930P00702000,2026-09-16 19:21:25+00:00,702.0,1.35,0.93,0.94,0.39000005,40.625004,216.0,1200.0,0.23926541992187497,False,REGULAR,USD,put,2026-09-30,0.038356164383561646,754.0499877929688,0.935,0.010695187165775291,0.9309727622364745
SPY260930P00703000,2026-09-16 19:48:13+00:00,703.0,1.02,0.96,0.97,-0.00999999,-0.9708729,233.0,1932.0,0.2371902453613281,False,REGULAR,USD,put,2026-09-30,0.038356164383561646,754.0499877929688,0.965,0.010362694300518144,0.9322989342624524
SPY260930P00704000,2026-09-16 19:32:28+00:00,704.0,1.18,0.99,1.0,0.120000005,11.320755,167.0,676.0,0.23499300170898438,False,REGULAR,USD,put,2026-09-30,0.038356164383561646,754.0499877929688,0.995,0.010050251256281416,0.9336251062884303
SPY260930P00705000,2026-09-16 19:52:16+00:00,705.0,1.04,1.02,1.03,-0.03000009,-2.8037467,1538.0,3798.0,0.23279575805664063,False,REGULAR,USD,put,2026-09-30,0.038356164383561646,754.0499877929688,1.025,0.009756097560975618,0.9349512783144082
SPY260930P00706000,2026-09-16 19:35:10+00:00,706.0,1.21,1.06,1.07,0.13999999,13.084109,373.0,771.0,0.23102575622558597,False,REGULAR,USD,put,2026-09-30,0.038356164383561646,754.0499877929688,1.065,0.009389671361502356,0.936277450340386
SPY260930P00707000,2026-09-16 19:58:59+00:00,707.0,1.07,1.1,1.11,-0.059999943,-5.3097296,932.0,21154.0,0.2291336853027344,False,REGULAR,USD,put,2026-09-30,0.038356164383561646,754.0499877929688,1.105,0.009049773755656116,0.937603622366364
SPY260930P00708000,2026-09-16 18:40:13+00:00,708.0,0.92,1.14,1.15,-0.25999993,-22.033894,10.0,1114.0,0.22718057983398435,False,REGULAR,USD,put,2026-09-30,0.038356164383561646,754.0499877929688,1.145,0.00873362445414848,0.9389297943923418
SPY260930P00709000,2026-09-16 19:59:33+00:00,709.0,1.14,1.18,1.19,-0.08000004,-6.55738,240.0,1325.0,0.22516643981933593,False,REGULAR,USD,put,2026-09-30,0.038356164383561646,754.0499877929688,1.185,0.008438818565400852,0.9402559664183197
SPY260930P00710000,2026-09-16 20:05:36+00:00,710.0,1.21,1.22,1.24,0.07000005,6.1403556,608.0,13891.0,0.2235185070800781,False,REGULAR,USD,put,2026-09-30,0.038356164383561646,754.0499877929688,1.23,0.016260162601626032,0.9415821384442976
SPY260930P00711000,2026-09-16 19:36:18+00:00,711.0,1.51,1.27,1.29,0.14999998,11.02941,231.0,1029.0,0.2217485052490234,False,REGULAR,USD,put,2026-09-30,0.038356164383561646,754.0499877929688,1.28,0.015625000000000014,0.9429083104702755
SPY260930P00712000,2026-09-16 19:29:05+00:00,712.0,1.85,1.32,1.34,0.71000004,62.2807,670.0,1107.0,0.21985643432617186,False,REGULAR,USD,put,2026-09-30,0.038356164383561646,754.0499877929688,1.33,0.015037593984962419,0.9442344824962533
SPY260930P00713000,2026-09-16 20:11:54+00:00,713.0,1.38,1.37,1.39,0.01999998,1.4705868,546.0,770.0,0.21790332885742186,False,REGULAR,USD,put,2026-09-30,0.038356164383561646,754.0499877929688,1.38,0.014492753623188259,0.9455606545222313
SPY260930P00714000,2026-09-16 20:06:47+00:00,714.0,1.41,1.43,1.45,-0.07000005,-4.729733,459.0,883.0,0.21631643066406248,False,REGULAR,USD,put,2026-09-30,0.038356164383561646,754.0499877929688,1.44,0.013888888888888902,0.9468868265482091
SPY260930P00715000,2026-09-16 19:46:07+00:00,715.0,1.61,1.49,1.5,0.08000004,5.2287607,300.0,7059.0,0.21411918701171873,False,REGULAR,USD,put,2026-09-30,0.038356164383561646,754.0499877929688,1.495,0.006688963210702346,0.948212998574187
SPY260930P00716000,2026-09-16 20:09:55+00:00,716.0,1.53,1.55,1.56,-0.05000007,-3.1645615,329.0,1556.0,0.2122881506347656,False,REGULAR,USD,put,2026-09-30,0.038356164383561646,754.0499877929688,1.5550000000000002,0.0064308681672025775,0.9495391706001649
SPY260930P00717000,2026-09-16 19:40:40+00:00,717.0,1.84,1.61,1.63,0.25,15.72327,133.0,894.0,0.21070125244140625,False,REGULAR,USD,put,2026-09-30,0.038356164383561646,754.0499877929688,1.62,0.012345679012345552,0.9508653426261428
SPY260930P00718000,2026-09-16 20:12:17+00:00,718.0,1.71,1.68,1.69,0.060000062,3.6363676,253.0,893.0,0.20862607788085932,False,REGULAR,USD,put,2026-09-30,0.038356164383561646,754.0499877929688,1.685,0.005934718100890213,0.9521915146521206
SPY260930P00719000,2026-09-16 20:08:49+00:00,719.0,1.76,1.74,1.76,0.049999952,2.9239738,838.0,795.0,0.2067950415039062,False,REGULAR,USD,put,2026-09-30,0.038356164383561646,754.0499877929688,1.75,0.011428571428571439,0.9535176866780986
SPY260930P00720000,2026-09-16 20:08:50+00:00,720.0,1.84,1.82,1.84,0.22000003,13.580249,2446.0,14761.0,0.20520814331054685,False,REGULAR,USD,put,2026-09-30,0.038356164383561646,754.0499877929688,1.83,0.010928961748633888,0.9548438587040764
SPY260930P00721000,2026-09-16 20:12:29+00:00,721.0,1.91,1.9,1.91,0.13,7.303371,551.0,1859.0,0.20319400329589843,False,REGULAR,USD,put,2026-09-30,0.038356164383561646,754.0499877929688,1.9049999999999998,0.0052493438320210025,0.9561700307300544
SPY260930P00722000,2026-09-16 20:08:50+00:00,722.0,2.0,1.97,1.99,0.14999998,8.108107,139.0,2037.0,0.20136296691894529,False,REGULAR,USD,put,2026-09-30,0.038356164383561646,754.0499877929688,1.98,0.01010101010101011,0.9574962027560322
SPY260930P00723000,2026-09-16 20:12:29+00:00,723.0,2.08,2.06,2.08,0.07999992,3.9999962,113.0,657.0,0.1997150341796875,False,REGULAR,USD,put,2026-09-30,0.038356164383561646,754.0499877929688,2.0700000000000003,0.009661835748792277,0.95882237478201
SPY260930P00724000,2026-09-16 20:08:50+00:00,724.0,2.17,2.15,2.17,0.029999971,1.4018677,484.0,1379.0,0.19788399780273438,False,REGULAR,USD,put,2026-09-30,0.038356164383561646,754.0499877929688,2.16,0.009259259259259267,0.960148546807988
SPY260930P00725000,2026-09-16 20:12:44+00:00,725.0,2.28,2.25,2.26,0.18000007,8.571433,1319.0,18256.0,0.19599192687988282,False,REGULAR,USD,put,2026-09-30,0.038356164383561646,754.0499877929688,2.255,0.0044345898004433644,0.9614747188339658
SPY260930P00726000,2026-09-16 20:09:45+00:00,726.0,2.29,2.34,2.36,0.059999943,2.6905804,77.0,908.0,0.19422192504882813,False,REGULAR,USD,put,2026-09-30,0.038356164383561646,754.0499877929688,2.3499999999999996,0.00851063829787235,0.9628008908599437
SPY260930P00727000,2026-09-16 20:08:50+00:00,727.0,2.47,2.45,2.47,0.16000009,6.92641,235.0,1196.0,0.19263502685546874,False,REGULAR,USD,put,2026-09-30,0.038356164383561646,754.0499877929688,2.46,0.008130081300813016,0.9641270628859216
SPY260930P00728000,2026-09-16 20:12:05+00:00,728.0,2.61,2.56,2.58,0.109999895,4.399996,186.0,1092.0,0.19086502502441405,False,REGULAR,USD,put,2026-09-30,0.038356164383561646,754.0499877929688,2.5700000000000003,0.007782101167315181,0.9654532349118995
SPY260930P00729000,2026-09-16 20:08:50+00:00,729.0,2.7,2.68,2.69,0.25,10.204082,94.0,1839.0,0.1889729541015625,False,REGULAR,USD,put,2026-09-30,0.038356164383561646,754.0499877929688,2.685,0.0037243947858472204,0.9667794069378773
SPY260930P00730000,2026-09-16 20:13:33+00:00,730.0,2.76,2.8,2.81,0.18000007,6.9767475,22802.0,25887.0,0.1871419177246094,False,REGULAR,USD,put,2026-09-30,0.038356164383561646,754.0499877929688,2.8049999999999997,0.003565062388591883,0.9681055789638553
SPY260930P00731000,2026-09-16 20:08:50+00:00,731.0,2.95,2.93,2.94,0.20000005,7.2727284,178.0,1667.0,0.18549398498535152,False,REGULAR,USD,put,2026-09-30,0.038356164383561646,754.0499877929688,2.935,0.00340715502555359,0.9694317509898331
SPY260930P00732000,2026-09-16 20:10:25+00:00,732.0,3.05,3.06,3.08,0.14999986,5.1724086,377.0,1709.0,0.18384605224609374,False,REGULAR,USD,put,2026-09-30,0.038356164383561646,754.0499877929688,3.0700000000000003,0.0065146579804560316,0.970757923015811
SPY260930P00733000,2026-09-16 20:08:49+00:00,733.0,3.22,3.21,3.22,0.23000002,7.6923084,86.0,875.0,0.18207605041503905,False,REGULAR,USD,put,2026-09-30,0.038356164383561646,754.0499877929688,3.215,0.003110419906687475,0.9720840950417889
SPY260930P00734000,2026-09-16 20:08:49+00:00,734.0,3.37,3.35,3.37,0.30999994,10.130717,158.0,1777.0,0.1803670831298828,False,REGULAR,USD,put,2026-09-30,0.038356164383561646,754.0499877929688,3.3600000000000003,0.005952380952380957,0.9734102670677668
SPY260930P00735000,2026-09-16 20:08:49+00:00,735.0,3.52,3.51,3.52,0.53,17.725752,35585.0,21304.0,0.17847501220703127,False,REGULAR,USD,put,2026-09-30,0.038356164383561646,754.0499877929688,3.5149999999999997,0.002844950213371332,0.9747364390937446
SPY260930P00736000,2026-09-16 20:03:49+00:00,736.0,3.5,3.68,3.69,0.099999905,2.9411736,123.0,681.0,0.17688811401367188,False,REGULAR,USD,put,2026-09-30,0.038356164383561646,754.0499877929688,3.685,0.002713704206241462,0.9760626111197226
SPY260930P00737000,2026-09-16 20:08:49+00:00,737.0,3.86,3.84,3.87,0.54999995,16.616314,585.0,10002.0,0.1753012158203125,False,REGULAR,USD,put,2026-09-30,0.038356164383561646,754.0499877929688,3.855,0.007782101167315239,0.9773887831457004
SPY260930P00738000,2026-09-16 20:01:54+00:00,738.0,3.88,4.02,4.05,0.2800002,7.777784,257.0,1216.0,0.1735312139892578,False,REGULAR,USD,put,2026-09-30,0.038356164383561646,754.0499877929688,4.035,0.007434944237918277,0.9787149551716783
SPY260930P00739000,2026-09-16 20:13:26+00:00,739.0,4.19,4.21,4.24,0.46000004,12.33244,582.0,1696.0,0.17176121215820314,False,REGULAR,USD,put,2026-09-30,0.038356164383561646,754.0499877929688,4.225,0.007100591715976391,0.9800411271976562
SPY260930P00740000,2026-09-16 20:13:51+00:00,740.0,4.43,4.41,4.44,0.7299998,19.729723,2967.0,23483.0,0.1700522448730469,False,REGULAR,USD,put,2026-09-30,0.038356164383561646,754.0499877929688,4.425000000000001,0.006779661016949208,0.9813672992236341
SPY260930P00741000,2026-09-16 20:02:41+00:00,741.0,4.52,4.61,4.65,0.4000001,9.70874,131.0,1275.0,0.16828224304199224,False,REGULAR,USD,put,2026-09-30,0.038356164383561646,754.0499877929688,4.630000000000001,0.008639308855291582,0.9826934712496119
SPY260930P00742000,2026-09-16 20:07:50+00:00,742.0,4.81,4.83,4.88,0.3499999,7.847532,403.0,913.0,0.16672586212158208,False,REGULAR,USD,put,2026-09-30,0.038356164383561646,754.0499877929688,4.855,0.010298661174047336,0.9840196432755899
SPY260930P00743000,2026-09-16 20:13:51+00:00,743.0,5.09,5.07,5.11,0.5700002,12.610623,118.0,1922.0,0.16492534301757814,False,REGULAR,USD,put,2026-09-30,0.038356164383561646,754.0499877929688,5.09,0.007858546168958749,0.9853458153015677
SPY260930P00744000,2026-09-16 20:07:50+00:00,744.0,5.28,5.32,5.36,0.41000032,8.418898,356.0,1122.0,0.16330792755126955,False,REGULAR,USD,put,2026-09-30,0.038356164383561646,754.0499877929688,5.34,0.007490636704119857,0.9866719873275457
SPY260930P00745000,2026-09-16 20:09:35+00:00,745.0,5.56,5.57,5.62,0.9299998,20.08639,8341.0,17186.0,0.16162947753906248,False,REGULAR,USD,put,2026-09-30,0.038356164383561646,754.0499877929688,5.595000000000001,0.008936550491510244,0.9879981593535235
SPY260930P00746000,2026-09-16 20:08:41+00:00,746.0,5.9,5.85,5.89,0.6600003,12.595427,148.0,1741.0,0.15992051025390625,False,REGULAR,USD,put,2026-09-30,0.038356164383561646,754.0499877929688,5.869999999999999,0.006814310051107332,0.9893243313795014
SPY260930P00747000,2026-09-16 20:07:50+00:00,747.0,6.11,6.13,6.18,0.55999994,10.090089,814.0,2483.0,0.15833361206054689,False,REGULAR,USD,put,2026-09-30,0.038356164383561646,754.0499877929688,6.154999999999999,0.008123476848090954,0.9906505034054793
SPY260930P00748000,2026-09-16 20:08:41+00:00,748.0,6.49,6.43,6.48,0.88999987,15.892855,259.0,1466.0,0.15662464477539065,False,REGULAR,USD,put,2026-09-30,0.038356164383561646,754.0499877929688,6.455,0.007745933384973,0.9919766754314572
SPY260930P00749000,2026-09-16 20:08:41+00:00,749.0,6.8,6.75,6.8,0.73,12.026359,181.0,734.0,0.15506826385498051,False,REGULAR,USD,put,2026-09-30,0.038356164383561646,754.0499877929688,6.775,0.007380073800737981,0.993302847457435
SPY260930P00750000,2026-09-16 20:14:55+00:00,750.0,7.09,7.09,7.13,1.27,21.821304,13769.0,18605.0,0.15338981384277345,False,REGULAR,USD,put,2026-09-30,0.038356164383561646,754.0499877929688,7.109999999999999,0.005625879043600568,0.994629019483413
SPY260930P00751000,2026-09-16 19:52:45+00:00,751.0,7.54,7.44,7.49,1.4000001,22.801306,465.0,1272.0,0.1519555020141602,False,REGULAR,USD,put,2026-09-30,0.038356164383561646,754.0499877929688,7.465,0.006697923643670439,0.9959551915093908
SPY260930P00752000,2026-09-16 20:01:32+00:00,752.0,7.71,7.81,7.86,0.7600002,10.935255,235.0,4997.0,0.15039912109375003,False,REGULAR,USD,put,2026-09-30,0.038356164383561646,754.0499877929688,7.835,0.0063816209317167465,0.9972813635353687
SPY260930P00753000,2026-09-16 20:04:33+00:00,753.0,8.04,8.2,8.25,0.63999987,8.648646,313.0,1044.0,0.14890377471923827,False,REGULAR,USD,put,2026-09-30,0.038356164383561646,754.0499877929688,8.225,0.006079027355623187,0.9986075355613466
SPY260930P00754000,2026-09-16 20:07:38+00:00,754.0,8.6,8.62,8.67,1.5400004,21.813038,478.0,6407.0,0.1476220492553711,False,REGULAR,USD,put,2026-09-30,0.038356164383561646,754.0499877929688,8.645,0.005783689994216392,0.9999337075873245
SPY260930P00755000,2026-09-16 20:13:28+00:00,755.0,9.11,9.05,9.09,1.7099996,23.1081,2387.0,15488.0,0.1460351510620117,True,REGULAR,USD,put,2026-09-30,0.038356164383561646,754.0499877929688,9.07,0.004410143329658119,1.0012598796133023
SPY260930P00756000,2026-09-16 20:03:38+00:00,756.0,9.32,9.5,9.55,1.5599995,20.103085,212.0,2038.0,0.14478394287109375,True,REGULAR,USD,put,2026-09-30,0.038356164383561646,754.0499877929688,9.525,0.005249343832021072,1.0025860516392802
SPY260930P00757000,2026-09-16 19:57:57+00:00,757.0,9.96,9.9,10.07,1.8299999,22.509224,444.0,7650.0,0.144265149230957,True,REGULAR,USD,put,2026-09-30,0.038356164383561646,754.0499877929688,9.985,0.017025538307461185,1.0039122236652582
SPY260930P00758000,2026-09-16 20:08:59+00:00,758.0,10.43,10.38,10.54,1.9000006,22.274334,764.0,1515.0,0.14255618194580078,True,REGULAR,USD,put,2026-09-30,0.038356164383561646,754.0499877929688,10.46,0.01529636711281055,1.005238395691236
SPY260930P00759000,2026-09-16 19:53:49+00:00,759.0,11.17,10.87,11.08,1.6900005,17.827011,754.0,1225.0,0.14170169830322266,True,REGULAR,USD,put,2026-09-30,0.038356164383561646,754.0499877929688,10.975,0.019134396355353155,1.006564567717214
SPY260930P00760000,2026-09-16 20:14:50+00:00,760.0,11.53,11.39,11.87,2.12,22.529222,5656.0,11579.0,0.14490601196289063,True,REGULAR,USD,put,2026-09-30,0.038356164383561646,754.0499877929688,11.629999999999999,0.04127257093723118,1.0078907397431918
SPY260930P00761000,2026-09-16 20:08:27+00:00,761.0,12.15,11.86,12.32,1.9299994,18.884533,9376.0,27115.0,0.1417932501220703,True,REGULAR,USD,put,2026-09-30,0.038356164383561646,754.0499877929688,12.09,0.03804797353184457,1.0092169117691696
SPY260930P00762000,2026-09-16 20:07:37+00:00,762.0,12.75,12.66,13.07,1.6499996,14.8648615,102.0,1568.0,0.1437463555908203,True,REGULAR,USD,put,2026-09-30,0.038356164383561646,754.0499877929688,12.865,0.03186941313641665,1.0105430837951475
SPY260930P00763000,2026-09-16 19:36:34+00:00,763.0,14.19,13.07,13.57,3.29,30.183487,83.0,1563.0,0.1408166973876953,True,REGULAR,USD,put,2026-09-30,0.038356164383561646,754.0499877929688,13.32,0.03753753753753754,1.0118692558211255
SPY260930P00764000,2026-09-16 19:23:57+00:00,764.0,17.01,13.73,14.36,5.3500004,45.88337,70.0,1162.0,0.1428918719482422,True,REGULAR,USD,put,2026-09-30,0.038356164383561646,754.0499877929688,14.045,0.04485582057671762,1.0131954278471034
SPY260930P00765000,2026-09-16 20:05:26+00:00,765.0,14.71,14.52,14.94,2.71,22.583334,220.0,2129.0,0.14069462829589846,True,REGULAR,USD,put,2026-09-30,0.038356164383561646,754.0499877929688,14.73,0.028513238289205697,1.0145215998730812
SPY260930P00766000,2026-09-16 20:06:45+00:00,766.0,15.39,15.16,15.76,1.6100006,11.683604,60.0,2201.0,0.14283083740234376,True,REGULAR,USD,put,2026-09-30,0.038356164383561646,754.0499877929688,15.46,0.03880983182406207,1.015847771899059
SPY260930P00767000,2026-09-16 20:09:58+00:00,767.0,16.2,15.86,16.51,2.1100006,14.975163,60.0,1753.0,0.14331911376953127,True,REGULAR,USD,put,2026-09-30,0.038356164383561646,754.0499877929688,16.185000000000002,0.04016064257028125,1.017173943925037
SPY260930P00768000,2026-09-16 19:56:28+00:00,768.0,16.81,16.6,17.26,2.6499996,18.714687,35.0,633.0,0.1435327346801758,True,REGULAR,USD,put,2026-09-30,0.038356164383561646,754.0499877929688,16.93,0.03898405197873598,1.0185001159510148
SPY260930P00769000,2026-09-16 19:45:00+00:00,769.0,17.88,17.38,18.08,2.6799994,17.631575,19.0,1542.0,0.14493652923583983,True,REGULAR,USD,put,2026-09-30,0.038356164383561646,754.0499877929688,17.729999999999997,0.039481105470953154,1.0198262879769928
SPY260930P00770000,2026-09-16 20:12:44+00:00,770.0,18.36,18.19,18.97,2.3600006,14.750004,171.0,5995.0,0.14765256652832032,True,REGULAR,USD,put,2026-09-30,0.038356164383561646,754.0499877929688,18.58,0.04198062432723346,1.0211524600029707
SPY260930P00771000,2026-09-16 18:39:19+00:00,771.0,16.1,18.5,19.96,3.1600008,24.42041,7.0,1084.0,0.15241326110839848,True,REGULAR,USD,put,2026-09-30,0.038356164383561646,754.0499877929688,19.23,0.07592303692147691,1.0224786320289485
SPY260930P00772000,2026-09-16 20:06:44+00:00,772.0,20.63,19.24,21.89,7.129999,52.81481,11.0,1294.0,0.17752897674560547,True,REGULAR,USD,put,2026-09-30,0.038356164383561646,754.0499877929688,20.564999999999998,0.1288597131047898,1.0238048040549264
SPY260930P00773000,2026-09-16 19:20:42+00:00,773.0,23.71,19.97,22.77,8.499999,55.884277,4.0,801.0,0.18006191040039063,True,REGULAR,USD,put,2026-09-30,0.038356164383561646,754.0499877929688,21.369999999999997,0.13102480112306977,1.0251309760809042
SPY260930P00774000,2026-09-16 18:58:45+00:00,774.0,21.8,20.77,23.48,2.4099998,12.429087,12.0,446.0,0.1787496676635742,True,REGULAR,USD,put,2026-09-30,0.038356164383561646,754.0499877929688,22.125,0.12248587570621473,1.026457148106882
SPY260930P00775000,2026-09-16 19:59:19+00:00,775.0,22.9,21.5,24.77,3.039999,15.307145,17.0,11799.0,0.1900715759277344,True,REGULAR,USD,put,2026-09-30,0.038356164383561646,754.0499877929688,23.134999999999998,0.14134428355305814,1.0277833201328601
SPY260930P00776000,2026-09-16 20:06:45+00:00,776.0,23.69,22.37,25.69,2.6900005,12.809526,3.0,363.0,0.19321485504150393,True,REGULAR,USD,put,2026-09-30,0.038356164383561646,754.0499877929688,24.03,0.138160632542655,1.029109492158838
SPY260930P00777000,2026-09-16 19:39:12+00:00,777.0,26.75,23.24,26.63,4.91,22.481686,4.0,321.0,0.19672434143066403,True,REGULAR,USD,put,2026-09-30,0.038356164383561646,754.0499877929688,24.935,0.13595347904551838,1.0304356641848158
SPY260930P00778000,2026-09-16 19:54:28+00:00,778.0,25.0,24.1,27.57,2.2199993,9.745388,3.0,288.0,0.20014227600097656,True,REGULAR,USD,put,2026-09-30,0.038356164383561646,754.0499877929688,25.835,0.13431391523127537,1.0317618362107936
SPY260930P00779000,2026-09-10 15:32:16+00:00,779.0,22.88,25.09,28.53,0.0,0.0,4.0,128.0,0.20392641784667967,True,REGULAR,USD,put,2026-09-30,0.038356164383561646,754.0499877929688,26.810000000000002,0.12831033196568448,1.0330880082367715
SPY260930P00780000,2026-09-16 19:36:39+00:00,780.0,30.0,26.05,29.5,5.26,21.261116,16.0,578.0,0.20789366333007808,True,REGULAR,USD,put,2026-09-30,0.038356164383561646,754.0499877929688,27.775,0.1242124212421242,1.0344141802627496
SPY260930P00781000,2026-09-16 16:24:51+00:00,781.0,27.61,26.79,30.47,2.3400002,9.259993,2.0,25.0,0.2117998742675781,True,REGULAR,USD,put,2026-09-30,0.038356164383561646,754.0499877929688,28.63,0.12853650017464197,1.0357403522887274
SPY260930P00782000,2026-09-15 18:58:02+00:00,782.0,26.43,27.78,31.44,0.0,0.0,1.0,82.0,0.2156755679321289,True,REGULAR,USD,put,2026-09-30,0.038356164383561646,754.0499877929688,29.61,0.12360688956433638,1.0370665243147053
SPY260930P00783000,2026-09-15 18:58:02+00:00,783.0,27.38,28.64,32.42,0.0,0.0,1.0,14.0,0.21973436523437498,True,REGULAR,USD,put,2026-09-30,0.038356164383561646,754.0499877929688,30.53,0.12381264330167052,1.038392696340683
SPY260930P00784000,2026-09-04 17:20:20+00:00,784.0,16.74,29.71,33.41,0.0,0.0,8.0,40.0,0.22400678344726557,True,REGULAR,USD,put,2026-09-30,0.038356164383561646,754.0499877929688,31.56,0.11723700887198973,1.039718868366661
SPY260930P00785000,2026-09-16 19:18:04+00:00,785.0,36.0,30.7,34.4,7.5,26.31579,10.0,101.0,0.2282181671142578,True,REGULAR,USD,put,2026-09-30,0.038356164383561646,754.0499877929688,32.55,0.11367127496159753,1.0410450403926388
SPY260930P00786000,2026-09-16 19:53:46+00:00,786.0,33.92,31.69,35.39,11.269999,49.75717,2.0,21.0,0.23236851623535154,True,REGULAR,USD,put,2026-09-30,0.038356164383561646,754.0499877929688,33.54,0.11031604054859867,1.0423712124186169
SPY260930P00787000,2026-09-14 13:33:58+00:00,787.0,29.71,32.68,36.39,0.0,0.0,1.0,6.0,0.23676300354003904,True,REGULAR,USD,put,2026-09-30,0.038356164383561646,754.0499877929688,34.535,0.10742724771970469,1.0436973844445947
SPY260930P00788000,2026-09-08 15:30:09+00:00,788.0,22.2,33.59,37.38,0.0,0.0,1.0,10.0,0.24085231811523436,True,REGULAR,USD,put,2026-09-30,0.038356164383561646,754.0499877929688,35.485,0.10680569254614623,1.0450235564705725
SPY260930P00789000,2026-09-09 13:30:11+00:00,789.0,26.5,34.59,38.38,0.0,0.0,3.0,29.0,0.24518577087402343,True,REGULAR,USD,put,2026-09-30,0.038356164383561646,754.0499877929688,36.485,0.10387830615321363,1.0463497284965504
SPY260930P00790000,2026-09-15 19:04:53+00:00,790.0,34.02,35.68,39.37,0.0,0.0,1.0,37.0,0.24927508544921873,True,REGULAR,USD,put,2026-09-30,0.038356164383561646,754.0499877929688,37.525,0.09833444370419714,1.0476759005225282
SPY260930P00791000,2026-09-16 19:58:51+00:00,791.0,38.64,36.58,40.44,17.84,85.76923,1.0,2.0,0.2553785400390626,True,REGULAR,USD,put,2026-09-30,0.038356164383561646,754.0499877929688,38.51,0.10023370553103089,1.049002072548506
SPY260930P00792000,2026-08-27 19:57:59+00:00,792.0,23.5,37.57,41.44,0.0,0.0,6.0,3.0,0.25962044097900394,True,REGULAR,USD,put,2026-09-30,0.038356164383561646,754.0499877929688,39.504999999999995,0.09796228325528408,1.0503282445744841
SPY260930P00793000,2026-09-03 13:41:21+00:00,793.0,24.5,38.58,42.44,0.0,0.0,1.0,4.0,0.2638623419189453,True,REGULAR,USD,put,2026-09-30,0.038356164383561646,754.0499877929688,40.51,0.09528511478647246,1.051654416600462
SPY260930P00794000,2026-09-10 13:30:57+00:00,794.0,37.3,39.57,43.44,0.0,0.0,6.0,13.0,0.26807372558593745,True,REGULAR,USD,put,2026-09-30,0.038356164383561646,754.0499877929688,41.504999999999995,0.09324177809902416,1.0529805886264398
SPY260930P00795000,2026-09-03 13:43:57+00:00,795.0,26.85,40.58,44.43,0.0,0.0,2.0,20.0,0.27197993652343744,True,REGULAR,USD,put,2026-09-30,0.038356164383561646,754.0499877929688,42.504999999999995,0.09057757910834024,1.0543067606524177
SPY260930P00796000,2026-09-16 19:55:33+00:00,796.0,43.64,41.57,45.43,15.039999,52.587406,1.0,1.0,0.2761302856445312,True,REGULAR,USD,put,2026-09-30,0.038356164383561646,754.0499877929688,43.5,0.08873563218390804,1.0556329326783955
SPY260930P00798000,2026-09-03 16:29:57+00:00,798.0,26.99,43.61,47.43,0.0,0.0,2.0,3.0,0.28436994934082027,True,REGULAR,USD,put,2026-09-30,0.038356164383561646,754.0499877929688,45.519999999999996,0.08391915641476276,1.0582852767303514
SPY260930P00800000,2026-09-16 20:11:44+00:00,800.0,47.5,45.68,49.36,3.2999992,7.466062,2.0,281.0,0.29053443847656246,True,REGULAR,USD,put,2026-09-30,0.038356164383561646,754.0499877929688,47.519999999999996,0.07744107744107744,1.0609376207823071
SPY260930P00802000,2026-09-01 13:30:10+00:00,802.0,40.65,47.67,51.36,0.0,0.0,1.0,3.0,0.2985909985351562,True,REGULAR,USD,put,2026-09-30,0.038356164383561646,754.0499877929688,49.515,0.07452287185701298,1.0635899648342628
SPY260930P00804000,2026-07-02 16:56:05+00:00,804.0,61.59,39.11,41.86,0.0,0.0,1.0,0.0,1.0000000000000003e-05,True,REGULAR,USD,put,2026-09-30,0.038356164383561646,754.0499877929688,40.485,0.06792639249104607,1.0662423088862187
SPY260930P00805000,2026-09-10 13:42:12+00:00,805.0,47.52,50.67,54.36,0.0,0.0,1.0,2.0,0.31049273498535157,True,REGULAR,USD,put,2026-09-30,0.038356164383561646,754.0499877929688,52.515,0.07026563838903166,1.0675684809121966
SPY260930P00806000,2026-09-10 13:55:37+00:00,806.0,50.11,51.57,55.36,0.0,0.0,1.0,3.0,0.31445998046874996,True,REGULAR,USD,put,2026-09-30,0.038356164383561646,754.0499877929688,53.465,0.0708874964930328,1.0688946529381744
SPY260930P00808000,2026-08-19 17:19:22+00:00,808.0,38.01,53.57,57.35,0.0,0.0,2.0,0.0,0.3219061950683593,True,REGULAR,USD,put,2026-09-30,0.038356164383561646,754.0499877929688,55.46,0.06815723043635054,1.0715469969901301
SPY260930P00810000,2026-09-15 14:08:34+00:00,810.0,53.0,55.74,59.35,0.0,0.0,1.0,14.0,0.3296575823974609,True,REGULAR,USD,put,2026-09-30,0.038356164383561646,754.0499877929688,57.545,0.06273351290294552,1.074199341042086
SPY260930P00815000,2026-09-16 19:19:13+00:00,815.0,65.4,60.62,64.35,13.900002,26.990294,2.0,2.0,0.34870036071777344,True,REGULAR,USD,put,2026-09-30,0.038356164383561646,754.0499877929688,62.485,0.059694326638393164,1.0808302011719755
SPY260930P00820000,2026-09-11 14:45:07+00:00,820.0,57.23,65.65,69.41,0.0,0.0,1.0,0.0,0.3692079681396484,True,REGULAR,USD,put,2026-09-30,0.038356164383561646,754.0499877929688,67.53,0.05567895750037007,1.0874610613018647
SPY260930P00825000,2026-09-16 18:33:11+00:00,825.0,68.4,70.66,74.41,-0.9300003,-1.341411,1.0,4.0,0.3875183319091796,True,REGULAR,USD,put,2026-09-30,0.038356164383561646,754.0499877929688,72.535,0.051699179706348665,1.0940919214317542
SPY260930P00845000,2026-04-20 19:49:11+00:00,845.0,137.07,104.72,108.09,0.0,0.0,1.0,0.0,0.766451310119629,True,REGULAR,USD,put,2026-09-30,0.038356164383561646,754.0499877929688,106.405,0.03167144401108975,1.120615361951312
SPY260930P00850000,2026-09-04 15:53:33+00:00,850.0,81.0,95.57,99.33,0.0,0.0,1.0,1.0,0.4714408325195312,True,REGULAR,USD,put,2026-09-30,0.038356164383561646,754.0499877929688,97.44999999999999,0.03858388917393541,1.1272462220812014
SPY260930P00855000,2026-04-08 19:59:48+00:00,855.0,181.01,115.66,118.93,0.0,0.0,1.0,0.0,0.8284318914794921,True,REGULAR,USD,put,2026-09-30,0.038356164383561646,754.0499877929688,117.295,0.027878426190374783,1.1338770822110908
SPY260930P00895000,2026-09-10 19:20:34+00:00,895.0,138.32,140.55,144.31,0.0,0.0,4.0,4.0,0.5127001855468749,True,REGULAR,USD,put,2026-09-30,0.038356164383561646,754.0499877929688,142.43,0.026398932809099142,1.186923963250206
SPY260930P00900000,2026-05-15 15:56:32+00:00,900.0,160.4,146.5,149.69,0.0,0.0,1.0,0.0,0.5665326550292968,True,REGULAR,USD,put,2026-09-30,0.038356164383561646,754.0499877929688,148.095,0.021540227556635927,1.1935548233800954
SPY261016C00300000,2026-08-31 14:35:26+00:00,300.0,465.48,452.2,456.08,0.0,0.0,141.0,123.0,1.1171919140625,True,REGULAR,USD,call,2026-10-16,0.0821917808219178,754.0499877929688,454.14,0.008543620909851578,0.39785160779336515
SPY261016C00305000,2026-09-09 14:33:42+00:00,305.0,458.88,447.2,451.08,0.0,0.0,2.0,74.0,1.0976607617187502,True,REGULAR,USD,call,2026-10-16,0.0821917808219178,754.0499877929688,449.14,0.008638731798548327,0.4044824679232546
SPY261016C00330000,2026-08-20 15:13:32+00:00,330.0,437.51,422.2,426.08,0.0,0.0,15.0,20.0,1.0058643457031249,True,REGULAR,USD,call,2026-10-16,0.0821917808219178,754.0499877929688,424.14,0.009147922855660856,0.4376367685727017
SPY261016C00335000,2026-08-20 15:15:59+00:00,335.0,432.71,417.2,421.08,0.0,0.0,15.0,10.0,0.9882813671875,True,REGULAR,USD,call,2026-10-16,0.0821917808219178,754.0499877929688,419.14,0.009257050150307762,0.4442676287025911
SPY261016C00350000,2026-09-14 15:25:23+00:00,350.0,409.44,402.2,406.08,0.0,0.0,3.0,1.0,0.937500625,True,REGULAR,USD,call,2026-10-16,0.0821917808219178,754.0499877929688,404.14,0.00960063344385608,0.46416020909225936
SPY261016C00360000,2026-09-03 15:13:36+00:00,360.0,411.77,392.2,396.08,0.0,0.0,3.0,4.0,0.9062509375,True,REGULAR,USD,call,2026-10-16,0.0821917808219178,754.0499877929688,394.14,0.00984421779063276,0.4774219293520382
SPY261016C00400000,2026-08-10 15:41:32+00:00,400.0,375.11,352.2,356.08,0.0,0.0,2.0,1.0,0.7832052929687501,True,REGULAR,USD,call,2026-10-16,0.0821917808219178,754.0499877929688,354.14,0.010956119048963674,0.5304688103911536
SPY261016C00420000,2026-08-27 16:42:13+00:00,420.0,352.54,332.2,336.08,0.0,0.0,4.0,4.0,0.726565234375,True,REGULAR,USD,call,2026-10-16,0.0821917808219178,754.0499877929688,334.14,0.011611899203926485,0.5569922509107113
SPY261016C00445000,2026-09-10 16:50:13+00:00,445.0,314.16,307.2,311.08,0.0,0.0,36.0,36.0,0.6601596484375001,True,REGULAR,USD,call,2026-10-16,0.0821917808219178,754.0499877929688,309.14,0.012550947790645,0.5901465515601584
SPY261016C00450000,2026-09-14 17:12:24+00:00,450.0,313.0,302.2,306.08,0.0,0.0,6.0,8.0,0.64648791015625,True,REGULAR,USD,call,2026-10-16,0.0821917808219178,754.0499877929688,304.14,0.012757282830275517,0.5967774116900477
SPY261016C00465000,2026-09-14 17:12:16+00:00,465.0,298.0,287.21,291.09,0.0,0.0,9.0,11.0,0.6152382226562501,True,REGULAR,USD,call,2026-10-16,0.0821917808219178,754.0499877929688,289.15,0.013418640843852657,0.6166699920797161
SPY261016C00480000,2026-09-14 17:12:24+00:00,480.0,283.04,272.23,276.11,0.0,0.0,8.0,94.0,0.5888712988281251,True,REGULAR,USD,call,2026-10-16,0.0821917808219178,754.0499877929688,274.17,0.014151803625487819,0.6365625724693843
SPY261016C00485000,2026-09-14 16:48:31+00:00,485.0,278.24,267.25,271.13,0.0,0.0,11.0,13.0,0.585941640625,True,REGULAR,USD,call,2026-10-16,0.0821917808219178,754.0499877929688,269.19,0.014413611203982301,0.6431934325992738
SPY261016C00500000,2026-09-15 13:30:39+00:00,500.0,259.96,252.31,256.19,0.0,0.0,4.0,141.0,0.5712933496093751,True,REGULAR,USD,call,2026-10-16,0.0821917808219178,754.0499877929688,254.25,0.015260570304818075,0.663086012988942
SPY261016C00505000,2026-09-08 15:21:01+00:00,505.0,263.54,247.33,251.21,0.0,0.0,36.0,22.0,0.5649457568359376,True,REGULAR,USD,call,2026-10-16,0.0821917808219178,754.0499877929688,249.27,0.015565451117262387,0.6697168731188313
SPY261016C00510000,2026-09-11 16:59:33+00:00,510.0,255.89,242.35,246.23,0.0,0.0,1.0,80.0,0.5581098876953126,True,REGULAR,USD,call,2026-10-16,0.0821917808219178,754.0499877929688,244.29,0.015882762290720026,0.6763477332487208
SPY261016C00515000,2026-09-09 17:06:50+00:00,515.0,248.17,237.38,241.26,0.0,0.0,43.0,116.0,0.5532271240234375,True,REGULAR,USD,call,2026-10-16,0.0821917808219178,754.0499877929688,239.32,0.01621260237339126,0.6829785933786102
SPY261016C00520000,2026-09-16 19:21:22+00:00,520.0,230.82,232.41,236.29,-11.089996,-4.584348,1.0,73.0,0.5478560839843751,True,REGULAR,USD,call,2026-10-16,0.0821917808219178,754.0499877929688,234.35,0.016556432686153172,0.6896094535084997
SPY261016C00525000,2026-09-09 17:06:50+00:00,525.0,238.21,227.44,231.32,0.0,0.0,43.0,48.0,0.5417526293945314,True,REGULAR,USD,call,2026-10-16,0.0821917808219178,754.0499877929688,229.38,0.016915162612259112,0.696240313638389
SPY261016C00530000,2026-09-08 16:16:18+00:00,530.0,237.82,222.47,226.35,0.0,0.0,166.0,84.0,0.5351608984375,True,REGULAR,USD,call,2026-10-16,0.0821917808219178,754.0499877929688,224.41,0.017289782095272026,0.7028711737682785
SPY261016C00535000,2026-09-16 20:06:41+00:00,535.0,221.33,217.5,221.38,9.630005,4.5488925,1.0,1.0,0.5278367529296876,True,REGULAR,USD,call,2026-10-16,0.0821917808219178,754.0499877929688,219.44,0.01768137076193946,0.7095020338981679
SPY261016C00540000,2026-06-30 17:51:41+00:00,540.0,213.41,224.3,227.04,0.0,0.0,1.0,2.0,1.0178271765136717,True,REGULAR,USD,call,2026-10-16,0.0821917808219178,754.0499877929688,225.67000000000002,0.012141622723445654,0.7161328940280574
SPY261016C00550000,2026-09-08 19:34:07+00:00,550.0,217.85,202.6,206.48,0.0,0.0,1.0,2.0,0.5056201782226561,True,REGULAR,USD,call,2026-10-16,0.0821917808219178,754.0499877929688,204.54,0.018969394739415252,0.7293946142878361
SPY261016C00555000,2026-09-11 19:58:33+00:00,555.0,199.43,197.63,201.51,-11.060013,-5.254412,1.0,3.0,0.6470982556152343,True,REGULAR,USD,call,2026-10-16,0.0821917808219178,754.0499877929688,199.57,0.019441799869719875,0.7360254744177256
SPY261016C00560000,2026-09-08 19:44:42+00:00,560.0,207.78,192.67,196.55,0.0,0.0,4.0,30.0,0.6334265173339844,True,REGULAR,USD,call,2026-10-16,0.0821917808219178,754.0499877929688,194.61,0.019937310518472966,0.742656334547615
SPY261016C00565000,2026-09-10 17:15:06+00:00,565.0,194.39,187.71,191.59,0.0,0.0,7.0,12.0,0.6197547790527345,True,REGULAR,USD,call,2026-10-16,0.0821917808219178,754.0499877929688,189.65,0.02045873978381226,0.7492871946775044
SPY261016C00570000,2026-09-10 14:44:16+00:00,570.0,189.83,182.75,186.63,0.0,0.0,10.0,23.0,0.6060830407714846,True,REGULAR,USD,call,2026-10-16,0.0821917808219178,754.0499877929688,184.69,0.021008175862255646,0.7559180548073938
SPY261016C00575000,2026-09-15 15:58:19+00:00,575.0,183.0,177.79,181.67,0.0,0.0,5.0,10.0,0.5924113024902344,True,REGULAR,USD,call,2026-10-16,0.0821917808219178,754.0499877929688,179.73,0.021587937461748155,0.7625489149372833
SPY261016C00580000,2026-09-15 13:54:30+00:00,580.0,180.27,172.83,176.71,0.0,0.0,2.0,24.0,0.5787395642089843,True,REGULAR,USD,call,2026-10-16,0.0821917808219178,754.0499877929688,174.77,0.022200606511414974,0.7691797750671727
SPY261016C00585000,2026-09-16 20:08:53+00:00,585.0,169.6,167.87,171.75,-3.2799988,-1.897269,5.0,29.0,0.5650678259277344,True,REGULAR,USD,call,2026-10-16,0.0821917808219178,754.0499877929688,169.81,0.022849066603851335,0.7758106351970621
SPY261016C00590000,2026-09-15 16:11:05+00:00,590.0,167.6,162.91,166.79,0.0,0.0,5.0,282.0,0.5513960876464845,True,REGULAR,USD,call,2026-10-16,0.0821917808219178,754.0499877929688,164.85,0.023536548377312682,0.7824414953269515
SPY261016C00595000,2026-09-14 18:29:07+00:00,595.0,166.46,157.96,161.84,0.0,0.0,2.0,57.0,0.5380905566406251,True,REGULAR,USD,call,2026-10-16,0.0821917808219178,754.0499877929688,159.9,0.024265165728580333,0.789072355456841
SPY261016C00600000,2026-09-16 17:44:43+00:00,600.0,160.17,153.01,156.89,2.130005,1.3477632,13.0,450.0,0.5248460601806642,True,REGULAR,USD,call,2026-10-16,0.0821917808219178,754.0499877929688,154.95,0.025040335592126466,0.7957032155867303
SPY261016C00605000,2026-09-16 19:02:47+00:00,605.0,150.06,148.06,151.94,-11.229996,-6.962611,6.0,38.0,0.5114794946289063,True,REGULAR,USD,call,2026-10-16,0.0821917808219178,754.0499877929688,150.0,0.025866666666666635,0.8023340757166197
SPY261016C00610000,2026-09-16 19:54:51+00:00,610.0,144.78,143.11,146.99,-5.919998,-3.9283333,7.0,84.0,0.4981739636230469,True,REGULAR,USD,call,2026-10-16,0.0821917808219178,754.0499877929688,145.05,0.02674939675973799,0.8089649358465092
SPY261016C00615000,2026-09-11 14:49:59+00:00,615.0,139.72,138.16,142.04,-10.9900055,-7.2921534,1.0,198.0,0.48474636352539063,True,REGULAR,USD,call,2026-10-16,0.0821917808219178,754.0499877929688,140.1,0.027694503925767278,0.8155957959763986
SPY261016C00620000,2026-09-16 19:23:42+00:00,620.0,131.65,133.22,137.1,-11.37001,-7.9499435,15.0,194.0,0.471684970703125,True,REGULAR,USD,call,2026-10-16,0.0821917808219178,754.0499877929688,135.16,0.02870671796389461,0.822226656106288
SPY261016C00625000,2026-09-16 19:52:47+00:00,625.0,129.92,128.28,132.16,-4.5200043,-3.3620977,4.0,234.0,0.4585015087890626,True,REGULAR,USD,call,2026-10-16,0.0821917808219178,754.0499877929688,130.22,0.029795730302564855,0.8288575162361774
SPY261016C00630000,2026-09-16 15:49:49+00:00,630.0,132.16,123.35,127.23,3.6200104,2.8162522,2.0,52.0,0.44562321960449214,True,REGULAR,USD,call,2026-10-16,0.0821917808219178,754.0499877929688,125.28999999999999,0.03096815388299154,0.8354883763660669
SPY261016C00635000,2026-09-16 18:32:18+00:00,635.0,124.91,118.42,122.3,-6.0899963,-4.6488523,1.0,4347.0,0.432622861328125,True,REGULAR,USD,call,2026-10-16,0.0821917808219178,754.0499877929688,120.36,0.03223662346294446,0.8421192364959563
SPY261016C00640000,2026-09-16 19:35:53+00:00,640.0,113.46,113.49,117.37,-21.840004,-16.14191,1.0,422.0,0.4195614685058594,True,REGULAR,USD,call,2026-10-16,0.0821917808219178,754.0499877929688,115.43,0.03361344537815134,0.8487500966258457
SPY261016C00645000,2026-09-16 20:02:33+00:00,645.0,110.37,108.57,112.45,-8.199997,-6.9157434,14.0,236.0,0.40668317932128906,True,REGULAR,USD,call,2026-10-16,0.0821917808219178,754.0499877929688,110.50999999999999,0.03510994480137553,0.8553809567557351
SPY261016C00650000,2026-09-16 19:10:50+00:00,650.0,104.05,103.66,107.54,-5.6299973,-5.1331124,7.0,331.0,0.39398799377441407,True,REGULAR,USD,call,2026-10-16,0.0821917808219178,754.0499877929688,105.6,0.03674242424242433,0.8620118168856246
SPY261016C00655000,2026-09-14 17:55:14+00:00,655.0,109.19,98.75,102.63,0.0,0.0,2.0,35.0,0.3811097045898437,True,REGULAR,USD,call,2026-10-16,0.0821917808219178,754.0499877929688,100.69,0.0385341146091965,0.868642677015514
SPY261016C00660000,2026-09-16 18:02:44+00:00,660.0,100.73,93.86,97.74,1.6600037,1.6755866,2.0,287.0,0.3685976226806641,True,REGULAR,USD,call,2026-10-16,0.0821917808219178,754.0499877929688,95.8,0.04050104384133607,0.8752735371454033
SPY261016C00665000,2026-09-14 19:38:47+00:00,665.0,98.86,89.16,92.31,0.0,0.0,4.0,475.0,0.3411931115722656,True,REGULAR,USD,call,2026-10-16,0.0821917808219178,754.0499877929688,90.735,0.034716482063151,0.8819043972752928
SPY261016C00670000,2026-09-16 18:37:42+00:00,670.0,88.64,84.29,87.45,-4.949997,-5.2890234,1.0,501.0,0.32971861694335935,True,REGULAR,USD,call,2026-10-16,0.0821917808219178,754.0499877929688,85.87,0.03679981367182947,0.8885352574051822
SPY261016C00675000,2026-09-16 19:24:32+00:00,675.0,77.81,79.43,82.53,-6.8700027,-8.112899,4.0,122.0,0.31641308593749995,True,REGULAR,USD,call,2026-10-16,0.0821917808219178,754.0499877929688,80.98,0.03828105705112366,0.8951661175350717
SPY261016C00680000,2026-09-16 14:20:20+00:00,680.0,81.7,74.89,77.65,2.0599976,2.5866368,3.0,2429.0,0.3038704867553711,True,REGULAR,USD,call,2026-10-16,0.0821917808219178,754.0499877929688,76.27000000000001,0.03618722957912685,0.901796977664961
SPY261016C00685000,2026-09-16 14:20:32+00:00,685.0,76.76,70.42,72.82,2.2600021,3.0335598,300.0,1698.0,0.29224340576171864,True,REGULAR,USD,call,2026-10-16,0.0821917808219178,754.0499877929688,71.62,0.03351019268360781,0.9084278377948505
SPY261016C00690000,2026-09-16 19:08:30+00:00,690.0,66.52,65.72,67.92,-3.4200058,-4.8899136,10.0,1198.0,0.27863270202636714,True,REGULAR,USD,call,2026-10-16,0.0821917808219178,754.0499877929688,66.82,0.0329242741694104,0.9150586979247399
SPY261016C00695000,2026-09-16 19:59:20+00:00,695.0,61.8,61.59,62.35,-3.4900017,-5.345385,202.0,1076.0,0.24985491363525392,True,REGULAR,USD,call,2026-10-16,0.0821917808219178,754.0499877929688,61.97,0.012263998709052735,0.9216895580546293
SPY261016C00700000,2026-09-16 20:02:48+00:00,700.0,57.4,56.84,57.64,-2.699997,-4.4925075,59.0,905.0,0.24054714538574218,True,REGULAR,USD,call,2026-10-16,0.0821917808219178,754.0499877929688,57.24,0.01397624039133468,0.9283204181845187
SPY261016C00701000,2026-09-16 14:25:49+00:00,701.0,60.97,55.57,56.71,1.5800018,2.6603837,2.0,35.0,0.23883817810058594,True,REGULAR,USD,call,2026-10-16,0.0821917808219178,754.0499877929688,56.14,0.020306376914855727,0.9296465902104967
SPY261016C00702000,2026-08-31 19:16:23+00:00,702.0,68.45,54.98,55.77,0.0,0.0,2.0,75.0,0.23688507263183595,True,REGULAR,USD,call,2026-10-16,0.0821917808219178,754.0499877929688,55.375,0.014266365688487697,0.9309727622364745
SPY261016C00703000,2026-09-16 19:19:20+00:00,703.0,51.8,53.64,54.84,-15.860004,-23.440739,25.0,4.0,0.23511507080078126,True,REGULAR,USD,call,2026-10-16,0.0821917808219178,754.0499877929688,54.24,0.022123893805309786,0.9322989342624524
SPY261016C00704000,2026-09-14 20:01:47+00:00,704.0,61.02,53.12,53.91,0.0,0.0,1.0,73.0,0.2332840344238281,True,REGULAR,USD,call,2026-10-16,0.0821917808219178,754.0499877929688,53.515,0.014762216201065105,0.9336251062884303
SPY261016C00705000,2026-09-16 19:54:50+00:00,705.0,52.23,52.24,52.99,-3.1399994,-5.67094,55.0,293.0,0.2316361016845703,True,REGULAR,USD,call,2026-10-16,0.0821917808219178,754.0499877929688,52.615,0.014254490164401785,0.9349512783144082
SPY261016C00706000,2026-09-16 19:14:01+00:00,706.0,49.58,51.27,52.0,-5.9799995,-10.763138,7.0,25.0,0.22855385711669923,True,REGULAR,USD,call,2026-10-16,0.0821917808219178,754.0499877929688,51.635000000000005,0.014137697298344085,0.936277450340386
SPY261016C00707000,2026-09-14 13:48:46+00:00,707.0,55.97,49.94,51.14,0.0,0.0,1.0,42.0,0.22800454620361327,True,REGULAR,USD,call,2026-10-16,0.0821917808219178,754.0499877929688,50.54,0.0237435694499407,0.937603622366364
SPY261016C00708000,2026-09-16 19:11:48+00:00,708.0,48.94,49.04,50.22,-6.260002,-11.340584,4.0,16.0,0.22623454437255858,True,REGULAR,USD,call,2026-10-16,0.0821917808219178,754.0499877929688,49.629999999999995,0.023775941970582304,0.9389297943923418
SPY261016C00709000,2026-08-27 16:27:11+00:00,709.0,66.69,48.14,49.3,0.0,0.0,4.0,6.0,0.22440350799560543,True,REGULAR,USD,call,2026-10-16,0.0821917808219178,754.0499877929688,48.72,0.02380952380952374,0.9402559664183197
SPY261016C00710000,2026-09-16 19:32:08+00:00,710.0,47.67,47.63,48.39,-3.25,-6.382561,131.0,1124.0,0.22272505798339842,True,REGULAR,USD,call,2026-10-16,0.0821917808219178,754.0499877929688,48.010000000000005,0.015830035409289688,0.9415821384442976
SPY261016C00711000,2026-09-16 19:55:55+00:00,711.0,47.15,46.26,47.27,-2.7199974,-5.454176,3.0,8.0,0.2171098797607422,True,REGULAR,USD,call,2026-10-16,0.0821917808219178,754.0499877929688,46.765,0.021597348444349514,0.9429083104702755
SPY261016C00712000,2026-09-16 17:38:20+00:00,712.0,51.63,45.37,46.33,2.6200027,5.345854,1.0,328.0,0.2148516015625,True,REGULAR,USD,call,2026-10-16,0.0821917808219178,754.0499877929688,45.849999999999994,0.02093784078516905,0.9442344824962533
SPY261016C00713000,2026-09-10 18:05:12+00:00,713.0,50.69,44.95,45.67,0.0,0.0,1.0,9.0,0.21759815612792968,True,REGULAR,USD,call,2026-10-16,0.0821917808219178,754.0499877929688,45.31,0.015890531891414674,0.9455606545222313
SPY261016C00714000,2026-09-10 16:34:13+00:00,714.0,49.17,44.03,44.76,0.0,0.0,51.0,105.0,0.21573660247802734,True,REGULAR,USD,call,2026-10-16,0.0821917808219178,754.0499877929688,44.394999999999996,0.016443293163644485,0.9468868265482091
SPY261016C00715000,2026-09-16 19:38:33+00:00,715.0,41.91,43.14,43.86,-4.450001,-9.598793,24.0,362.0,0.21399711791992188,True,REGULAR,USD,call,2026-10-16,0.0821917808219178,754.0499877929688,43.5,0.016551724137931007,0.948212998574187
SPY261016C00716000,2026-09-16 14:05:12+00:00,716.0,47.65,41.85,42.76,-5.5,-10.348071,1.0,19.0,0.20877866424560543,True,REGULAR,USD,call,2026-10-16,0.0821917808219178,754.0499877929688,42.305,0.02151045975652988,0.9495391706001649
SPY261016C00717000,2026-09-16 18:05:55+00:00,717.0,47.12,40.98,41.97,-0.5300026,-1.1122824,3.0,6.0,0.20887021606445308,True,REGULAR,USD,call,2026-10-16,0.0821917808219178,754.0499877929688,41.474999999999994,0.02386980108499101,0.9508653426261428
SPY261016C00718000,2026-09-14 14:47:59+00:00,718.0,46.01,40.11,40.9,0.0,0.0,1.0,31.0,0.20414003875732417,True,REGULAR,USD,call,2026-10-16,0.0821917808219178,754.0499877929688,40.504999999999995,0.019503764967287972,0.9521915146521206
SPY261016C00719000,2026-09-01 14:49:08+00:00,719.0,50.85,39.56,40.3,0.0,0.0,1.0,12.0,0.20722228332519527,True,REGULAR,USD,call,2026-10-16,0.0821917808219178,754.0499877929688,39.93,0.018532431755572124,0.9535176866780986
SPY261016C00720000,2026-09-16 19:59:58+00:00,720.0,39.15,38.78,39.32,-3.1599998,-7.4686832,37.0,496.0,0.20392641784667967,True,REGULAR,USD,call,2026-10-16,0.0821917808219178,754.0499877929688,39.05,0.01382842509603071,0.9548438587040764
SPY261016C00721000,2026-09-10 13:34:35+00:00,721.0,42.89,37.81,38.47,0.0,0.0,2.0,54.0,0.20270572692871092,True,REGULAR,USD,call,2026-10-16,0.0821917808219178,754.0499877929688,38.14,0.01730466701625581,0.9561700307300544
SPY261016C00722000,2026-09-15 15:03:24+00:00,722.0,39.89,36.94,37.61,0.0,0.0,1.0,78.0,0.20124089782714843,True,REGULAR,USD,call,2026-10-16,0.0821917808219178,754.0499877929688,37.275,0.01797451374916168,0.9574962027560322
SPY261016C00723000,2026-09-16 18:49:41+00:00,723.0,39.51,36.14,36.8,-1.0600014,-2.6127715,2.0,19.0,0.20050848327636717,True,REGULAR,USD,call,2026-10-16,0.0821917808219178,754.0499877929688,36.47,0.018097066081710904,0.95882237478201
SPY261016C00724000,2026-09-16 19:55:55+00:00,724.0,35.35,35.27,35.94,-3.130001,-8.134099,4.0,12.0,0.19889106781005855,True,REGULAR,USD,call,2026-10-16,0.0821917808219178,754.0499877929688,35.605000000000004,0.01881758180030879,0.960148546807988
SPY261016C00725000,2026-09-16 20:00:12+00:00,725.0,34.55,34.51,34.93,-2.7999992,-7.496652,47.0,1091.0,0.19498485687255857,True,REGULAR,USD,call,2026-10-16,0.0821917808219178,754.0499877929688,34.72,0.012096774193548437,0.9614747188339658
SPY261016C00726000,2026-09-15 16:09:37+00:00,726.0,36.95,33.48,34.22,0.0,0.0,1.0,22.0,0.1955036505126953,True,REGULAR,USD,call,2026-10-16,0.0821917808219178,754.0499877929688,33.849999999999994,0.02186115214180213,0.9628008908599437
SPY261016C00727000,2026-09-14 14:48:54+00:00,727.0,37.59,32.62,33.37,0.0,0.0,2.0,92.0,0.19385571777343752,True,REGULAR,USD,call,2026-10-16,0.0821917808219178,754.0499877929688,32.995,0.022730716775268982,0.9641270628859216
SPY261016C00728000,2026-09-16 19:30:49+00:00,728.0,30.26,31.5,32.52,-8.320002,-21.565582,3.0,183.0,0.19214675048828128,True,REGULAR,USD,call,2026-10-16,0.0821917808219178,754.0499877929688,32.010000000000005,0.03186504217432062,0.9654532349118995
SPY261016C00729000,2026-09-14 16:47:36+00:00,729.0,38.87,30.99,31.68,0.0,0.0,18.0,42.0,0.19052933502197267,True,REGULAR,USD,call,2026-10-16,0.0821917808219178,754.0499877929688,31.335,0.022020105313547193,0.9667794069378773
SPY261016C00730000,2026-09-16 19:57:30+00:00,730.0,30.35,30.2,30.75,-3.6999989,-10.866369,82.0,1047.0,0.1875386422729492,True,REGULAR,USD,call,2026-10-16,0.0821917808219178,754.0499877929688,30.475,0.01804757998359313,0.9681055789638553
SPY261016C00731000,2026-09-15 17:02:15+00:00,731.0,32.75,29.34,30.02,0.0,0.0,1.0,285.0,0.1872945040893555,True,REGULAR,USD,call,2026-10-16,0.0821917808219178,754.0499877929688,29.68,0.022911051212937995,0.9694317509898331
SPY261016C00732000,2026-09-16 16:29:26+00:00,732.0,33.6,28.52,29.15,-1.1500015,-3.309357,22.0,113.0,0.18503622589111324,True,REGULAR,USD,call,2026-10-16,0.0821917808219178,754.0499877929688,28.835,0.021848448066585712,0.970757923015811
SPY261016C00733000,2026-09-16 19:16:10+00:00,733.0,26.14,27.74,28.38,-4.6100006,-14.991872,3.0,160.0,0.18405967315673827,True,REGULAR,USD,call,2026-10-16,0.0821917808219178,754.0499877929688,28.06,0.02280826799714899,0.9720840950417889
SPY261016C00734000,2026-09-16 19:26:26+00:00,734.0,24.58,26.9,27.52,-7.3500004,-23.019106,6.0,225.0,0.18180139495849607,True,REGULAR,USD,call,2026-10-16,0.0821917808219178,754.0499877929688,27.21,0.022785740536567473,0.9734102670677668
SPY261016C00735000,2026-09-16 20:07:20+00:00,735.0,26.41,26.09,26.63,-3.3199997,-11.167171,227.0,2672.0,0.1790548403930664,True,REGULAR,USD,call,2026-10-16,0.0821917808219178,754.0499877929688,26.36,0.020485584218512865,0.9747364390937446
SPY261016C00736000,2026-09-16 20:12:00+00:00,736.0,25.35,25.33,25.96,-2.8999996,-10.265486,4.0,158.0,0.17914639221191403,True,REGULAR,USD,call,2026-10-16,0.0821917808219178,754.0499877929688,25.645,0.02456619224020287,0.9760626111197226
SPY261016C00737000,2026-09-16 20:05:42+00:00,737.0,24.91,24.53,25.17,-7.6800003,-23.565512,4.0,177.0,0.1775594940185547,True,REGULAR,USD,call,2026-10-16,0.0821917808219178,754.0499877929688,24.85,0.025754527162977887,0.9773887831457004
SPY261016C00738000,2026-09-16 20:05:42+00:00,738.0,24.14,23.79,24.38,-2.3500004,-8.871273,28.0,407.0,0.1758810440063477,True,REGULAR,USD,call,2026-10-16,0.0821917808219178,754.0499877929688,24.085,0.024496574631513383,0.9787149551716783
SPY261016C00739000,2026-09-16 20:05:42+00:00,739.0,23.32,22.98,23.61,-2.6800003,-10.3076935,8.0,652.0,0.17438569763183598,True,REGULAR,USD,call,2026-10-16,0.0821917808219178,754.0499877929688,23.295,0.027044430135222106,0.9800411271976562
SPY261016C00740000,2026-09-16 20:09:09+00:00,740.0,22.4,22.18,22.56,-3.290001,-12.806542,2193.0,4205.0,0.16922827850341798,True,REGULAR,USD,call,2026-10-16,0.0821917808219178,754.0499877929688,22.369999999999997,0.01698703620920872,0.9813672992236341
SPY261016C00741000,2026-09-16 20:05:42+00:00,741.0,21.78,21.41,21.95,-2.3899994,-9.8882885,3.0,456.0,0.1695639685058594,True,REGULAR,USD,call,2026-10-16,0.0821917808219178,754.0499877929688,21.68,0.024907749077490736,0.9826934712496119
SPY261016C00742000,2026-09-16 20:05:42+00:00,742.0,21.05,20.76,21.32,-2.2800007,-9.772827,30.0,237.0,0.1695334512329102,True,REGULAR,USD,call,2026-10-16,0.0821917808219178,754.0499877929688,21.04,0.02661596958174899,0.9840196432755899
SPY261016C00743000,2026-09-16 20:05:42+00:00,743.0,20.28,19.92,20.38,-2.3499985,-10.384439,12.0,469.0,0.16553568847656253,True,REGULAR,USD,call,2026-10-16,0.0821917808219178,754.0499877929688,20.15,0.022828784119106566,0.9853458153015677
SPY261016C00744000,2026-09-16 19:32:21+00:00,744.0,18.25,19.18,19.72,-3.6100006,-16.514183,5.0,197.0,0.16491008438110355,True,REGULAR,USD,call,2026-10-16,0.0821917808219178,754.0499877929688,19.45,0.027763496143958826,0.9866719873275457
SPY261016C00745000,2026-09-16 20:12:08+00:00,745.0,18.92,18.66,18.81,-2.8700008,-13.171183,106.0,2708.0,0.161141201171875,True,REGULAR,USD,call,2026-10-16,0.0821917808219178,754.0499877929688,18.735,0.008006405124099204,0.9879981593535235
SPY261016C00746000,2026-09-16 19:33:35+00:00,746.0,16.73,17.86,18.4,-3.4500008,-17.096138,6.0,258.0,0.16327741027832032,True,REGULAR,USD,call,2026-10-16,0.0821917808219178,754.0499877929688,18.13,0.029784886927744024,0.9893243313795014
SPY261016C00747000,2026-09-16 18:34:40+00:00,747.0,19.64,17.18,17.69,-0.060001373,-0.30457547,19.0,243.0,0.16169051208496094,True,REGULAR,USD,call,2026-10-16,0.0821917808219178,754.0499877929688,17.435000000000002,0.029251505592199686,0.9906505034054793
SPY261016C00748000,2026-09-16 18:39:22+00:00,748.0,18.87,16.5,17.0,-0.25,-1.3075314,5.0,169.0,0.16021042434692384,True,REGULAR,USD,call,2026-10-16,0.0821917808219178,754.0499877929688,16.75,0.029850746268656716,0.9919766754314572
SPY261016C00749000,2026-09-16 20:03:00+00:00,749.0,16.03,15.83,16.31,-2.1299992,-11.72907,28.0,363.0,0.15862352615356445,True,REGULAR,USD,call,2026-10-16,0.0821917808219178,754.0499877929688,16.07,0.029869321717485915,0.993302847457435
SPY261016C00750000,2026-09-16 20:11:44+00:00,750.0,15.32,15.18,15.46,-2.6399994,-14.699329,1990.0,7420.0,0.1550377465820313,True,REGULAR,USD,call,2026-10-16,0.0821917808219178,754.0499877929688,15.32,0.018276762402088847,0.994629019483413
SPY261016C00751000,2026-09-16 19:59:04+00:00,751.0,14.54,14.5,14.69,-2.63,-15.317414,445.0,233.0,0.15227593338012696,True,REGULAR,USD,call,2026-10-16,0.0821917808219178,754.0499877929688,14.594999999999999,0.013018156903048956,0.9959551915093908
SPY261016C00752000,2026-09-16 20:10:04+00:00,752.0,14.0,13.83,14.13,-2.3799992,-14.52991,419.0,438.0,0.1518334329223633,True,REGULAR,USD,call,2026-10-16,0.0821917808219178,754.0499877929688,13.98,0.021459227467811207,0.9972813635353687
SPY261016C00753000,2026-09-16 20:10:44+00:00,753.0,13.4,13.35,13.39,-1.8299999,-12.0157585,428.0,301.0,0.14917843017578125,True,REGULAR,USD,call,2026-10-16,0.0821917808219178,754.0499877929688,13.370000000000001,0.0029917726252805476,0.9986075355613466
SPY261016C00754000,2026-09-16 20:12:16+00:00,754.0,12.72,12.71,12.76,-2.5599995,-16.753923,475.0,716.0,0.14765256652832032,True,REGULAR,USD,call,2026-10-16,0.0821917808219178,754.0499877929688,12.735,0.003926187671770627,0.9999337075873245
SPY261016C00755000,2026-09-16 20:14:46+00:00,755.0,12.17,12.1,12.16,-2.4700003,-16.871586,3986.0,3997.0,0.1463250651550293,False,REGULAR,USD,call,2026-10-16,0.0821917808219178,754.0499877929688,12.129999999999999,0.004946413849958821,1.0012598796133023
SPY261016C00756000,2026-09-16 20:13:01+00:00,756.0,11.58,11.52,11.56,-2.42,-17.285715,804.0,1175.0,0.1448449774169922,False,REGULAR,USD,call,2026-10-16,0.0821917808219178,754.0499877929688,11.54,0.0034662045060659384,1.0025860516392802
SPY261016C00757000,2026-09-16 20:00:30+00:00,757.0,10.96,10.94,10.98,-2.42,-18.086697,741.0,950.0,0.14347170013427735,False,REGULAR,USD,call,2026-10-16,0.0821917808219178,754.0499877929688,10.96,0.0036496350364964344,1.0039122236652582
SPY261016C00758000,2026-09-16 20:14:56+00:00,758.0,10.46,10.37,10.42,-2.2399998,-17.637793,1279.0,1577.0,0.14215945739746094,False,REGULAR,USD,call,2026-10-16,0.0821917808219178,754.0499877929688,10.395,0.004810004810004879,1.005238395691236
SPY261016C00759000,2026-09-16 20:14:19+00:00,759.0,9.85,9.82,9.85,-2.2599993,-18.662256,1087.0,1197.0,0.14057255920410155,False,REGULAR,USD,call,2026-10-16,0.0821917808219178,754.0499877929688,9.835,0.0030503304524656183,1.006564567717214
SPY261016C00760000,2026-09-16 20:04:36+00:00,760.0,9.3,9.29,9.33,-2.2299995,-19.340847,9474.0,8978.0,0.13941290283203128,False,REGULAR,USD,call,2026-10-16,0.0821917808219178,754.0499877929688,9.309999999999999,0.004296455424275073,1.0078907397431918
SPY261016C00761000,2026-09-16 20:03:36+00:00,761.0,8.86,8.77,8.8,-1.6700001,-15.859449,1515.0,1064.0,0.13796333236694336,False,REGULAR,USD,call,2026-10-16,0.0821917808219178,754.0499877929688,8.785,0.0034149117814457754,1.0092169117691696
SPY261016C00762000,2026-09-16 20:09:38+00:00,762.0,8.32,8.26,8.3,-2.0500002,-19.768564,1214.0,1599.0,0.1366968655395508,False,REGULAR,USD,call,2026-10-16,0.0821917808219178,754.0499877929688,8.280000000000001,0.004830917874396246,1.0105430837951475
SPY261016C00763000,2026-09-16 20:12:17+00:00,763.0,7.77,7.78,7.83,-1.9699998,-20.225872,3772.0,1687.0,0.13562876098632815,False,REGULAR,USD,call,2026-10-16,0.0821917808219178,754.0499877929688,7.805,0.006406149903907729,1.0118692558211255
SPY261016C00764000,2026-09-16 20:13:33+00:00,764.0,7.34,7.31,7.33,-1.9300003,-20.81985,613.0,2267.0,0.13401134552001953,False,REGULAR,USD,call,2026-10-16,0.0821917808219178,754.0499877929688,7.32,0.002732240437158533,1.0131954278471034
SPY261016C00765000,2026-09-16 20:14:34+00:00,765.0,6.9,6.85,6.88,-1.8499999,-21.142855,2969.0,6997.0,0.1327906546020508,False,REGULAR,USD,call,2026-10-16,0.0821917808219178,754.0499877929688,6.865,0.004369992716678842,1.0145215998730812
SPY261016C00766000,2026-09-16 20:04:43+00:00,766.0,6.45,6.42,6.44,-1.3900003,-17.729595,1091.0,6048.0,0.1315394464111328,False,REGULAR,USD,call,2026-10-16,0.0821917808219178,754.0499877929688,6.43,0.003110419906687475,1.015847771899059
SPY261016C00767000,2026-09-16 20:10:45+00:00,767.0,6.07,6.0,6.04,-1.6299996,-21.168827,1352.0,7606.0,0.130593410949707,False,REGULAR,USD,call,2026-10-16,0.0821917808219178,754.0499877929688,6.02,0.006644518272425255,1.017173943925037
SPY261016C00768000,2026-09-16 20:12:17+00:00,768.0,5.61,5.6,5.66,-1.5899997,-22.08333,473.0,4201.0,0.12970841003417968,False,REGULAR,USD,call,2026-10-16,0.0821917808219178,754.0499877929688,5.63,0.010657193605683925,1.0185001159510148
SPY261016C00769000,2026-09-16 20:14:55+00:00,769.0,5.24,5.22,5.28,-1.2400002,-19.135805,476.0,2385.0,0.1286250468444824,False,REGULAR,USD,call,2026-10-16,0.0821917808219178,754.0499877929688,5.25,0.011428571428571524,1.0198262879769928
SPY261016C00770000,2026-09-16 20:14:33+00:00,770.0,4.9,4.87,4.9,-1.5499997,-24.031004,7858.0,12850.0,0.12732806274414063,False,REGULAR,USD,call,2026-10-16,0.0821917808219178,754.0499877929688,4.885,0.006141248720573234,1.0211524600029707
SPY261016C00771000,2026-09-16 20:12:11+00:00,771.0,4.55,4.52,4.54,-1.3699999,-23.14189,490.0,2635.0,0.12610737182617188,False,REGULAR,USD,call,2026-10-16,0.0821917808219178,754.0499877929688,4.529999999999999,0.004415011037527696,1.0224786320289485
SPY261016C00772000,2026-09-16 20:05:30+00:00,772.0,4.19,4.2,4.21,-1.02,-19.577736,488.0,2471.0,0.12510030181884768,False,REGULAR,USD,call,2026-10-16,0.0821917808219178,754.0499877929688,4.205,0.002378121284185443,1.0238048040549264
SPY261016C00773000,2026-09-16 20:14:02+00:00,773.0,3.89,3.89,3.95,-1.2899997,-24.90347,897.0,2103.0,0.1248561636352539,False,REGULAR,USD,call,2026-10-16,0.0821917808219178,754.0499877929688,3.92,0.015306122448979605,1.0251309760809042
SPY261016C00774000,2026-09-16 20:13:50+00:00,774.0,3.57,3.61,3.62,-1.2100003,-25.313812,467.0,1612.0,0.12342185180664064,False,REGULAR,USD,call,2026-10-16,0.0821917808219178,754.0499877929688,3.615,0.0027662517289073945,1.026457148106882
SPY261016C00775000,2026-09-16 20:13:44+00:00,775.0,3.33,3.33,3.35,-1.1599998,-25.835188,13624.0,17163.0,0.12262840270996095,False,REGULAR,USD,call,2026-10-16,0.0821917808219178,754.0499877929688,3.34,0.005988023952095814,1.0277833201328601
SPY261016C00776000,2026-09-16 19:58:36+00:00,776.0,3.0,3.07,3.11,-1.19,-28.400955,495.0,1686.0,0.12210960906982424,False,REGULAR,USD,call,2026-10-16,0.0821917808219178,754.0499877929688,3.09,0.01294498381877024,1.029109492158838
SPY261016C00777000,2026-09-16 20:13:50+00:00,777.0,2.83,2.83,2.85,-1.0600002,-27.249361,2219.0,1548.0,0.12104150451660156,False,REGULAR,USD,call,2026-10-16,0.0821917808219178,754.0499877929688,2.84,0.007042253521126767,1.0304356641848158
SPY261016C00778000,2026-09-16 19:58:46+00:00,778.0,2.53,2.6,2.62,-1.05,-29.329607,824.0,3079.0,0.1202785726928711,False,REGULAR,USD,call,2026-10-16,0.0821917808219178,754.0499877929688,2.6100000000000003,0.007662835249042151,1.0317618362107936
SPY261016C00779000,2026-09-16 20:14:57+00:00,779.0,2.39,2.39,2.4,-0.9299998,-28.012045,916.0,1892.0,0.11942408905029298,False,REGULAR,USD,call,2026-10-16,0.0821917808219178,754.0499877929688,2.395,0.004175365344467552,1.0330880082367715
SPY261016C00780000,2026-09-16 20:14:11+00:00,780.0,2.2,2.19,2.2,-0.8499999,-27.86885,4492.0,13437.0,0.11872219177246093,False,REGULAR,USD,call,2026-10-16,0.0821917808219178,754.0499877929688,2.1950000000000003,0.004555808656036551,1.0344141802627496
SPY261016C00781000,2026-09-16 20:04:36+00:00,781.0,1.99,2.01,2.02,-0.78999996,-28.417267,1273.0,2332.0,0.118172880859375,False,REGULAR,USD,call,2026-10-16,0.0821917808219178,754.0499877929688,2.0149999999999997,0.004962779156327659,1.0357403522887274
SPY261016C00782000,2026-09-16 20:01:38+00:00,782.0,1.84,1.84,1.85,-0.7399999,-28.682169,841.0,2517.0,0.11759305267333985,False,REGULAR,USD,call,2026-10-16,0.0821917808219178,754.0499877929688,1.8450000000000002,0.00542005420054201,1.0370665243147053
SPY261016C00783000,2026-09-16 20:01:38+00:00,783.0,1.69,1.68,1.7,-0.6799998,-28.691978,440.0,2054.0,0.11722684539794923,False,REGULAR,USD,call,2026-10-16,0.0821917808219178,754.0499877929688,1.69,0.011834319526627229,1.038392696340683
SPY261016C00784000,2026-09-16 20:06:06+00:00,784.0,1.54,1.54,1.55,-0.61000013,-28.372099,230.0,2662.0,0.11664701721191406,False,REGULAR,USD,call,2026-10-16,0.0821917808219178,754.0499877929688,1.545,0.00647249190938512,1.039718868366661
SPY261016C00785000,2026-09-16 20:14:57+00:00,785.0,1.41,1.4,1.41,-0.59000003,-29.500002,10785.0,17323.0,0.11603667175292968,False,REGULAR,USD,call,2026-10-16,0.0821917808219178,754.0499877929688,1.4049999999999998,0.007117437722419936,1.0410450403926388
SPY261016C00786000,2026-09-16 20:14:26+00:00,786.0,1.29,1.28,1.29,-0.4000001,-23.668642,4237.0,1683.0,0.1157314990234375,False,REGULAR,USD,call,2026-10-16,0.0821917808219178,754.0499877929688,1.2850000000000001,0.007782101167315181,1.0423712124186169
SPY261016C00787000,2026-09-16 20:03:47+00:00,787.0,1.21,1.17,1.18,-0.29999995,-19.867548,395.0,1814.0,0.11542632629394532,False,REGULAR,USD,call,2026-10-16,0.0821917808219178,754.0499877929688,1.1749999999999998,0.00851063829787235,1.0436973844445947
SPY261016C00788000,2026-09-16 20:03:47+00:00,788.0,1.11,1.06,1.07,-0.28999996,-20.714283,166.0,1842.0,0.11493804992675781,False,REGULAR,USD,call,2026-10-16,0.0821917808219178,754.0499877929688,1.065,0.009389671361502356,1.0450235564705725
SPY261016C00789000,2026-09-16 20:05:22+00:00,789.0,0.96,0.97,0.98,-0.31,-24.409449,402.0,1602.0,0.11481598083496095,False,REGULAR,USD,call,2026-10-16,0.0821917808219178,754.0499877929688,0.975,0.010256410256410265,1.0463497284965504
SPY261016C00790000,2026-09-16 20:13:06+00:00,790.0,0.89,0.89,0.9,-0.38,-29.92126,5303.0,20052.0,0.1147549462890625,False,REGULAR,USD,call,2026-10-16,0.0821917808219178,754.0499877929688,0.895,0.011173184357541908,1.0476759005225282
SPY261016C00791000,2026-09-16 19:56:37+00:00,791.0,0.77,0.82,0.82,-0.27999997,-26.666664,506.0,1915.0,0.1145718426513672,False,REGULAR,USD,call,2026-10-16,0.0821917808219178,754.0499877929688,0.82,0.0,1.049002072548506
SPY261016C00792000,2026-09-16 20:09:43+00:00,792.0,0.73,0.74,0.75,-0.31999993,-30.476185,471.0,2218.0,0.11444977355957033,False,REGULAR,USD,call,2026-10-16,0.0821917808219178,754.0499877929688,0.745,0.01342281879194632,1.0503282445744841
SPY261016C00793000,2026-09-16 20:01:24+00:00,793.0,0.68,0.68,0.69,-0.21999997,-24.44444,5441.0,2137.0,0.1145718426513672,False,REGULAR,USD,call,2026-10-16,0.0821917808219178,754.0499877929688,0.685,0.014598540145985252,1.051654416600462
SPY261016C00794000,2026-09-16 20:05:22+00:00,794.0,0.6,0.62,0.63,-0.23999995,-28.571423,930.0,4158.0,0.11451080810546876,False,REGULAR,USD,call,2026-10-16,0.0821917808219178,754.0499877929688,0.625,0.016000000000000014,1.0529805886264398
SPY261016C00795000,2026-09-16 20:05:22+00:00,795.0,0.54,0.57,0.58,-0.22999996,-29.870125,3018.0,10476.0,0.11463287719726564,False,REGULAR,USD,call,2026-10-16,0.0821917808219178,754.0499877929688,0.575,0.017391304347826105,1.0543067606524177
SPY261016C00796000,2026-09-16 20:05:24+00:00,796.0,0.51,0.52,0.53,-0.16000003,-23.8806,1077.0,2637.0,0.11469391174316407,False,REGULAR,USD,call,2026-10-16,0.0821917808219178,754.0499877929688,0.525,0.019047619047619063,1.0556329326783955
SPY261016C00797000,2026-09-16 19:48:29+00:00,797.0,0.44,0.48,0.49,-0.14999998,-25.423727,1393.0,12035.0,0.11499908447265625,False,REGULAR,USD,call,2026-10-16,0.0821917808219178,754.0499877929688,0.485,0.020618556701030948,1.0569591047043734
SPY261016C00798000,2026-09-16 20:13:50+00:00,798.0,0.45,0.44,0.45,-0.09000003,-16.666674,868.0,1673.0,0.11512115356445313,False,REGULAR,USD,call,2026-10-16,0.0821917808219178,754.0499877929688,0.445,0.02247191011235957,1.0582852767303514
SPY261016C00799000,2026-09-16 20:11:25+00:00,799.0,0.4,0.41,0.42,-0.15,-27.272728,1683.0,2787.0,0.11560942993164064,False,REGULAR,USD,call,2026-10-16,0.0821917808219178,754.0499877929688,0.415,0.024096385542168697,1.0596114487563293
SPY261016C00800000,2026-09-16 20:13:05+00:00,800.0,0.38,0.38,0.38,-0.120000005,-24.0,14451.0,28535.0,0.11548736083984376,False,REGULAR,USD,call,2026-10-16,0.0821917808219178,754.0499877929688,0.38,0.0,1.0609376207823071
SPY261016C00805000,2026-09-16 20:10:19+00:00,805.0,0.26,0.26,0.27,-0.060000002,-18.75,987.0,9981.0,0.118172880859375,False,REGULAR,USD,call,2026-10-16,0.0821917808219178,754.0499877929688,0.265,0.03773584905660381,1.0675684809121966
SPY261016C00810000,2026-09-16 19:46:00+00:00,810.0,0.17,0.19,0.2,-0.03999999,-19.047615,740.0,15083.0,0.1215908154296875,False,REGULAR,USD,call,2026-10-16,0.0821917808219178,754.0499877929688,0.195,0.05128205128205133,1.074199341042086
SPY261016C00815000,2026-09-16 19:50:47+00:00,815.0,0.14,0.14,0.15,-0.019999996,-12.499997,905.0,16498.0,0.12500875,False,REGULAR,USD,call,2026-10-16,0.0821917808219178,754.0499877929688,0.14500000000000002,0.06896551724137917,1.0808302011719755
SPY261016C00820000,2026-09-16 19:48:31+00:00,820.0,0.11,0.11,0.12,0.009999998,9.999997,452.0,14494.0,0.1294032373046875,False,REGULAR,USD,call,2026-10-16,0.0821917808219178,754.0499877929688,0.11499999999999999,0.0869565217391304,1.0874610613018647
SPY261016C00825000,2026-09-16 19:46:21+00:00,825.0,0.08,0.09,0.1,-0.010000005,-11.111116,675.0,16133.0,0.13428600097656251,False,REGULAR,USD,call,2026-10-16,0.0821917808219178,754.0499877929688,0.095,0.10526315789473693,1.0940919214317542
SPY261016C00830000,2026-09-16 20:03:12+00:00,830.0,0.08,0.07,0.08,0.02,33.333336,395.0,18428.0,0.1381922119140625,False,REGULAR,USD,call,2026-10-16,0.0821917808219178,754.0499877929688,0.07500000000000001,0.13333333333333325,1.1007227815616436
SPY261016C00835000,2026-09-16 20:13:50+00:00,835.0,0.06,0.06,0.07,0.009999998,19.999994,44.0,3446.0,0.143563251953125,False,REGULAR,USD,call,2026-10-16,0.0821917808219178,754.0499877929688,0.065,0.15384615384615397,1.107353641691533
SPY261016C00840000,2026-09-16 20:02:43+00:00,840.0,0.06,0.05,0.06,0.02,50.0,75.0,3073.0,0.148446015625,False,REGULAR,USD,call,2026-10-16,0.0821917808219178,754.0499877929688,0.055,0.18181818181818174,1.1139845018214225
SPY261016P00430000,2026-09-16 19:34:55+00:00,430.0,0.05,0.05,0.06,-0.009999998,-16.666662,255.0,15670.0,0.6718782812500002,False,REGULAR,USD,put,2026-10-16,0.0821917808219178,754.0499877929688,0.055,0.18181818181818174,0.57025397117049
SPY261016P00435000,2026-09-16 19:21:02+00:00,435.0,0.06,0.05,0.06,0.0,0.0,176.0,1184.0,0.65820654296875,False,REGULAR,USD,put,2026-10-16,0.0821917808219178,754.0499877929688,0.055,0.18181818181818174,0.5768848313003795
SPY261016P00440000,2026-09-16 19:34:00+00:00,440.0,0.06,0.05,0.06,0.0,0.0,155.0,535.0,0.6445348046875,False,REGULAR,USD,put,2026-10-16,0.0821917808219178,754.0499877929688,0.055,0.18181818181818174,0.5835156914302689
SPY261016P00445000,2026-09-16 19:10:21+00:00,445.0,0.06,0.06,0.07,-0.010000002,-14.285716,163.0,4445.0,0.6425816992187501,False,REGULAR,USD,put,2026-10-16,0.0821917808219178,754.0499877929688,0.065,0.15384615384615397,0.5901465515601584
SPY261016P00450000,2026-09-16 19:34:18+00:00,450.0,0.08,0.06,0.07,0.02,33.333336,98.0,1658.0,0.6289099609375001,False,REGULAR,USD,put,2026-10-16,0.0821917808219178,754.0499877929688,0.065,0.15384615384615397,0.5967774116900477
SPY261016P00455000,2026-09-16 19:28:53+00:00,455.0,0.09,0.07,0.08,0.020000003,28.571432,2.0,2987.0,0.6250037500000001,False,REGULAR,USD,put,2026-10-16,0.0821917808219178,754.0499877929688,0.07500000000000001,0.13333333333333325,0.6034082718199372
SPY261016P00460000,2026-09-16 14:12:05+00:00,460.0,0.06,0.07,0.08,-0.030000005,-33.333336,17.0,1833.0,0.6132851171875001,False,REGULAR,USD,put,2026-10-16,0.0821917808219178,754.0499877929688,0.07500000000000001,0.13333333333333325,0.6100391319498266
SPY261016P00465000,2026-09-14 14:51:00+00:00,465.0,0.1,0.08,0.09,0.0,0.0,12.0,2905.0,0.6074258007812501,False,REGULAR,USD,put,2026-10-16,0.0821917808219178,754.0499877929688,0.08499999999999999,0.11764705882352937,0.6166699920797161
SPY261016P00470000,2026-09-16 19:21:25+00:00,470.0,0.11,0.08,0.09,0.009999998,9.999997,22.0,4161.0,0.59570716796875,False,REGULAR,USD,put,2026-10-16,0.0821917808219178,754.0499877929688,0.08499999999999999,0.11764705882352937,0.6233008522096054
SPY261016P00475000,2026-09-16 19:29:49+00:00,475.0,0.11,0.09,0.1,0.009999998,9.999997,7.0,239.0,0.5898478515625001,False,REGULAR,USD,put,2026-10-16,0.0821917808219178,754.0499877929688,0.095,0.10526315789473693,0.6299317123394949
SPY261016P00480000,2026-09-16 14:16:57+00:00,480.0,0.08,0.09,0.1,-0.030000001,-27.272728,2.0,2233.0,0.577152666015625,False,REGULAR,USD,put,2026-10-16,0.0821917808219178,754.0499877929688,0.095,0.10526315789473693,0.6365625724693843
SPY261016P00485000,2026-09-16 13:30:02+00:00,485.0,0.08,0.1,0.11,-0.04,-33.333336,1.0,134.0,0.570316796875,False,REGULAR,USD,put,2026-10-16,0.0821917808219178,754.0499877929688,0.10500000000000001,0.09523809523809518,0.6431934325992738
SPY261016P00490000,2026-09-15 15:56:59+00:00,490.0,0.13,0.11,0.12,0.0,0.0,10.0,79.0,0.5634809277343751,False,REGULAR,USD,put,2026-10-16,0.0821917808219178,754.0499877929688,0.11499999999999999,0.0869565217391304,0.6498242927291631
SPY261016P00495000,2026-09-16 20:01:45+00:00,495.0,0.12,0.12,0.13,-0.020000003,-14.285716,41.0,199.0,0.5556685058593751,False,REGULAR,USD,put,2026-10-16,0.0821917808219178,754.0499877929688,0.125,0.08000000000000007,0.6564551528590525
SPY261016P00500000,2026-09-16 19:36:58+00:00,500.0,0.14,0.12,0.13,0.0,0.0,114.0,3895.0,0.543949873046875,False,REGULAR,USD,put,2026-10-16,0.0821917808219178,754.0499877929688,0.125,0.08000000000000007,0.663086012988942
SPY261016P00505000,2026-09-16 19:31:52+00:00,505.0,0.14,0.13,0.14,0.0,0.0,263.0,440.0,0.5361374511718751,False,REGULAR,USD,put,2026-10-16,0.0821917808219178,754.0499877929688,0.135,0.07407407407407414,0.6697168731188313
SPY261016P00510000,2026-09-16 19:51:10+00:00,510.0,0.14,0.14,0.15,-0.019999996,-12.499997,15.0,1514.0,0.5283250292968751,False,REGULAR,USD,put,2026-10-16,0.0821917808219178,754.0499877929688,0.14500000000000002,0.06896551724137917,0.6763477332487208
SPY261016P00515000,2026-09-15 16:17:33+00:00,515.0,0.17,0.15,0.16,0.0,0.0,1.0,336.0,0.5200243310546875,False,REGULAR,USD,put,2026-10-16,0.0821917808219178,754.0499877929688,0.155,0.06451612903225812,0.6829785933786102
SPY261016P00520000,2026-09-16 18:53:28+00:00,520.0,0.17,0.16,0.17,0.0,0.0,3.0,944.0,0.5117236328125,False,REGULAR,USD,put,2026-10-16,0.0821917808219178,754.0499877929688,0.165,0.060606060606060656,0.6896094535084997
SPY261016P00525000,2026-09-16 19:22:58+00:00,525.0,0.18,0.18,0.19,0.0,0.0,457.0,301526.0,0.50586431640625,False,REGULAR,USD,put,2026-10-16,0.0821917808219178,754.0499877929688,0.185,0.054054054054054106,0.696240313638389
SPY261016P00530000,2026-09-16 19:15:53+00:00,530.0,0.23,0.19,0.2,0.030000001,15.0,8.0,822.0,0.4985401708984375,False,REGULAR,USD,put,2026-10-16,0.0821917808219178,754.0499877929688,0.195,0.05128205128205133,0.7028711737682785
SPY261016P00535000,2026-09-16 19:29:19+00:00,535.0,0.25,0.2,0.21,0.049999997,24.999998,6.0,633.0,0.4892629199218751,False,REGULAR,USD,put,2026-10-16,0.0821917808219178,754.0499877929688,0.20500000000000002,0.04878048780487795,0.7095020338981679
SPY261016P00540000,2026-09-16 19:51:23+00:00,540.0,0.21,0.22,0.23,-0.010000005,-4.545457,260.0,5166.0,0.48242705078125003,False,REGULAR,USD,put,2026-10-16,0.0821917808219178,754.0499877929688,0.225,0.04444444444444448,0.7161328940280574
SPY261016P00545000,2026-09-16 19:57:29+00:00,545.0,0.23,0.23,0.24,-0.00999999,-4.1666627,43.0,737.0,0.4731497998046875,False,REGULAR,USD,put,2026-10-16,0.0821917808219178,754.0499877929688,0.235,0.042553191489361625,0.7227637541579467
SPY261016P00550000,2026-09-16 19:51:19+00:00,550.0,0.25,0.25,0.26,0.0,0.0,520.0,12689.0,0.4655815161132813,False,REGULAR,USD,put,2026-10-16,0.0821917808219178,754.0499877929688,0.255,0.03921568627450984,0.7293946142878361
SPY261016P00555000,2026-09-16 19:32:04+00:00,555.0,0.29,0.26,0.27,0.03999999,15.999996,1.0,529.0,0.4555718505859375,False,REGULAR,USD,put,2026-10-16,0.0821917808219178,754.0499877929688,0.265,0.03773584905660381,0.7360254744177256
SPY261016P00560000,2026-09-16 19:17:58+00:00,560.0,0.33,0.28,0.29,0.050000012,17.857145,47.0,386.0,0.44775942871093743,False,REGULAR,USD,put,2026-10-16,0.0821917808219178,754.0499877929688,0.28500000000000003,0.035087719298245446,0.742656334547615
SPY261016P00565000,2026-09-16 19:48:26+00:00,565.0,0.3,0.3,0.31,-0.030000001,-9.090909,15.0,851.0,0.43970286865234376,False,REGULAR,USD,put,2026-10-16,0.0821917808219178,754.0499877929688,0.305,0.03278688524590167,0.7492871946775044
SPY261016P00570000,2026-09-16 19:33:42+00:00,570.0,0.35,0.32,0.33,0.030000001,9.375,14.0,912.0,0.43115803222656257,False,REGULAR,USD,put,2026-10-16,0.0821917808219178,754.0499877929688,0.325,0.030769230769230795,0.7559180548073938
SPY261016P00575000,2026-09-16 19:29:21+00:00,575.0,0.42,0.34,0.35,0.059999973,16.666658,303.0,1037.0,0.4226131958007812,False,REGULAR,USD,put,2026-10-16,0.0821917808219178,754.0499877929688,0.345,0.02898550724637668,0.7625489149372833
SPY261016P00580000,2026-09-16 19:50:48+00:00,580.0,0.37,0.37,0.38,-0.00999999,-2.6315765,100.0,1721.0,0.41528905029296875,False,REGULAR,USD,put,2026-10-16,0.0821917808219178,754.0499877929688,0.375,0.02666666666666669,0.7691797750671727
SPY261016P00585000,2026-09-16 19:45:07+00:00,585.0,0.43,0.39,0.4,-0.01999998,-4.4444404,3.0,1810.0,0.4062559375,False,REGULAR,USD,put,2026-10-16,0.0821917808219178,754.0499877929688,0.395,0.025316455696202552,0.7758106351970621
SPY261016P00590000,2026-09-16 19:16:55+00:00,590.0,0.49,0.42,0.43,0.07000002,16.666674,40.0,3207.0,0.398443515625,False,REGULAR,USD,put,2026-10-16,0.0821917808219178,754.0499877929688,0.425,0.023529411764705903,0.7824414953269515
SPY261016P00595000,2026-09-16 19:44:30+00:00,595.0,0.48,0.45,0.46,0.07999998,19.999994,6.0,1690.0,0.39014281738281253,False,REGULAR,USD,put,2026-10-16,0.0821917808219178,754.0499877929688,0.455,0.021978021978021997,0.789072355456841
SPY261016P00600000,2026-09-16 19:58:39+00:00,600.0,0.48,0.48,0.49,0.00999999,2.1276577,152.0,12030.0,0.3815979809570312,False,REGULAR,USD,put,2026-10-16,0.0821917808219178,754.0499877929688,0.485,0.020618556701030948,0.7957032155867303
SPY261016P00605000,2026-09-16 19:40:33+00:00,605.0,0.54,0.51,0.52,0.04000002,8.000004,43.0,2515.0,0.37280900634765624,False,REGULAR,USD,put,2026-10-16,0.0821917808219178,754.0499877929688,0.515,0.019417475728155355,0.8023340757166197
SPY261016P00610000,2026-09-16 19:38:06+00:00,610.0,0.58,0.54,0.55,0.03999996,7.4074,66.0,3738.0,0.36377589355468753,False,REGULAR,USD,put,2026-10-16,0.0821917808219178,754.0499877929688,0.545,0.018348623853211024,0.8089649358465092
SPY261016P00615000,2026-09-16 13:33:56+00:00,615.0,0.48,0.58,0.59,-0.109999985,-18.644066,5.0,1248.0,0.3557193334960937,False,REGULAR,USD,put,2026-10-16,0.0821917808219178,754.0499877929688,0.585,0.01709401709401711,0.8155957959763986
SPY261016P00620000,2026-09-16 20:02:46+00:00,620.0,0.61,0.62,0.63,0.02000004,3.3898375,144.0,4265.0,0.34717449707031245,False,REGULAR,USD,put,2026-10-16,0.0821917808219178,754.0499877929688,0.625,0.016000000000000014,0.822226656106288
SPY261016P00625000,2026-09-16 19:54:52+00:00,625.0,0.65,0.66,0.67,0.0,0.0,103.0,156857.0,0.3382634533691406,False,REGULAR,USD,put,2026-10-16,0.0821917808219178,754.0499877929688,0.665,0.015037593984962419,0.8288575162361774
SPY261016P00630000,2026-09-16 19:42:39+00:00,630.0,0.77,0.71,0.72,0.06999999,9.999999,1977.0,33588.0,0.32996275512695306,False,REGULAR,USD,put,2026-10-16,0.0821917808219178,754.0499877929688,0.715,0.013986013986014,0.8354883763660669
SPY261016P00635000,2026-09-16 19:29:58+00:00,635.0,0.88,0.76,0.77,0.13999999,18.918917,73.0,2517.0,0.32129584960937496,False,REGULAR,USD,put,2026-10-16,0.0821917808219178,754.0499877929688,0.765,0.013071895424836612,0.8421192364959563
SPY261016P00640000,2026-09-16 19:55:20+00:00,640.0,0.82,0.81,0.82,0.00999999,1.2345667,72.0,5973.0,0.31238480590820306,False,REGULAR,USD,put,2026-10-16,0.0821917808219178,754.0499877929688,0.815,0.012269938650306624,0.8487500966258457
SPY261016P00645000,2026-09-16 19:41:31+00:00,645.0,0.92,0.87,0.88,0.050000012,5.7471275,216.0,5360.0,0.30371790039062496,False,REGULAR,USD,put,2026-10-16,0.0821917808219178,754.0499877929688,0.875,0.011428571428571439,0.8553809567557351
SPY261016P00650000,2026-09-16 19:59:57+00:00,650.0,0.92,0.94,0.95,0.030000031,3.37079,507.0,25499.0,0.2954172021484375,False,REGULAR,USD,put,2026-10-16,0.0821917808219178,754.0499877929688,0.945,0.010582010582010592,0.8620118168856246
SPY261016P00655000,2026-09-16 19:58:07+00:00,655.0,1.01,1.02,1.03,0.03999996,4.1237073,517.0,13635.0,0.28711650390624993,False,REGULAR,USD,put,2026-10-16,0.0821917808219178,754.0499877929688,1.025,0.009756097560975618,0.868642677015514
SPY261016P00660000,2026-09-16 19:48:09+00:00,660.0,1.14,1.11,1.12,0.06999993,6.5420494,5796.0,8793.0,0.27893787475585935,False,REGULAR,USD,put,2026-10-16,0.0821917808219178,754.0499877929688,1.1150000000000002,0.008968609865470859,0.8752735371454033
SPY261016P00665000,2026-09-16 19:39:54+00:00,665.0,1.18,1.21,1.22,-0.0200001,-1.666675,262.0,4574.0,0.27075924560546877,False,REGULAR,USD,put,2026-10-16,0.0821917808219178,754.0499877929688,1.2149999999999999,0.008230452674897127,0.8819043972752928
SPY261016P00670000,2026-09-16 19:56:06+00:00,670.0,1.3,1.32,1.33,0.049999952,3.9999962,904.0,15461.0,0.2624585473632813,False,REGULAR,USD,put,2026-10-16,0.0821917808219178,754.0499877929688,1.3250000000000002,0.00754716981132076,0.8885352574051822
SPY261016P00675000,2026-09-16 20:10:34+00:00,675.0,1.45,1.45,1.47,0.0200001,1.3986084,445.0,14009.0,0.25476819458007816,False,REGULAR,USD,put,2026-10-16,0.0821917808219178,754.0499877929688,1.46,0.013698630136986314,0.8951661175350717
SPY261016P00680000,2026-09-16 20:08:49+00:00,680.0,1.56,1.61,1.62,0.07999992,5.4054003,2940.0,26827.0,0.24677266906738282,False,REGULAR,USD,put,2026-10-16,0.0821917808219178,754.0499877929688,1.6150000000000002,0.0061919504643962895,0.901796977664961
SPY261016P00685000,2026-09-16 20:10:34+00:00,685.0,1.78,1.78,1.79,0.13999999,8.536584,353.0,4545.0,0.23871610900878903,False,REGULAR,USD,put,2026-10-16,0.0821917808219178,754.0499877929688,1.7850000000000001,0.005602240896358548,0.9084278377948505
SPY261016P00690000,2026-09-16 20:08:37+00:00,690.0,1.96,1.98,2.01,0.13,7.103825,2176.0,12176.0,0.23151403259277342,False,REGULAR,USD,put,2026-10-16,0.0821917808219178,754.0499877929688,1.9949999999999999,0.01503759398496231,0.9150586979247399
SPY261016P00695000,2026-09-16 20:07:24+00:00,695.0,2.22,2.22,2.24,0.18000007,8.823533,1635.0,8112.0,0.22357954162597654,False,REGULAR,USD,put,2026-10-16,0.0821917808219178,754.0499877929688,2.2300000000000004,0.008968609865470859,0.9216895580546293
SPY261016P00700000,2026-09-16 20:13:23+00:00,700.0,2.5,2.5,2.53,0.23000002,10.132159,13311.0,29708.0,0.21631643066406248,False,REGULAR,USD,put,2026-10-16,0.0821917808219178,754.0499877929688,2.5149999999999997,0.011928429423459168,0.9283204181845187
SPY261016P00701000,2026-09-16 19:34:33+00:00,701.0,2.83,2.56,2.59,0.46000004,19.409285,127.0,2809.0,0.21479056701660154,False,REGULAR,USD,put,2026-10-16,0.0821917808219178,754.0499877929688,2.575,0.011650485436893128,0.9296465902104967
SPY261016P00702000,2026-09-16 19:54:54+00:00,702.0,2.67,2.63,2.66,0.1500001,5.952385,261.0,1246.0,0.21344780700683597,False,REGULAR,USD,put,2026-10-16,0.0821917808219178,754.0499877929688,2.645,0.01134215500945189,0.9309727622364745
SPY261016P00703000,2026-09-16 20:08:49+00:00,703.0,2.65,2.69,2.72,0.0400002,1.5325748,81.0,1252.0,0.2117998742675781,False,REGULAR,USD,put,2026-10-16,0.0821917808219178,754.0499877929688,2.705,0.011090573012939094,0.9322989342624524
SPY261016P00704000,2026-09-16 20:08:37+00:00,704.0,2.74,2.76,2.79,0.00999999,0.36630002,41.0,1548.0,0.21039607971191404,False,REGULAR,USD,put,2026-10-16,0.0821917808219178,754.0499877929688,2.775,0.010810810810810902,0.9336251062884303
SPY261016P00705000,2026-09-16 20:08:37+00:00,705.0,2.81,2.83,2.86,0.17999983,6.8440995,4210.0,11028.0,0.20887021606445308,False,REGULAR,USD,put,2026-10-16,0.0821917808219178,754.0499877929688,2.8449999999999998,0.010544815465729282,0.9349512783144082
SPY261016P00706000,2026-09-16 19:29:12+00:00,706.0,3.55,2.91,2.94,0.73,25.886526,182.0,1120.0,0.20758849060058593,False,REGULAR,USD,put,2026-10-16,0.0821917808219178,754.0499877929688,2.925,0.01025641025641019,0.936277450340386
SPY261016P00707000,2026-09-16 19:53:41+00:00,707.0,3.02,2.98,3.01,0.16000009,5.5944085,161.0,923.0,0.20600159240722654,False,REGULAR,USD,put,2026-10-16,0.0821917808219178,754.0499877929688,2.995,0.010016694490817964,0.937603622366364
SPY261016P00708000,2026-09-16 19:58:51+00:00,708.0,3.01,3.06,3.09,0.109999895,3.7930996,94.0,2845.0,0.20456728057861323,False,REGULAR,USD,put,2026-10-16,0.0821917808219178,754.0499877929688,3.075,0.009756097560975546,0.9389297943923418
SPY261016P00709000,2026-09-16 19:50:37+00:00,709.0,3.19,3.14,3.17,0.19000006,6.3333354,67.0,1635.0,0.20307193420410152,False,REGULAR,USD,put,2026-10-16,0.0821917808219178,754.0499877929688,3.1550000000000002,0.009508716323296293,0.9402559664183197
SPY261016P00710000,2026-09-16 20:09:12+00:00,710.0,3.26,3.24,3.25,0.29999995,10.135134,3879.0,11736.0,0.20154607055664062,False,REGULAR,USD,put,2026-10-16,0.0821917808219178,754.0499877929688,3.245,0.0030816640986131853,0.9415821384442976
SPY261016P00711000,2026-09-16 19:57:27+00:00,711.0,3.24,3.31,3.34,0.120000124,3.846158,40.0,3787.0,0.2001727932739258,False,REGULAR,USD,put,2026-10-16,0.0821917808219178,754.0499877929688,3.325,0.009022556390977385,0.9429083104702755
SPY261016P00712000,2026-09-16 19:55:34+00:00,712.0,3.4,3.4,3.43,0.20000005,6.250001,588.0,843.0,0.19873848144531248,False,REGULAR,USD,put,2026-10-16,0.0821917808219178,754.0499877929688,3.415,0.008784773060029356,0.9442344824962533
SPY261016P00713000,2026-09-16 20:08:42+00:00,713.0,3.52,3.49,3.52,0.21000004,6.3444123,95.0,1315.0,0.19724313507080077,False,REGULAR,USD,put,2026-10-16,0.0821917808219178,754.0499877929688,3.505,0.008559201141226764,0.9455606545222313
SPY261016P00714000,2026-09-16 20:08:37+00:00,714.0,3.56,3.59,3.62,0.109999895,3.1884027,10069.0,1247.0,0.1959003750610352,False,REGULAR,USD,put,2026-10-16,0.0821917808219178,754.0499877929688,3.605,0.008321775312066643,0.9468868265482091
SPY261016P00715000,2026-09-16 20:13:09+00:00,715.0,3.73,3.68,3.71,0.3900001,11.67665,676.0,9407.0,0.19428295959472658,False,REGULAR,USD,put,2026-10-16,0.0821917808219178,754.0499877929688,3.6950000000000003,0.00811907983761835,0.948212998574187
SPY261016P00716000,2026-09-16 20:12:57+00:00,716.0,3.82,3.78,3.82,0.30999994,8.831907,13630.0,1579.0,0.19300123413085937,False,REGULAR,USD,put,2026-10-16,0.0821917808219178,754.0499877929688,3.8,0.010526315789473694,0.9495391706001649
SPY261016P00717000,2026-09-16 19:41:49+00:00,717.0,4.26,3.89,3.92,0.59000015,16.076298,63.0,1442.0,0.19144485321044924,False,REGULAR,USD,put,2026-10-16,0.0821917808219178,754.0499877929688,3.9050000000000002,0.007682458386683688,0.9508653426261428
SPY261016P00718000,2026-09-16 20:00:50+00:00,718.0,3.94,4.0,4.03,0.19000006,5.066668,15619.0,1681.0,0.1900410586547852,False,REGULAR,USD,put,2026-10-16,0.0821917808219178,754.0499877929688,4.015000000000001,0.007471980074719862,0.9521915146521206
SPY261016P00719000,2026-09-16 20:08:37+00:00,719.0,4.09,4.11,4.15,0.31000018,8.201063,154.0,1350.0,0.18872881591796875,False,REGULAR,USD,put,2026-10-16,0.0821917808219178,754.0499877929688,4.130000000000001,0.009685230024213082,0.9535176866780986
SPY261016P00720000,2026-09-16 20:14:59+00:00,720.0,4.26,4.24,4.26,0.48000026,12.69842,34075.0,36003.0,0.1871724349975586,False,REGULAR,USD,put,2026-10-16,0.0821917808219178,754.0499877929688,4.25,0.004705882352941076,0.9548438587040764
SPY261016P00721000,2026-09-16 20:08:37+00:00,721.0,4.31,4.35,4.38,0.1500001,3.6057715,94.0,931.0,0.18573812316894528,False,REGULAR,USD,put,2026-10-16,0.0821917808219178,754.0499877929688,4.365,0.006872852233677032,0.9561700307300544
SPY261016P00722000,2026-09-16 20:08:41+00:00,722.0,4.44,4.48,4.51,0.28999996,6.987951,36276.0,23185.0,0.18439536315917968,False,REGULAR,USD,put,2026-10-16,0.0821917808219178,754.0499877929688,4.495,0.006674082313681726,0.9574962027560322
SPY261016P00723000,2026-09-16 20:08:41+00:00,723.0,4.57,4.6,4.64,0.2800002,6.5268116,162.0,5368.0,0.1829610513305664,False,REGULAR,USD,put,2026-10-16,0.0821917808219178,754.0499877929688,4.619999999999999,0.008658008658008667,0.95882237478201
SPY261016P00724000,2026-09-16 20:08:41+00:00,724.0,4.69,4.73,4.77,0.44000006,10.352943,18219.0,11418.0,0.18146570495605469,False,REGULAR,USD,put,2026-10-16,0.0821917808219178,754.0499877929688,4.75,0.008421052631578769,0.960148546807988
SPY261016P00725000,2026-09-16 20:07:34+00:00,725.0,4.85,4.87,4.91,0.5899997,13.849757,6554.0,37936.0,0.18006191040039063,False,REGULAR,USD,put,2026-10-16,0.0821917808219178,754.0499877929688,4.890000000000001,0.008179959100204505,0.9614747188339658
SPY261016P00726000,2026-09-16 20:07:04+00:00,726.0,5.0,5.01,5.05,0.4499998,9.890105,603.0,10440.0,0.17859708129882812,False,REGULAR,USD,put,2026-10-16,0.0821917808219178,754.0499877929688,5.029999999999999,0.007952286282306171,0.9628008908599437
SPY261016P00727000,2026-09-16 20:01:56+00:00,727.0,5.11,5.17,5.2,0.41000032,8.723412,434.0,12090.0,0.17719328674316404,False,REGULAR,USD,put,2026-10-16,0.0821917808219178,754.0499877929688,5.1850000000000005,0.005785920925747395,0.9641270628859216
SPY261016P00728000,2026-09-16 19:58:36+00:00,728.0,5.26,5.31,5.35,0.47000027,9.812114,416.0,24178.0,0.17572845764160155,False,REGULAR,USD,put,2026-10-16,0.0821917808219178,754.0499877929688,5.33,0.007504690431519707,0.9654532349118995
SPY261016P00729000,2026-09-16 19:52:43+00:00,729.0,5.49,5.47,5.51,0.5,10.0200405,263.0,1924.0,0.17432466308593753,False,REGULAR,USD,put,2026-10-16,0.0821917808219178,754.0499877929688,5.49,0.007285974499089259,0.9667794069378773
SPY261016P00730000,2026-09-16 20:14:49+00:00,730.0,5.62,5.64,5.68,0.7199998,14.693872,7937.0,37812.0,0.1729819030761719,False,REGULAR,USD,put,2026-10-16,0.0821917808219178,754.0499877929688,5.66,0.007067137809187285,0.9681055789638553
SPY261016P00731000,2026-09-16 19:53:51+00:00,731.0,5.91,5.81,5.87,0.75,14.534884,278.0,1570.0,0.1718527639770508,False,REGULAR,USD,put,2026-10-16,0.0821917808219178,754.0499877929688,5.84,0.010273972602739812,0.9694317509898331
SPY261016P00732000,2026-09-16 20:08:41+00:00,732.0,5.96,5.99,6.04,0.44000006,7.971016,190.0,36577.0,0.17032690032958986,False,REGULAR,USD,put,2026-10-16,0.0821917808219178,754.0499877929688,6.015000000000001,0.008312551953449678,0.970757923015811
SPY261016P00733000,2026-09-16 20:11:32+00:00,733.0,6.18,6.17,6.22,0.73,13.394496,131.0,3814.0,0.16886207122802738,False,REGULAR,USD,put,2026-10-16,0.0821917808219178,754.0499877929688,6.195,0.008071025020177534,0.9720840950417889
SPY261016P00734000,2026-09-16 20:00:14+00:00,734.0,6.31,6.36,6.41,0.32999992,5.5183935,389.0,3569.0,0.1674582766723633,False,REGULAR,USD,put,2026-10-16,0.0821917808219178,754.0499877929688,6.385,0.007830853563038344,0.9734102670677668
SPY261016P00735000,2026-09-16 20:14:19+00:00,735.0,6.53,6.55,6.61,0.8000002,13.961608,2079.0,26636.0,0.16611551666259772,False,REGULAR,USD,put,2026-10-16,0.0821917808219178,754.0499877929688,6.58,0.009118541033434726,0.9747364390937446
SPY261016P00736000,2026-09-16 19:53:16+00:00,736.0,6.78,6.75,6.8,0.5,7.9617834,638.0,26614.0,0.16452861846923827,False,REGULAR,USD,put,2026-10-16,0.0821917808219178,754.0499877929688,6.775,0.007380073800737981,0.9760626111197226
SPY261016P00737000,2026-09-16 19:54:11+00:00,737.0,7.09,6.96,7.02,0.5500002,8.409789,661.0,2744.0,0.1632468930053711,False,REGULAR,USD,put,2026-10-16,0.0821917808219178,754.0499877929688,6.99,0.008583690987124408,0.9773887831457004
SPY261016P00738000,2026-09-16 19:49:40+00:00,738.0,7.33,7.18,7.24,0.6799998,10.225561,80.0,6549.0,0.161843098449707,False,REGULAR,USD,put,2026-10-16,0.0821917808219178,754.0499877929688,7.21,0.008321775312066643,0.9787149551716783
SPY261016P00739000,2026-09-16 20:03:51+00:00,739.0,7.2,7.39,7.46,0.3699999,5.417275,510.0,2529.0,0.16037826934814453,False,REGULAR,USD,put,2026-10-16,0.0821917808219178,754.0499877929688,7.425,0.009427609427609467,0.9800411271976562
SPY261016P00740000,2026-09-16 20:14:36+00:00,740.0,7.62,7.63,7.68,0.9899998,14.932123,5216.0,29748.0,0.1587913711547852,False,REGULAR,USD,put,2026-10-16,0.0821917808219178,754.0499877929688,7.654999999999999,0.00653167864141082,0.9813672992236341
SPY261016P00741000,2026-09-16 19:56:06+00:00,741.0,7.83,7.87,7.93,0.48000002,6.5306125,123.0,3450.0,0.15747912841796874,False,REGULAR,USD,put,2026-10-16,0.0821917808219178,754.0499877929688,7.9,0.00759493670886071,0.9826934712496119
SPY261016P00742000,2026-09-16 19:39:34+00:00,742.0,8.77,8.12,8.18,1.3200006,17.71813,64.0,6019.0,0.1560753338623047,False,REGULAR,USD,put,2026-10-16,0.0821917808219178,754.0499877929688,8.149999999999999,0.0073619631901841115,0.9840196432755899
SPY261016P00743000,2026-09-16 20:13:51+00:00,743.0,8.38,8.37,8.44,1.1100001,15.268228,180.0,2014.0,0.15467153930664065,False,REGULAR,USD,put,2026-10-16,0.0821917808219178,754.0499877929688,8.405,0.00832837596668653,0.9853458153015677
SPY261016P00744000,2026-09-16 20:13:51+00:00,744.0,8.64,8.64,8.71,0.6000004,7.4626913,332.0,2464.0,0.1532677447509766,False,REGULAR,USD,put,2026-10-16,0.0821917808219178,754.0499877929688,8.675,0.008069164265129715,0.9866719873275457
SPY261016P00745000,2026-09-16 20:12:31+00:00,745.0,9.0,8.92,8.99,1.2600002,16.279074,3545.0,43652.0,0.15189446746826174,False,REGULAR,USD,put,2026-10-16,0.0821917808219178,754.0499877929688,8.955,0.007816862088218903,0.9879981593535235
SPY261016P00746000,2026-09-16 19:36:47+00:00,746.0,10.31,9.2,9.27,2.2000008,27.127014,601.0,2564.0,0.15039912109375003,False,REGULAR,USD,put,2026-10-16,0.0821917808219178,754.0499877929688,9.235,0.007579859231185738,0.9893243313795014
SPY261016P00747000,2026-09-16 19:48:30+00:00,747.0,9.8,9.51,9.57,1.0,11.363636,524.0,2813.0,0.14899532653808595,False,REGULAR,USD,put,2026-10-16,0.0821917808219178,754.0499877929688,9.54,0.006289308176100681,0.9906505034054793
SPY261016P00748000,2026-09-16 20:03:20+00:00,748.0,9.7,9.81,9.88,1.0900002,12.6597,205.0,2346.0,0.1476220492553711,False,REGULAR,USD,put,2026-10-16,0.0821917808219178,754.0499877929688,9.845,0.007110208227526692,0.9919766754314572
SPY261016P00749000,2026-09-16 20:12:17+00:00,749.0,10.21,10.15,10.21,0.8000002,8.5015955,423.0,2026.0,0.1463403237915039,False,REGULAR,USD,put,2026-10-16,0.0821917808219178,754.0499877929688,10.18,0.005893909626719106,0.993302847457435
SPY261016P00750000,2026-09-16 20:14:19+00:00,750.0,10.46,10.47,10.54,1.4099998,15.580109,15284.0,31987.0,0.14490601196289063,False,REGULAR,USD,put,2026-10-16,0.0821917808219178,754.0499877929688,10.504999999999999,0.006663493574488198,0.994629019483413
SPY261016P00751000,2026-09-16 20:06:02+00:00,751.0,10.84,10.82,10.89,1.3800001,14.587739,325.0,2164.0,0.1435937692260742,False,REGULAR,USD,put,2026-10-16,0.0821917808219178,754.0499877929688,10.855,0.006448641179180127,0.9959551915093908
SPY261016P00752000,2026-09-16 20:09:57+00:00,752.0,11.14,11.18,11.25,1.0900002,10.845773,451.0,5442.0,0.14225100921630857,False,REGULAR,USD,put,2026-10-16,0.0821917808219178,754.0499877929688,11.215,0.006241640659830609,0.9972813635353687
SPY261016P00753000,2026-09-16 20:06:32+00:00,753.0,11.47,11.55,11.62,1.2300005,12.0117235,917.0,28233.0,0.14087773193359376,False,REGULAR,USD,put,2026-10-16,0.0821917808219178,754.0499877929688,11.585,0.006042296072507424,0.9986075355613466
SPY261016P00754000,2026-09-16 20:08:45+00:00,754.0,11.93,11.94,12.03,1.6400003,15.937807,748.0,2098.0,0.13984014465332031,False,REGULAR,USD,put,2026-10-16,0.0821917808219178,754.0499877929688,11.985,0.0075093867334167595,0.9999337075873245
SPY261016P00755000,2026-09-16 20:11:15+00:00,755.0,12.4,12.34,12.42,1.7199993,16.104862,13187.0,24972.0,0.13839057418823242,True,REGULAR,USD,put,2026-10-16,0.0821917808219178,754.0499877929688,12.379999999999999,0.006462035541195483,1.0012598796133023
SPY261016P00756000,2026-09-16 20:07:03+00:00,756.0,12.75,12.76,12.85,1.7700005,16.120224,633.0,1909.0,0.13727669372558599,True,REGULAR,USD,put,2026-10-16,0.0821917808219178,754.0499877929688,12.805,0.007028504490433413,1.0025860516392802
SPY261016P00757000,2026-09-16 20:04:40+00:00,757.0,13.1,13.19,13.27,1.71,15.013169,550.0,27287.0,0.1358728991699219,True,REGULAR,USD,put,2026-10-16,0.0821917808219178,754.0499877929688,13.23,0.006046863189720338,1.0039122236652582
SPY261016P00758000,2026-09-16 20:14:55+00:00,758.0,13.65,13.64,13.73,1.8999996,16.17021,1503.0,2854.0,0.13477427734375003,True,REGULAR,USD,put,2026-10-16,0.0821917808219178,754.0499877929688,13.685,0.006576543660942628,1.005238395691236
SPY261016P00759000,2026-09-16 20:12:32+00:00,759.0,14.14,14.11,14.2,1.2200003,9.442727,1969.0,1873.0,0.1336146209716797,True,REGULAR,USD,put,2026-10-16,0.0821917808219178,754.0499877929688,14.155,0.006358177322500874,1.006564567717214
SPY261016P00760000,2026-09-16 20:14:55+00:00,760.0,14.6,14.55,14.7,2.0500002,16.334661,11251.0,19045.0,0.1326380682373047,True,REGULAR,USD,put,2026-10-16,0.0821917808219178,754.0499877929688,14.625,0.01025641025641016,1.0078907397431918
SPY261016P00761000,2026-09-16 20:03:18+00:00,761.0,14.9,14.81,15.47,1.1399994,8.284879,539.0,1158.0,0.13471324279785157,True,REGULAR,USD,put,2026-10-16,0.0821917808219178,754.0499877929688,15.14,0.04359313077939234,1.0092169117691696
SPY261016P00762000,2026-09-16 20:04:07+00:00,762.0,15.39,15.28,15.75,1.2400007,8.763256,1090.0,1476.0,0.1307765145874023,True,REGULAR,USD,put,2026-10-16,0.0821917808219178,754.0499877929688,15.515,0.03029326458266198,1.0105430837951475
SPY261016P00763000,2026-09-16 19:45:30+00:00,763.0,17.11,15.82,16.41,2.960001,20.918736,352.0,1831.0,0.13123427368164062,True,REGULAR,USD,put,2026-10-16,0.0821917808219178,754.0499877929688,16.115000000000002,0.036611852311511,1.0118692558211255
SPY261016P00764000,2026-09-16 19:36:28+00:00,764.0,17.54,16.37,17.01,2.8900013,19.72697,221.0,1580.0,0.1307765145874023,True,REGULAR,USD,put,2026-10-16,0.0821917808219178,754.0499877929688,16.69,0.03834631515877774,1.0131954278471034
SPY261016P00765000,2026-09-16 20:05:31+00:00,765.0,17.25,16.93,17.56,2.54,17.267164,1742.0,12928.0,0.12952530639648438,True,REGULAR,USD,put,2026-10-16,0.0821917808219178,754.0499877929688,17.244999999999997,0.036532328211075625,1.0145215998730812
SPY261016P00766000,2026-09-16 19:59:00+00:00,766.0,18.0,17.67,18.16,2.2399998,14.213196,90.0,4514.0,0.1287318572998047,True,REGULAR,USD,put,2026-10-16,0.0821917808219178,754.0499877929688,17.915,0.0273513815238626,1.015847771899059
SPY261016P00767000,2026-09-16 19:41:49+00:00,767.0,19.77,18.13,18.81,3.8300009,24.02761,133.0,5952.0,0.12836565002441402,True,REGULAR,USD,put,2026-10-16,0.0821917808219178,754.0499877929688,18.47,0.03681645912290199,1.017173943925037
SPY261016P00768000,2026-09-16 19:39:38+00:00,768.0,20.18,18.78,19.48,3.2600002,19.267141,60.0,3450.0,0.1280909945678711,True,REGULAR,USD,put,2026-10-16,0.0821917808219178,754.0499877929688,19.130000000000003,0.03659174072137999,1.0185001159510148
SPY261016P00769000,2026-09-16 19:34:24+00:00,769.0,21.23,19.66,20.16,3.17,17.552603,24.0,3108.0,0.1277858218383789,True,REGULAR,USD,put,2026-10-16,0.0821917808219178,754.0499877929688,19.91,0.025113008538422903,1.0198262879769928
SPY261016P00770000,2026-09-16 19:54:20+00:00,770.0,20.6,20.22,20.86,3.130001,17.916435,1641.0,9695.0,0.12757220092773439,True,REGULAR,USD,put,2026-10-16,0.0821917808219178,754.0499877929688,20.54,0.03115871470301853,1.0211524600029707
SPY261016P00771000,2026-09-16 19:36:34+00:00,771.0,23.0,20.78,21.52,3.83,19.979134,20.0,1467.0,0.12662616546630856,True,REGULAR,USD,put,2026-10-16,0.0821917808219178,754.0499877929688,21.15,0.03498817966903066,1.0224786320289485
SPY261016P00772000,2026-09-16 19:52:43+00:00,772.0,23.83,21.67,22.26,4.1399994,21.025898,27.0,2266.0,0.12659564819335936,True,REGULAR,USD,put,2026-10-16,0.0821917808219178,754.0499877929688,21.965000000000003,0.026860915092192114,1.0238048040549264
SPY261016P00773000,2026-09-16 19:52:33+00:00,773.0,22.65,22.22,22.98,2.6499996,13.249998,32.0,1171.0,0.12610737182617188,True,REGULAR,USD,put,2026-10-16,0.0821917808219178,754.0499877929688,22.6,0.033628318584070865,1.0251309760809042
SPY261016P00774000,2026-09-16 19:13:32+00:00,774.0,25.43,22.97,23.72,4.7299995,22.850237,7.0,1086.0,0.12574116455078127,True,REGULAR,USD,put,2026-10-16,0.0821917808219178,754.0499877929688,23.345,0.03212679374598415,1.026457148106882
SPY261016P00775000,2026-09-16 19:57:03+00:00,775.0,24.39,23.91,24.54,3.2199993,15.2102,356.0,6833.0,0.12641254455566403,True,REGULAR,USD,put,2026-10-16,0.0821917808219178,754.0499877929688,24.225,0.026006191950464354,1.0277833201328601
SPY261016P00776000,2026-09-16 19:37:20+00:00,776.0,27.08,24.52,25.26,4.26,18.667837,22.0,847.0,0.12537495727539064,True,REGULAR,USD,put,2026-10-16,0.0821917808219178,754.0499877929688,24.89,0.029730815588589875,1.029109492158838
SPY261016P00777000,2026-09-16 19:35:06+00:00,777.0,27.01,25.33,26.2,3.9300003,17.02773,30.0,1231.0,0.12766375274658204,True,REGULAR,USD,put,2026-10-16,0.0821917808219178,754.0499877929688,25.765,0.03376673782262763,1.0304356641848158
SPY261016P00778000,2026-09-16 18:57:33+00:00,778.0,26.5,26.15,27.26,2.2299995,9.188296,10.0,590.0,0.131844619140625,True,REGULAR,USD,put,2026-10-16,0.0821917808219178,754.0499877929688,26.705,0.0415652499531924,1.0317618362107936
SPY261016P00779000,2026-09-16 19:55:11+00:00,779.0,27.12,27.06,28.22,2.4500008,9.931093,40.0,629.0,0.13434703552246097,True,REGULAR,USD,put,2026-10-16,0.0821917808219178,754.0499877929688,27.64,0.041968162083936326,1.0330880082367715
SPY261016P00780000,2026-09-16 19:58:03+00:00,780.0,28.5,27.85,29.0,2.75,10.679611,112.0,2767.0,0.13385875915527345,True,REGULAR,USD,put,2026-10-16,0.0821917808219178,754.0499877929688,28.425,0.04045734388742299,1.0344141802627496
SPY261016P00781000,2026-09-16 13:52:50+00:00,781.0,31.0,28.15,30.86,8.860001,40.01807,3.0,347.0,0.15100946655273442,True,REGULAR,USD,put,2026-10-16,0.0821917808219178,754.0499877929688,29.505,0.09184883917980007,1.0357403522887274
SPY261016P00782000,2026-09-15 13:55:38+00:00,782.0,25.25,28.69,31.75,0.0,0.0,1.0,205.0,0.1524437783813477,True,REGULAR,USD,put,2026-10-16,0.0821917808219178,754.0499877929688,30.22,0.10125744540039705,1.0370665243147053
SPY261016P00783000,2026-09-11 19:46:29+00:00,783.0,21.73,29.58,32.66,0.0,0.0,16.0,145.0,0.15412222839355472,True,REGULAR,USD,put,2026-10-16,0.0821917808219178,754.0499877929688,31.119999999999997,0.09897172236503851,1.038392696340683
SPY261016P00784000,2026-09-14 14:55:48+00:00,784.0,27.55,30.41,33.78,0.0,0.0,4.0,225.0,0.159188095703125,True,REGULAR,USD,put,2026-10-16,0.0821917808219178,754.0499877929688,32.095,0.10500077893752925,1.039718868366661
SPY261016P00785000,2026-09-16 19:38:33+00:00,785.0,31.99,31.29,34.71,2.0,6.6688895,9.0,395.0,0.161141201171875,True,REGULAR,USD,put,2026-10-16,0.0821917808219178,754.0499877929688,33.0,0.1036363636363637,1.0410450403926388
SPY261016P00786000,2026-09-03 15:53:46+00:00,786.0,19.14,32.23,35.65,0.0,0.0,31.0,114.0,0.1632163757324219,True,REGULAR,USD,put,2026-10-16,0.0821917808219178,754.0499877929688,33.94,0.10076605774896882,1.0423712124186169
SPY261016P00787000,2026-09-10 19:20:22+00:00,787.0,31.0,33.1,36.6,0.0,0.0,1.0,71.0,0.16541361938476565,True,REGULAR,USD,put,2026-10-16,0.0821917808219178,754.0499877929688,34.85,0.10043041606886657,1.0436973844445947
SPY261016P00788000,2026-09-16 18:36:49+00:00,788.0,32.75,34.06,37.56,2.1299992,6.9562345,1.0,3.0,0.16773293212890628,True,REGULAR,USD,put,2026-10-16,0.0821917808219178,754.0499877929688,35.81,0.09773806199385646,1.0450235564705725
SPY261016P00789000,2026-09-14 15:15:15+00:00,789.0,31.52,34.97,38.52,0.0,0.0,2.0,17.0,0.1700217276000977,True,REGULAR,USD,put,2026-10-16,0.0821917808219178,754.0499877929688,36.745000000000005,0.09661178391617918,1.0463497284965504
SPY261016P00790000,2026-09-16 19:57:17+00:00,790.0,37.41,35.95,39.49,3.4099998,10.029411,7.0,119.0,0.1724631094360352,True,REGULAR,USD,put,2026-10-16,0.0821917808219178,754.0499877929688,37.72,0.0938494167550371,1.0476759005225282
SPY261016P00791000,2026-09-15 16:07:24+00:00,791.0,35.75,37.0,40.47,0.0,0.0,2.0,142.0,0.1750265603637695,True,REGULAR,USD,put,2026-10-16,0.0821917808219178,754.0499877929688,38.735,0.08958306441203044,1.049002072548506
SPY261016P00792000,2026-09-16 20:02:40+00:00,792.0,39.5,37.67,41.45,3.5,9.722222,12.0,2.0,0.17759001129150392,True,REGULAR,USD,put,2026-10-16,0.0821917808219178,754.0499877929688,39.56,0.09555106167846311,1.0503282445744841
SPY261016P00793000,2026-09-04 16:25:11+00:00,793.0,25.31,38.72,42.43,0.0,0.0,2.0,2.0,0.18012294494628905,True,REGULAR,USD,put,2026-10-16,0.0821917808219178,754.0499877929688,40.575,0.09143561306223046,1.051654416600462
SPY261016P00794000,2026-09-16 18:21:57+00:00,794.0,35.63,39.65,43.42,6.1500015,20.861605,1.0,1.0,0.1828084649658203,True,REGULAR,USD,put,2026-10-16,0.0821917808219178,754.0499877929688,41.535,0.09076682316118945,1.0529805886264398
SPY261016P00795000,2026-09-16 18:21:57+00:00,795.0,36.62,40.61,44.41,-3.0100021,-7.595261,3.0,25.0,0.18549398498535152,True,REGULAR,USD,put,2026-10-16,0.0821917808219178,754.0499877929688,42.51,0.08939073159256639,1.0543067606524177
SPY261016P00796000,2026-09-15 14:42:44+00:00,796.0,40.54,41.69,45.4,0.0,0.0,1.0,1.0,0.18811847045898436,True,REGULAR,USD,put,2026-10-16,0.0821917808219178,754.0499877929688,43.545,0.08519921919853027,1.0556329326783955
SPY261016P00797000,2026-08-24 15:14:53+00:00,797.0,35.9,42.95,46.39,0.0,0.0,80.0,40.0,0.19077347320556642,True,REGULAR,USD,put,2026-10-16,0.0821917808219178,754.0499877929688,44.67,0.07700917841952087,1.0569591047043734
SPY261016P00798000,2026-09-03 19:41:46+00:00,798.0,27.23,43.63,47.39,0.0,0.0,2.0,28.0,0.1935505450439453,True,REGULAR,USD,put,2026-10-16,0.0821917808219178,754.0499877929688,45.510000000000005,0.08261920457042403,1.0582852767303514
SPY261016P00800000,2026-09-16 19:50:33+00:00,800.0,48.0,45.54,49.54,3.4199982,7.671597,37.0,487.0,0.20200382965087887,True,REGULAR,USD,put,2026-10-16,0.0821917808219178,754.0499877929688,47.54,0.08413967185527976,1.0609376207823071
SPY261016P00805000,2026-09-14 18:39:25+00:00,805.0,44.09,50.52,54.53,0.0,0.0,5.0,18.0,0.21555349884033204,True,REGULAR,USD,put,2026-10-16,0.0821917808219178,754.0499877929688,52.525000000000006,0.07634459781056635,1.0675684809121966
SPY261016P00810000,2026-09-16 19:14:07+00:00,810.0,60.2,55.62,59.52,11.59,23.84283,5.0,83.0,0.22876747802734376,True,REGULAR,USD,put,2026-10-16,0.0821917808219178,754.0499877929688,57.57,0.06774361646690995,1.074199341042086
SPY261016P00815000,2026-09-14 17:06:38+00:00,815.0,53.62,60.64,64.52,0.0,0.0,4.0,8.0,0.24185938812255858,True,REGULAR,USD,put,2026-10-16,0.0821917808219178,754.0499877929688,62.58,0.062000639181847166,1.0808302011719755
SPY261016P00820000,2026-09-14 17:02:28+00:00,820.0,58.51,65.71,69.51,0.0,0.0,8.0,9.0,0.254463021850586,True,REGULAR,USD,put,2026-10-16,0.0821917808219178,754.0499877929688,67.61,0.05620470344623593,1.0874610613018647
SPY261016P00825000,2026-09-16 19:51:45+00:00,825.0,72.75,70.55,74.51,9.099998,14.296934,2.0,1.0,0.2670361383056641,True,REGULAR,USD,put,2026-10-16,0.0821917808219178,754.0499877929688,72.53,0.05459809733903223,1.0940919214317542
SPY261016P00830000,2026-09-16 19:19:43+00:00,830.0,81.05,75.61,79.51,6.0,7.99467,6.0,50.0,0.27936511657714835,True,REGULAR,USD,put,2026-10-16,0.0821917808219178,754.0499877929688,77.56,0.05028365136668393,1.1007227815616436
SPY261016P00835000,2026-09-14 16:57:46+00:00,835.0,73.56,80.56,84.51,0.0,0.0,4.0,4.0,0.2915109912109374,True,REGULAR,USD,put,2026-10-16,0.0821917808219178,754.0499877929688,82.535,0.04785848427939666,1.107353641691533
SPY261016P00840000,2026-08-18 14:05:48+00:00,840.0,71.36,85.58,89.5,0.0,0.0,1.0,1.0,0.303168589477539,True,REGULAR,USD,put,2026-10-16,0.0821917808219178,754.0499877929688,87.53999999999999,0.04477952935800779,1.1139845018214225
SPY261016P00845000,2026-09-09 20:00:19+00:00,845.0,83.59,90.66,94.5,0.0,0.0,1.0,1.0,0.31488722229003896,True,REGULAR,USD,put,2026-10-16,0.0821917808219178,754.0499877929688,92.58,0.04147764095917048,1.120615361951312
SPY261016P00850000,2026-09-14 16:59:34+00:00,850.0,88.55,95.65,99.5,0.0,0.0,4.0,11.0,0.32642275146484373,True,REGULAR,USD,put,2026-10-16,0.0821917808219178,754.0499877929688,97.575,0.039456828080963305,1.1272462220812014
SPY261016P00855000,2026-09-16 19:10:50+00:00,855.0,104.0,100.57,104.5,10.459999,11.182381,1.0,1.0,0.33777517700195314,True,REGULAR,USD,put,2026-10-16,0.0821917808219178,754.0499877929688,102.535,0.0383283756765983,1.1338770822110908
SPY261016P00865000,2026-08-20 14:19:47+00:00,865.0,99.46,110.57,114.34,0.0,0.0,1.0,0.0,0.3557803680419921,True,REGULAR,USD,put,2026-10-16,0.0821917808219178,754.0499877929688,112.455,0.033524520919478995,1.1471388024708695
SPY261016P00895000,2026-09-14 17:01:17+00:00,895.0,133.43,140.58,144.33,0.0,0.0,4.0,4.0,0.418401812133789,True,REGULAR,USD,put,2026-10-16,0.0821917808219178,754.0499877929688,142.455,0.02632410234810993,1.186923963250206
SPY261120C00300000,2026-08-31 14:45:20+00:00,300.0,466.69,452.81,456.69,0.0,0.0,246.0,89.0,0.9511723632812499,True,REGULAR,USD,call,2026-11-20,0.1780821917808219,754.0499877929688,454.75,0.008532160527762497,0.39785160779336515
SPY261120C00400000,2026-09-14 16:12:30+00:00,400.0,362.83,353.7,357.58,0.0,0.0,10.0,11.0,0.7606225109863283,True,REGULAR,USD,call,2026-11-20,0.1780821917808219,754.0499877929688,355.64,0.010909908896637037,0.5304688103911536
SPY261120C00415000,2026-09-16 18:53:56+00:00,415.0,342.16,338.85,342.73,13.140015,3.9936829,1.0,0.0,0.7318142053222656,True,REGULAR,USD,call,2026-11-20,0.1780821917808219,754.0499877929688,340.79,0.011385310601836894,0.5503613907808218
SPY261120C00425000,2026-08-25 13:40:29+00:00,425.0,343.99,328.95,332.83,0.0,0.0,3.0,8.0,0.7125272888183594,True,REGULAR,USD,call,2026-11-20,0.1780821917808219,754.0499877929688,330.89,0.011725951222460623,0.5636231110406007
SPY261120C00435000,2026-06-12 13:40:45+00:00,435.0,308.45,323.5,326.96,0.0,0.0,1.0,21.0,0.8720105572509764,True,REGULAR,USD,call,2026-11-20,0.1780821917808219,754.0499877929688,325.23,0.0106386249730959,0.5768848313003795
SPY261120C00450000,2026-08-25 15:43:55+00:00,450.0,318.28,304.22,308.1,0.0,0.0,5.0,16.0,0.6654086193847659,True,REGULAR,USD,call,2026-11-20,0.1780821917808219,754.0499877929688,306.16,0.012673112098249265,0.5967774116900477
SPY261120C00460000,2026-09-15 18:53:47+00:00,460.0,299.23,294.33,298.21,0.0,0.0,1.0,17.0,0.64648791015625,True,REGULAR,USD,call,2026-11-20,0.1780821917808219,754.0499877929688,296.27,0.013096162284402727,0.6100391319498266
SPY261120C00465000,2026-09-09 13:51:23+00:00,465.0,302.88,289.38,293.26,0.0,0.0,1.0,3.0,0.6368444519042968,True,REGULAR,USD,call,2026-11-20,0.1780821917808219,754.0499877929688,291.32,0.013318687354112301,0.6166699920797161
SPY261120C00470000,2026-09-14 13:56:46+00:00,470.0,292.39,284.44,288.32,0.0,0.0,1.0,6.0,0.6275672009277344,True,REGULAR,USD,call,2026-11-20,0.1780821917808219,754.0499877929688,286.38,0.0135484321530833,0.6233008522096054
SPY261120C00480000,2026-09-15 18:54:12+00:00,480.0,279.38,274.56,278.44,0.0,0.0,3.0,11.0,0.6091347680664063,True,REGULAR,USD,call,2026-11-20,0.1780821917808219,754.0499877929688,276.5,0.014032549728752244,0.6365625724693843
SPY261120C00485000,2026-09-15 20:14:49+00:00,485.0,275.59,269.63,273.51,0.0,0.0,2.0,5.0,0.6003457934570313,True,REGULAR,USD,call,2026-11-20,0.1780821917808219,754.0499877929688,271.57,0.014287292410796463,0.6431934325992738
SPY261120C00490000,2026-07-27 18:49:52+00:00,490.0,254.08,280.74,284.26,0.0,0.0,20.0,33.0,0.9695742788696288,True,REGULAR,USD,call,2026-11-20,0.1780821917808219,754.0499877929688,282.5,0.012460176991150379,0.6498242927291631
SPY261120C00500000,2026-08-28 18:52:23+00:00,500.0,272.1,254.82,258.7,0.0,0.0,1.0,24.0,0.5728192132568359,True,REGULAR,USD,call,2026-11-20,0.1780821917808219,754.0499877929688,256.76,0.015111388066677035,0.663086012988942
SPY261120C00505000,2026-09-14 17:07:45+00:00,505.0,259.88,249.89,253.77,0.0,0.0,2.0,3.0,0.5638471350097658,True,REGULAR,USD,call,2026-11-20,0.1780821917808219,754.0499877929688,251.82999999999998,0.015407219155779788,0.6697168731188313
SPY261120C00510000,2026-09-15 16:39:21+00:00,510.0,250.28,244.95,248.83,0.0,0.0,10.0,10.0,0.5545088494873047,True,REGULAR,USD,call,2026-11-20,0.1780821917808219,754.0499877929688,246.89,0.015715500830329392,0.6763477332487208
SPY261120C00515000,2026-09-10 19:06:27+00:00,515.0,245.68,240.02,243.9,0.0,0.0,4.0,97.0,0.5455367712402344,True,REGULAR,USD,call,2026-11-20,0.1780821917808219,754.0499877929688,241.96,0.01603570838155065,0.6829785933786102
SPY261120C00520000,2026-09-15 15:44:42+00:00,520.0,240.19,235.09,238.98,0.0,0.0,5.0,52.0,0.5366257275390626,True,REGULAR,USD,call,2026-11-20,0.1780821917808219,754.0499877929688,237.035,0.016411078532706083,0.6896094535084997
SPY261120C00525000,2026-09-10 19:06:27+00:00,525.0,235.84,230.17,234.05,0.0,0.0,4.0,6.0,0.5277757183837892,True,REGULAR,USD,call,2026-11-20,0.1780821917808219,754.0499877929688,232.11,0.016716212140795415,0.696240313638389
SPY261120C00530000,2026-09-16 15:46:02+00:00,530.0,233.43,225.24,229.12,2.3299866,1.0082157,1.0,85.0,0.518681571044922,True,REGULAR,USD,call,2026-11-20,0.1780821917808219,754.0499877929688,227.18,0.017078968219033343,0.7028711737682785
SPY261120C00535000,2026-09-10 19:06:53+00:00,535.0,226.03,220.32,224.2,0.0,0.0,4.0,10.0,0.509892596435547,True,REGULAR,USD,call,2026-11-20,0.1780821917808219,754.0499877929688,222.26,0.017457032304508215,0.7095020338981679
SPY261120C00540000,2026-09-10 18:48:39+00:00,540.0,221.08,215.4,219.28,0.0,0.0,4.0,8.0,0.501103621826172,True,REGULAR,USD,call,2026-11-20,0.1780821917808219,754.0499877929688,217.34,0.01785221312229684,0.7161328940280574
SPY261120C00545000,2026-09-14 17:07:26+00:00,545.0,220.49,210.48,214.36,0.0,0.0,1.0,5.0,0.5464522894287109,True,REGULAR,USD,call,2026-11-20,0.1780821917808219,754.0499877929688,212.42000000000002,0.01826570002824604,0.7227637541579467
SPY261120C00550000,2026-09-16 19:10:49+00:00,550.0,206.3,205.57,209.45,-4.919998,-2.329324,1.0,25.0,0.5363815893554689,True,REGULAR,USD,call,2026-11-20,0.1780821917808219,754.0499877929688,207.51,0.01869789407739384,0.7293946142878361
SPY261120C00555000,2026-09-15 16:55:02+00:00,555.0,206.34,200.65,204.53,0.0,0.0,1.0,11.0,0.5260667510986328,True,REGULAR,USD,call,2026-11-20,0.1780821917808219,754.0499877929688,202.59,0.0191519818352337,0.7360254744177256
SPY261120C00560000,2026-09-14 19:55:24+00:00,560.0,204.65,195.74,199.62,0.0,0.0,1.0,16.0,0.5159960510253907,True,REGULAR,USD,call,2026-11-20,0.1780821917808219,754.0499877929688,197.68,0.019627681100768894,0.742656334547615
SPY261120C00565000,2026-09-15 17:03:03+00:00,565.0,196.11,190.84,194.72,0.0,0.0,5.0,14.0,0.5061084545898438,True,REGULAR,USD,call,2026-11-20,0.1780821917808219,754.0499877929688,192.78,0.020126569146176967,0.7492871946775044
SPY261120C00570000,2026-09-10 18:48:55+00:00,570.0,191.65,185.93,189.81,0.0,0.0,4.0,5.0,0.49597671997070314,True,REGULAR,USD,call,2026-11-20,0.1780821917808219,754.0499877929688,187.87,0.020652578910949036,0.7559180548073938
SPY261120C00575000,2026-09-10 19:57:05+00:00,575.0,187.94,181.03,184.91,0.0,0.0,5.0,5.0,0.48608912353515626,True,REGULAR,USD,call,2026-11-20,0.1780821917808219,754.0499877929688,182.97,0.021205662130403865,0.7625489149372833
SPY261120C00580000,2026-09-15 14:00:18+00:00,580.0,183.44,176.14,180.02,0.0,0.0,1.0,53.0,0.4763541134643554,True,REGULAR,USD,call,2026-11-20,0.1780821917808219,754.0499877929688,178.07999999999998,0.021787960467205887,0.7691797750671727
SPY261120C00585000,2026-09-16 20:08:53+00:00,585.0,172.9,171.24,175.12,-3.25,-1.8450185,5.0,9.0,0.466374965209961,True,REGULAR,USD,call,2026-11-20,0.1780821917808219,754.0499877929688,173.18,0.022404434692227713,0.7758106351970621
SPY261120C00595000,2026-09-11 19:28:01+00:00,595.0,174.45,161.46,165.35,0.0,0.0,6.0,12.0,0.44690494506835937,True,REGULAR,USD,call,2026-11-20,0.1780821917808219,754.0499877929688,163.405,0.023805881092989728,0.789072355456841
SPY261120C00600000,2026-09-16 19:17:56+00:00,600.0,156.62,156.6,160.48,-10.070007,-6.0411587,2.0,1553.0,0.43741407318115233,True,REGULAR,USD,call,2026-11-20,0.1780821917808219,754.0499877929688,158.54,0.024473319036205348,0.7957032155867303
SPY261120C00605000,2026-09-16 13:42:07+00:00,605.0,158.49,151.73,155.61,-18.87999,-10.64441,3.0,0.0,0.4278621667480469,True,REGULAR,USD,call,2026-11-20,0.1780821917808219,754.0499877929688,153.67000000000002,0.02524891000195239,0.8023340757166197
SPY261120C00610000,2026-09-16 17:27:20+00:00,610.0,154.25,146.87,150.75,2.4799957,1.6340487,2.0,30.0,0.418401812133789,True,REGULAR,USD,call,2026-11-20,0.1780821917808219,754.0499877929688,148.81,0.026073516564746962,0.8089649358465092
SPY261120C00615000,2026-09-16 13:44:42+00:00,615.0,148.68,142.2,145.34,-0.22000122,-0.14775099,1.0,21.0,0.3990233438110352,True,REGULAR,USD,call,2026-11-20,0.1780821917808219,754.0499877929688,143.76999999999998,0.02184043959101353,0.8155957959763986
SPY261120C00620000,2026-09-16 19:08:30+00:00,620.0,138.73,137.35,140.52,-13.710007,-8.993707,2.0,14.0,0.39038695556640624,True,REGULAR,USD,call,2026-11-20,0.1780821917808219,754.0499877929688,138.935,0.022816424946917737,0.822226656106288
SPY261120C00625000,2026-09-15 14:22:05+00:00,625.0,137.39,132.51,135.6,0.0,0.0,1.0,6.0,0.3799195309448242,True,REGULAR,USD,call,2026-11-20,0.1780821917808219,754.0499877929688,134.055,0.023050240572899207,0.8288575162361774
SPY261120C00630000,2026-09-16 18:53:10+00:00,630.0,131.71,127.68,130.82,-1.0899963,-0.82078034,2.0,782.0,0.37177141906738287,True,REGULAR,USD,call,2026-11-20,0.1780821917808219,754.0499877929688,129.25,0.024294003868471848,0.8354883763660669
SPY261120C00635000,2026-09-09 14:08:42+00:00,635.0,134.7,122.86,125.93,0.0,0.0,1.0,139.0,0.36167020172119135,True,REGULAR,USD,call,2026-11-20,0.1780821917808219,754.0499877929688,124.39500000000001,0.02467944853088956,0.8421192364959563
SPY261120C00640000,2026-09-15 18:20:43+00:00,640.0,123.3,118.05,121.12,0.0,0.0,50.0,452.0,0.35275915802001956,True,REGULAR,USD,call,2026-11-20,0.1780821917808219,754.0499877929688,119.58500000000001,0.0256721160680688,0.8487500966258457
SPY261120C00645000,2026-09-14 17:12:33+00:00,645.0,122.76,113.26,116.17,0.0,0.0,1.0,69.0,0.3415593188476562,True,REGULAR,USD,call,2026-11-20,0.1780821917808219,754.0499877929688,114.715,0.025367214400906564,0.8553809567557351
SPY261120C00650000,2026-09-16 14:48:28+00:00,650.0,115.26,108.48,111.56,1.9000015,1.6760776,1.0,2067.0,0.33539482971191403,True,REGULAR,USD,call,2026-11-20,0.1780821917808219,754.0499877929688,110.02000000000001,0.027994910016360643,0.8620118168856246
SPY261120C00655000,2026-09-16 15:15:36+00:00,655.0,111.31,103.72,106.8,2.8099976,2.5898595,1.0,153.0,0.32675844146728517,True,REGULAR,USD,call,2026-11-20,0.1780821917808219,754.0499877929688,105.25999999999999,0.029260877826334776,0.868642677015514
SPY261120C00660000,2026-09-16 19:57:32+00:00,660.0,100.51,98.98,101.89,-3.25,-3.1322281,1.0,300.0,0.31583325775146476,True,REGULAR,USD,call,2026-11-20,0.1780821917808219,754.0499877929688,100.435,0.02897396325981975,0.8752735371454033
SPY261120C00665000,2026-09-16 19:19:17+00:00,665.0,93.98,95.08,96.33,-5.2199936,-5.2620907,3.0,98.0,0.2959359957885742,True,REGULAR,USD,call,2026-11-20,0.1780821917808219,754.0499877929688,95.705,0.013060968601431482,0.8819043972752928
SPY261120C00670000,2026-09-16 19:16:59+00:00,670.0,89.0,90.44,91.71,-5.0,-5.319149,47.0,482.0,0.28900857482910147,True,REGULAR,USD,call,2026-11-20,0.1780821917808219,754.0499877929688,91.07499999999999,0.013944551194070778,0.8885352574051822
SPY261120C00675000,2026-09-16 18:44:02+00:00,675.0,91.63,85.81,86.98,2.159996,2.4142127,3.0,76.0,0.28032641067504876,True,REGULAR,USD,call,2026-11-20,0.1780821917808219,754.0499877929688,86.39500000000001,0.01354245037328551,0.8951661175350717
SPY261120C00680000,2026-09-16 19:17:09+00:00,680.0,79.55,81.23,82.41,-10.0099945,-11.176859,43.0,650.0,0.2733837310791015,True,REGULAR,USD,call,2026-11-20,0.1780821917808219,754.0499877929688,81.82,0.0144219017355169,0.901796977664961
SPY261120C00685000,2026-09-16 19:57:33+00:00,685.0,76.96,76.63,77.81,-3.050003,-3.8120272,2.0,303.0,0.26570863693237307,True,REGULAR,USD,call,2026-11-20,0.1780821917808219,754.0499877929688,77.22,0.01528101528101537,0.9084278377948505
SPY261120C00690000,2026-09-16 19:14:03+00:00,690.0,70.42,72.42,73.25,-5.3600006,-7.0731072,86.0,1386.0,0.2581250946044922,True,REGULAR,USD,call,2026-11-20,0.1780821917808219,754.0499877929688,72.83500000000001,0.011395620237523144,0.9150586979247399
SPY261120C00695000,2026-09-16 19:59:03+00:00,695.0,68.17,67.83,68.73,-3.959999,-5.490086,5.0,120.0,0.25058732818603513,True,REGULAR,USD,call,2026-11-20,0.1780821917808219,754.0499877929688,68.28,0.01318101933216177,0.9216895580546293
SPY261120C00700000,2026-09-16 19:19:31+00:00,700.0,61.17,63.53,64.26,-5.830002,-8.701495,42.0,6118.0,0.24314111358642576,True,REGULAR,USD,call,2026-11-20,0.1780821917808219,754.0499877929688,63.895,0.011424994130996227,0.9283204181845187
SPY261120C00705000,2026-09-16 19:25:05+00:00,705.0,56.89,59.07,59.84,-5.209999,-8.389692,189.0,252.0,0.2357254162597656,True,REGULAR,USD,call,2026-11-20,0.1780821917808219,754.0499877929688,59.455,0.012950971322849267,0.9349512783144082
SPY261120C00710000,2026-09-16 19:57:16+00:00,710.0,55.07,54.75,55.49,-2.7700005,-4.7890744,40.0,448.0,0.22849282257080078,True,REGULAR,USD,call,2026-11-20,0.1780821917808219,754.0499877929688,55.120000000000005,0.013425253991291762,0.9415821384442976
SPY261120C00715000,2026-09-16 18:43:14+00:00,715.0,55.36,50.43,51.2,2.0900002,3.9234092,14.0,117.0,0.22126022888183594,True,REGULAR,USD,call,2026-11-20,0.1780821917808219,754.0499877929688,50.815,0.015153006002164777,0.948212998574187
SPY261120C00720000,2026-09-16 19:57:16+00:00,720.0,46.59,46.29,46.99,-2.5499992,-5.189254,18.0,1879.0,0.21413444564819334,True,REGULAR,USD,call,2026-11-20,0.1780821917808219,754.0499877929688,46.64,0.015008576329331107,0.9548438587040764
SPY261120C00725000,2026-09-16 19:57:33+00:00,725.0,42.37,42.09,42.84,-3.7800026,-8.190687,9.0,1610.0,0.20684081741333005,True,REGULAR,USD,call,2026-11-20,0.1780821917808219,754.0499877929688,42.465,0.017661603673613562,0.9614747188339658
SPY261120C00730000,2026-09-16 19:10:39+00:00,730.0,37.47,38.19,38.88,-3.25,-7.9813356,21.0,1771.0,0.2004474487304687,True,REGULAR,USD,call,2026-11-20,0.1780821917808219,754.0499877929688,38.535,0.017905799922148823,0.9681055789638553
SPY261120C00735000,2026-09-16 20:01:44+00:00,735.0,34.57,34.34,34.98,-2.920002,-7.7887483,44.0,1965.0,0.19367261413574222,True,REGULAR,USD,call,2026-11-20,0.1780821917808219,754.0499877929688,34.66,0.01846508944027679,0.9747364390937446
SPY261120C00740000,2026-09-16 20:09:21+00:00,740.0,30.76,30.61,31.21,-2.8799992,-8.561234,128.0,2880.0,0.1870045899963379,True,REGULAR,USD,call,2026-11-20,0.1780821917808219,754.0499877929688,30.91,0.019411193788418032,0.9813672992236341
SPY261120C00745000,2026-09-16 20:02:23+00:00,745.0,27.11,27.08,27.3,-2.459999,-8.31924,44.0,2814.0,0.17818509811401367,True,REGULAR,USD,call,2026-11-20,0.1780821917808219,754.0499877929688,27.189999999999998,0.008091210003677912,0.9879981593535235
SPY261120C00750000,2026-09-16 20:05:17+00:00,750.0,23.81,23.69,23.8,-2.540001,-9.639472,449.0,6573.0,0.1715018153381348,True,REGULAR,USD,call,2026-11-20,0.1780821917808219,754.0499877929688,23.745,0.004632554221941437,0.994629019483413
SPY261120C00755000,2026-09-16 20:13:12+00:00,755.0,20.5,20.47,20.52,-2.3899994,-10.441238,497.0,1840.0,0.16523051574707032,False,REGULAR,USD,call,2026-11-20,0.1780821917808219,754.0499877929688,20.494999999999997,0.002439619419370613,1.0012598796133023
SPY261120C00760000,2026-09-16 20:12:58+00:00,760.0,17.45,17.43,17.48,-2.2599983,-11.466252,1247.0,5387.0,0.1594017166137695,False,REGULAR,USD,call,2026-11-20,0.1780821917808219,754.0499877929688,17.455,0.0028645087367516883,1.0078907397431918
SPY261120C00765000,2026-09-16 20:07:37+00:00,765.0,14.58,14.64,14.7,-2.1499996,-12.851164,793.0,5616.0,0.1540001593017578,False,REGULAR,USD,call,2026-11-20,0.1780821917808219,754.0499877929688,14.67,0.004089979550102162,1.0145215998730812
SPY261120C00770000,2026-09-16 20:07:37+00:00,770.0,12.07,12.11,12.16,-1.8600006,-13.352481,905.0,5376.0,0.1487511883544922,False,REGULAR,USD,call,2026-11-20,0.1780821917808219,754.0499877929688,12.135,0.004120313143798987,1.0211524600029707
SPY261120C00775000,2026-09-16 20:14:06+00:00,775.0,9.87,9.87,9.91,-1.6300001,-14.173914,844.0,8753.0,0.14397523513793942,False,REGULAR,USD,call,2026-11-20,0.1780821917808219,754.0499877929688,9.89,0.004044489383215462,1.0277833201328601
SPY261120C00780000,2026-09-16 20:12:51+00:00,780.0,7.96,7.92,7.97,-1.54,-16.210526,2508.0,8954.0,0.13982488601684573,False,REGULAR,USD,call,2026-11-20,0.1780821917808219,754.0499877929688,7.945,0.006293266205160456,1.0344141802627496
SPY261120C00785000,2026-09-16 20:14:49+00:00,785.0,6.3,6.26,6.31,-0.9499998,-13.103446,181.0,6511.0,0.13608652008056643,False,REGULAR,USD,call,2026-11-20,0.1780821917808219,754.0499877929688,6.285,0.007955449482895754,1.0410450403926388
SPY261120C00790000,2026-09-16 20:13:31+00:00,790.0,4.91,4.91,4.93,-0.99000025,-16.779665,558.0,6667.0,0.13288220642089843,False,REGULAR,USD,call,2026-11-20,0.1780821917808219,754.0499877929688,4.92,0.004065040650406418,1.0476759005225282
SPY261120C00795000,2026-09-16 20:05:25+00:00,795.0,3.76,3.79,3.81,-0.75000024,-16.629717,217.0,4474.0,0.1302577209472656,False,REGULAR,USD,call,2026-11-20,0.1780821917808219,754.0499877929688,3.8,0.005263157894736847,1.0543067606524177
SPY261120C00800000,2026-09-16 20:14:58+00:00,800.0,2.9,2.89,2.9,-0.6799998,-18.99441,4318.0,5327.0,0.12787737365722657,False,REGULAR,USD,call,2026-11-20,0.1780821917808219,754.0499877929688,2.895,0.0034542314335059715,1.0609376207823071
SPY261120C00805000,2026-09-16 20:05:24+00:00,805.0,2.18,2.18,2.2,-0.53999996,-19.85294,588.0,3617.0,0.1261989236450195,False,REGULAR,USD,call,2026-11-20,0.1780821917808219,754.0499877929688,2.1900000000000004,0.009132420091324207,1.0675684809121966
SPY261120C00810000,2026-09-16 20:10:02+00:00,810.0,1.63,1.63,1.65,-0.40999997,-20.098038,395.0,8114.0,0.12476461181640625,False,REGULAR,USD,call,2026-11-20,0.1780821917808219,754.0499877929688,1.64,0.012195121951219523,1.074199341042086
SPY261120C00815000,2026-09-16 20:05:26+00:00,815.0,1.2,1.22,1.23,-0.3399999,-22.077917,79.0,3337.0,0.1236965072631836,False,REGULAR,USD,call,2026-11-20,0.1780821917808219,754.0499877929688,1.225,0.008163265306122455,1.0808302011719755
SPY261120C00820000,2026-09-16 20:09:46+00:00,820.0,0.92,0.91,0.92,-0.19999999,-17.857141,509.0,3639.0,0.12311667907714845,False,REGULAR,USD,call,2026-11-20,0.1780821917808219,754.0499877929688,0.915,0.010928961748633888,1.0874610613018647
SPY261120C00825000,2026-09-16 20:07:50+00:00,825.0,0.68,0.68,0.69,-0.14999998,-18.072287,164.0,5043.0,0.12293357543945313,False,REGULAR,USD,call,2026-11-20,0.1780821917808219,754.0499877929688,0.685,0.014598540145985252,1.0940919214317542
SPY261120C00830000,2026-09-16 20:05:47+00:00,830.0,0.51,0.51,0.52,-0.06999999,-12.068964,709.0,4034.0,0.12305564453125001,False,REGULAR,USD,call,2026-11-20,0.1780821917808219,754.0499877929688,0.515,0.019417475728155355,1.1007227815616436
SPY261120C00835000,2026-09-16 19:51:53+00:00,835.0,0.38,0.39,0.4,-0.050000012,-11.627909,387.0,2013.0,0.12378805908203125,False,REGULAR,USD,call,2026-11-20,0.1780821917808219,754.0499877929688,0.395,0.025316455696202552,1.107353641691533
SPY261120C00840000,2026-09-16 19:43:38+00:00,840.0,0.3,0.3,0.31,-0.01999998,-6.2499943,81.0,1064.0,0.12476461181640625,False,REGULAR,USD,call,2026-11-20,0.1780821917808219,754.0499877929688,0.305,0.03278688524590167,1.1139845018214225
SPY261120C00845000,2026-09-16 19:24:03+00:00,845.0,0.19,0.24,0.25,-0.16,-45.714287,13.0,1221.0,0.1263515100097656,False,REGULAR,USD,call,2026-11-20,0.1780821917808219,754.0499877929688,0.245,0.04081632653061228,1.120615361951312
SPY261120C00850000,2026-09-16 19:42:54+00:00,850.0,0.19,0.19,0.2,-0.030000001,-13.636364,74.0,3498.0,0.127938408203125,False,REGULAR,USD,call,2026-11-20,0.1780821917808219,754.0499877929688,0.195,0.05128205128205133,1.1272462220812014
SPY261120C00855000,2026-09-16 14:13:45+00:00,855.0,0.19,0.16,0.17,0.019999996,11.764703,14.0,992.0,0.13037979003906247,False,REGULAR,USD,call,2026-11-20,0.1780821917808219,754.0499877929688,0.165,0.060606060606060656,1.1338770822110908
SPY261120C00860000,2026-09-16 15:10:54+00:00,860.0,0.18,0.13,0.14,0.040000007,28.571432,18.0,726.0,0.13233289550781252,False,REGULAR,USD,call,2026-11-20,0.1780821917808219,754.0499877929688,0.135,0.07407407407407414,1.14050794234098
SPY261120C00865000,2026-09-16 18:59:15+00:00,865.0,0.11,0.11,0.12,0.0,0.0,31.0,718.0,0.13477427734375003,False,REGULAR,USD,call,2026-11-20,0.1780821917808219,754.0499877929688,0.11499999999999999,0.0869565217391304,1.1471388024708695
SPY261120C00870000,2026-09-16 18:42:24+00:00,870.0,0.1,0.1,0.11,0.009999998,11.111108,20.0,271.0,0.1381922119140625,False,REGULAR,USD,call,2026-11-20,0.1780821917808219,754.0499877929688,0.10500000000000001,0.09523809523809518,1.153769662600759
SPY261120C00875000,2026-09-16 20:08:28+00:00,875.0,0.1,0.09,0.1,0.020000003,25.000004,5.0,23304.0,0.141610146484375,False,REGULAR,USD,call,2026-11-20,0.1780821917808219,754.0499877929688,0.095,0.10526315789473693,1.1604005227306484
SPY261120C00880000,2026-09-16 15:10:45+00:00,880.0,0.1,0.07,0.08,0.030000001,42.857143,4.0,1116.0,0.14258669921875,False,REGULAR,USD,call,2026-11-20,0.1780821917808219,754.0499877929688,0.07500000000000001,0.13333333333333325,1.1670313828605379
SPY261120C00885000,2026-09-15 15:30:09+00:00,885.0,0.07,0.06,0.07,0.0,0.0,1.0,757.0,0.1450280810546875,False,REGULAR,USD,call,2026-11-20,0.1780821917808219,754.0499877929688,0.065,0.15384615384615397,1.1736622429904273
SPY261120C00890000,2026-09-14 13:30:01+00:00,890.0,0.09,0.05,0.06,0.0,0.0,1.0,779.0,0.147469462890625,False,REGULAR,USD,call,2026-11-20,0.1780821917808219,754.0499877929688,0.055,0.18181818181818174,1.1802931031203168
SPY261120C00895000,2026-09-14 16:14:02+00:00,895.0,0.06,0.05,0.06,0.0,0.0,1.0,995.0,0.1518639501953125,False,REGULAR,USD,call,2026-11-20,0.1780821917808219,754.0499877929688,0.055,0.18181818181818174,1.186923963250206
SPY261120P00305000,2026-09-16 20:13:24+00:00,305.0,0.05,0.05,0.06,0.0,0.0,194.0,1434.0,0.7148466015625,False,REGULAR,USD,put,2026-11-20,0.1780821917808219,754.0499877929688,0.055,0.18181818181818174,0.4044824679232546
SPY261120P00310000,2026-09-16 13:30:00+00:00,310.0,0.05,0.05,0.06,-0.02,-28.571428,90.0,126.0,0.70312796875,False,REGULAR,USD,put,2026-11-20,0.1780821917808219,754.0499877929688,0.055,0.18181818181818174,0.411113328053144
SPY261120P00315000,2026-09-10 14:45:33+00:00,315.0,0.07,0.05,0.06,0.0,0.0,12.0,506.0,0.6914093359375001,False,REGULAR,USD,put,2026-11-20,0.1780821917808219,754.0499877929688,0.055,0.18181818181818174,0.41774418818303344
SPY261120P00320000,2026-09-09 15:23:44+00:00,320.0,0.08,0.06,0.07,0.0,0.0,305.0,391.0,0.6894562304687502,False,REGULAR,USD,put,2026-11-20,0.1780821917808219,754.0499877929688,0.065,0.15384615384615397,0.42437504831292283
SPY261120P00325000,2026-09-03 18:41:48+00:00,325.0,0.08,0.06,0.07,0.0,0.0,4.0,242.0,0.6777375976562501,False,REGULAR,USD,put,2026-11-20,0.1780821917808219,754.0499877929688,0.065,0.15384615384615397,0.4310059084428123
SPY261120P00330000,2026-09-10 20:09:54+00:00,330.0,0.09,0.06,0.07,0.0,0.0,10.0,148.0,0.6660189648437502,False,REGULAR,USD,put,2026-11-20,0.1780821917808219,754.0499877929688,0.065,0.15384615384615397,0.4376367685727017
SPY261120P00335000,2026-09-16 20:12:07+00:00,335.0,0.07,0.07,0.08,-0.009999998,-12.499997,5.0,78.0,0.6621127539062501,False,REGULAR,USD,put,2026-11-20,0.1780821917808219,754.0499877929688,0.07500000000000001,0.13333333333333325,0.4442676287025911
SPY261120P00340000,2026-09-16 19:19:34+00:00,340.0,0.09,0.07,0.08,0.010000005,12.500007,1.0,2066.0,0.65039412109375,False,REGULAR,USD,put,2026-11-20,0.1780821917808219,754.0499877929688,0.07500000000000001,0.13333333333333325,0.4508984888324805
SPY261120P00345000,2026-09-15 19:52:09+00:00,345.0,0.08,0.08,0.09,0.0,0.0,10.0,374.0,0.647464462890625,False,REGULAR,USD,put,2026-11-20,0.1780821917808219,754.0499877929688,0.08499999999999999,0.11764705882352937,0.45752934896236996
SPY261120P00350000,2026-09-16 19:19:36+00:00,350.0,0.1,0.08,0.09,0.0,0.0,6.0,841.0,0.6357458300781251,False,REGULAR,USD,put,2026-11-20,0.1780821917808219,754.0499877929688,0.08499999999999999,0.11764705882352937,0.46416020909225936
SPY261120P00355000,2026-09-16 19:57:43+00:00,355.0,0.09,0.09,0.1,-0.009999998,-9.999997,6.0,2685.0,0.63086306640625,False,REGULAR,USD,put,2026-11-20,0.1780821917808219,754.0499877929688,0.095,0.10526315789473693,0.4707910692221488
SPY261120P00360000,2026-09-16 19:48:11+00:00,360.0,0.1,0.09,0.1,0.0,0.0,26.0,2203.0,0.6201209863281252,False,REGULAR,USD,put,2026-11-20,0.1780821917808219,754.0499877929688,0.095,0.10526315789473693,0.4774219293520382
SPY261120P00365000,2026-09-16 19:48:01+00:00,365.0,0.1,0.1,0.11,-0.009999998,-9.090907,40.0,14803.0,0.6152382226562501,False,REGULAR,USD,put,2026-11-20,0.1780821917808219,754.0499877929688,0.10500000000000001,0.09523809523809518,0.48405278948192765
SPY261120P00370000,2026-09-16 19:47:50+00:00,370.0,0.12,0.11,0.12,0.009999998,9.090907,25.0,10561.0,0.6103554589843752,False,REGULAR,USD,put,2026-11-20,0.1780821917808219,754.0499877929688,0.11499999999999999,0.0869565217391304,0.49068364961181704
SPY261120P00375000,2026-09-16 19:47:42+00:00,375.0,0.13,0.11,0.12,0.009999998,8.333331,38.0,1403.0,0.5996133789062501,False,REGULAR,USD,put,2026-11-20,0.1780821917808219,754.0499877929688,0.11499999999999999,0.0869565217391304,0.4973145097417065
SPY261120P00380000,2026-09-16 19:26:17+00:00,380.0,0.14,0.12,0.13,0.020000003,16.66667,40.0,150457.0,0.5937540625000001,False,REGULAR,USD,put,2026-11-20,0.1780821917808219,754.0499877929688,0.125,0.08000000000000007,0.5039453698715959
SPY261120P00385000,2026-09-16 19:47:29+00:00,385.0,0.13,0.13,0.14,-0.010000005,-7.1428604,46.0,199.0,0.586918193359375,False,REGULAR,USD,put,2026-11-20,0.1780821917808219,754.0499877929688,0.135,0.07407407407407414,0.5105762300014853
SPY261120P00390000,2026-09-16 19:47:14+00:00,390.0,0.15,0.14,0.15,0.0,0.0,53.0,104246.0,0.5810588769531251,False,REGULAR,USD,put,2026-11-20,0.1780821917808219,754.0499877929688,0.14500000000000002,0.06896551724137917,0.5172070901313748
SPY261120P00395000,2026-09-16 19:47:02+00:00,395.0,0.16,0.15,0.16,0.00999999,6.66666,50.0,267.0,0.5742230078125,False,REGULAR,USD,put,2026-11-20,0.1780821917808219,754.0499877929688,0.155,0.06451612903225812,0.5238379502612641
SPY261120P00400000,2026-09-16 19:46:52+00:00,400.0,0.16,0.16,0.17,0.0,0.0,103.0,75338.0,0.567387138671875,False,REGULAR,USD,put,2026-11-20,0.1780821917808219,754.0499877929688,0.165,0.060606060606060656,0.5304688103911536
SPY261120P00405000,2026-09-16 19:57:54+00:00,405.0,0.18,0.17,0.18,0.0,0.0,46.0,305.0,0.56055126953125,False,REGULAR,USD,put,2026-11-20,0.1780821917808219,754.0499877929688,0.175,0.05714285714285704,0.537099670521043
SPY261120P00410000,2026-09-16 19:10:53+00:00,410.0,0.19,0.18,0.19,0.019999996,11.764703,36.0,1450.0,0.5537154003906251,False,REGULAR,USD,put,2026-11-20,0.1780821917808219,754.0499877929688,0.185,0.054054054054054106,0.5437305306509324
SPY261120P00415000,2026-09-16 20:01:40+00:00,415.0,0.19,0.19,0.2,0.0,0.0,43.0,356.0,0.5468795312500001,False,REGULAR,USD,put,2026-11-20,0.1780821917808219,754.0499877929688,0.195,0.05128205128205133,0.5503613907808218
SPY261120P00420000,2026-09-16 18:37:41+00:00,420.0,0.2,0.2,0.21,0.010000005,5.2631607,83.0,774.0,0.5395553857421876,False,REGULAR,USD,put,2026-11-20,0.1780821917808219,754.0499877929688,0.20500000000000002,0.04878048780487795,0.5569922509107113
SPY261120P00425000,2026-09-16 18:59:41+00:00,425.0,0.22,0.22,0.23,0.0,0.0,41.0,281.0,0.5351608984375,False,REGULAR,USD,put,2026-11-20,0.1780821917808219,754.0499877929688,0.225,0.04444444444444448,0.5636231110406007
SPY261120P00430000,2026-09-16 18:55:04+00:00,430.0,0.23,0.23,0.24,0.02000001,9.523814,23.0,2752.0,0.5273484765625001,False,REGULAR,USD,put,2026-11-20,0.1780821917808219,754.0499877929688,0.235,0.042553191489361625,0.57025397117049
SPY261120P00435000,2026-09-16 18:37:18+00:00,435.0,0.24,0.24,0.25,0.00999999,4.3478217,11.0,151.0,0.5200243310546875,False,REGULAR,USD,put,2026-11-20,0.1780821917808219,754.0499877929688,0.245,0.04081632653061228,0.5768848313003795
SPY261120P00440000,2026-09-16 15:10:58+00:00,440.0,0.22,0.26,0.27,-0.019999996,-8.333331,10.0,63.0,0.514653291015625,False,REGULAR,USD,put,2026-11-20,0.1780821917808219,754.0499877929688,0.265,0.03773584905660381,0.5835156914302689
SPY261120P00445000,2026-09-16 19:42:09+00:00,445.0,0.29,0.27,0.28,0.01999998,7.4074,2.0,91.0,0.506840869140625,False,REGULAR,USD,put,2026-11-20,0.1780821917808219,754.0499877929688,0.275,0.03636363636363639,0.5901465515601584
SPY261120P00450000,2026-09-16 19:31:23+00:00,450.0,0.31,0.29,0.3,0.00999999,3.33333,36.0,1174.0,0.5012256909179689,False,REGULAR,USD,put,2026-11-20,0.1780821917808219,754.0499877929688,0.295,0.0338983050847458,0.5967774116900477
SPY261120P00455000,2026-09-16 19:29:39+00:00,455.0,0.35,0.31,0.32,0.030000001,9.375,33.0,158.0,0.49609878906250005,False,REGULAR,USD,put,2026-11-20,0.1780821917808219,754.0499877929688,0.315,0.03174603174603177,0.6034082718199372
SPY261120P00460000,2026-09-15 20:03:04+00:00,460.0,0.32,0.32,0.33,0.0,0.0,7.0,830.0,0.48828636718750007,False,REGULAR,USD,put,2026-11-20,0.1780821917808219,754.0499877929688,0.325,0.030769230769230795,0.6100391319498266
SPY261120P00465000,2026-09-16 19:40:56+00:00,465.0,0.37,0.34,0.35,0.02000001,5.7142887,2.0,3045.0,0.4819387744140625,False,REGULAR,USD,put,2026-11-20,0.1780821917808219,754.0499877929688,0.345,0.02898550724637668,0.6166699920797161
SPY261120P00470000,2026-09-16 18:55:33+00:00,470.0,0.36,0.36,0.37,0.0,0.0,1.0,5930.0,0.47559118164062497,False,REGULAR,USD,put,2026-11-20,0.1780821917808219,754.0499877929688,0.365,0.02739726027397263,0.6233008522096054
SPY261120P00475000,2026-09-16 19:29:39+00:00,475.0,0.44,0.38,0.39,0.09,25.714287,47.0,3204.0,0.4689994506835938,False,REGULAR,USD,put,2026-11-20,0.1780821917808219,754.0499877929688,0.385,0.025974025974025997,0.6299317123394949
SPY261120P00480000,2026-09-15 19:23:54+00:00,480.0,0.39,0.4,0.41,0.0,0.0,3.0,5319.0,0.4624077197265626,False,REGULAR,USD,put,2026-11-20,0.1780821917808219,754.0499877929688,0.405,0.024691358024691242,0.6365625724693843
SPY261120P00485000,2026-09-15 17:20:04+00:00,485.0,0.44,0.43,0.44,0.0,0.0,2.0,203.0,0.45703667968750006,False,REGULAR,USD,put,2026-11-20,0.1780821917808219,754.0499877929688,0.435,0.022988505747126457,0.6431934325992738
SPY261120P00490000,2026-09-16 14:34:10+00:00,490.0,0.4,0.45,0.46,-0.06999999,-14.893615,1.0,146.0,0.44995667236328124,False,REGULAR,USD,put,2026-11-20,0.1780821917808219,754.0499877929688,0.455,0.021978021978021997,0.6498242927291631
SPY261120P00495000,2026-09-14 14:05:16+00:00,495.0,0.48,0.48,0.49,0.0,0.0,2.0,205.0,0.44434149414062496,False,REGULAR,USD,put,2026-11-20,0.1780821917808219,754.0499877929688,0.485,0.020618556701030948,0.6564551528590525
SPY261120P00500000,2026-09-16 19:53:33+00:00,500.0,0.5,0.5,0.51,0.00999999,2.0408144,97.0,303788.0,0.4370173486328125,False,REGULAR,USD,put,2026-11-20,0.1780821917808219,754.0499877929688,0.505,0.01980198019801982,0.663086012988942
SPY261120P00505000,2026-09-16 19:23:40+00:00,505.0,0.62,0.53,0.54,0.09000003,16.98114,11.0,197.0,0.4309138940429688,False,REGULAR,USD,put,2026-11-20,0.1780821917808219,754.0499877929688,0.535,0.018691588785046745,0.6697168731188313
SPY261120P00510000,2026-09-16 19:00:47+00:00,510.0,0.57,0.56,0.57,0.01999998,3.6363602,7.0,200281.0,0.424810439453125,False,REGULAR,USD,put,2026-11-20,0.1780821917808219,754.0499877929688,0.565,0.017699115044247607,0.6763477332487208
SPY261120P00515000,2026-09-15 19:40:24+00:00,515.0,0.62,0.59,0.6,0.01999998,3.33333,1.0,8065.0,0.4182187084960937,False,REGULAR,USD,put,2026-11-20,0.1780821917808219,754.0499877929688,0.595,0.016806722689075647,0.6829785933786102
SPY261120P00520000,2026-09-16 20:01:33+00:00,520.0,0.62,0.63,0.64,0.00999999,1.6393427,205.0,152705.0,0.41272559936523434,False,REGULAR,USD,put,2026-11-20,0.1780821917808219,754.0499877929688,0.635,0.015748031496063006,0.6896094535084997
SPY261120P00525000,2026-09-16 19:15:52+00:00,525.0,0.73,0.66,0.67,0.09000003,14.062507,35.0,464.0,0.40601179931640624,False,REGULAR,USD,put,2026-11-20,0.1780821917808219,754.0499877929688,0.665,0.015037593984962419,0.696240313638389
SPY261120P00530000,2026-09-16 20:00:01+00:00,530.0,0.7,0.7,0.71,0.01999998,2.9411736,92.0,772.0,0.4000304138183594,False,REGULAR,USD,put,2026-11-20,0.1780821917808219,754.0499877929688,0.705,0.014184397163120581,0.7028711737682785
SPY261120P00535000,2026-09-16 19:21:03+00:00,535.0,0.83,0.74,0.75,0.14999998,22.05882,8.0,289.0,0.39380489013671877,False,REGULAR,USD,put,2026-11-20,0.1780821917808219,754.0499877929688,0.745,0.01342281879194632,0.7095020338981679
SPY261120P00540000,2026-09-16 18:26:58+00:00,540.0,0.7,0.78,0.79,-0.06999999,-9.090908,5.0,738.0,0.38757936645507807,False,REGULAR,USD,put,2026-11-20,0.1780821917808219,754.0499877929688,0.785,0.012738853503184724,0.7161328940280574
SPY261120P00545000,2026-09-16 15:18:28+00:00,545.0,0.72,0.82,0.83,-0.089999974,-11.111108,10.0,862.0,0.3811097045898437,False,REGULAR,USD,put,2026-11-20,0.1780821917808219,754.0499877929688,0.825,0.012121212121212133,0.7227637541579467
SPY261120P00550000,2026-09-16 20:11:55+00:00,550.0,0.87,0.87,0.88,0.0,0.0,17.0,4479.0,0.37525038818359374,False,REGULAR,USD,put,2026-11-20,0.1780821917808219,754.0499877929688,0.875,0.011428571428571439,0.7293946142878361
SPY261120P00555000,2026-09-16 20:02:29+00:00,555.0,0.9,0.92,0.93,0.01999998,2.272725,2.0,791.0,0.36914693359375,False,REGULAR,USD,put,2026-11-20,0.1780821917808219,754.0499877929688,0.925,0.01081081081081082,0.7360254744177256
SPY261120P00560000,2026-09-16 20:00:24+00:00,560.0,0.96,0.97,0.98,0.00999999,1.0526305,6.0,4831.0,0.3627993408203125,False,REGULAR,USD,put,2026-11-20,0.1780821917808219,754.0499877929688,0.975,0.010256410256410265,0.742656334547615
SPY261120P00565000,2026-09-16 19:22:44+00:00,565.0,1.17,1.02,1.03,0.16999996,16.999996,109.0,2026.0,0.35645174804687496,False,REGULAR,USD,put,2026-11-20,0.1780821917808219,754.0499877929688,1.025,0.009756097560975618,0.7492871946775044
SPY261120P00570000,2026-09-16 19:41:20+00:00,570.0,1.13,1.08,1.09,0.059999943,5.607471,43.0,1125.0,0.35034829345703117,False,REGULAR,USD,put,2026-11-20,0.1780821917808219,754.0499877929688,1.085,0.00921658986175116,0.7559180548073938
SPY261120P00575000,2026-09-16 17:08:09+00:00,575.0,1.02,1.14,1.15,-0.100000024,-8.928573,1.0,946.0,0.3441227697753906,False,REGULAR,USD,put,2026-11-20,0.1780821917808219,754.0499877929688,1.145,0.00873362445414848,0.7625489149372833
SPY261120P00580000,2026-09-16 19:52:43+00:00,580.0,1.2,1.21,1.22,0.0200001,1.6949238,144.0,17475.0,0.3382634533691406,False,REGULAR,USD,put,2026-11-20,0.1780821917808219,754.0499877929688,1.2149999999999999,0.008230452674897127,0.7691797750671727
SPY261120P00585000,2026-09-16 18:59:08+00:00,585.0,1.28,1.28,1.29,0.029999971,2.3999977,115.0,518.0,0.3321599987792969,False,REGULAR,USD,put,2026-11-20,0.1780821917808219,754.0499877929688,1.2850000000000001,0.007782101167315181,0.7758106351970621
SPY261120P00590000,2026-09-16 19:42:47+00:00,590.0,1.41,1.35,1.36,0.089999914,6.818175,15.0,1595.0,0.3258734405517578,False,REGULAR,USD,put,2026-11-20,0.1780821917808219,754.0499877929688,1.355,0.007380073800738014,0.7824414953269515
SPY261120P00595000,2026-09-16 17:53:15+00:00,595.0,1.29,1.43,1.44,-0.04000008,-3.0075247,4.0,624.0,0.3198310205078124,False,REGULAR,USD,put,2026-11-20,0.1780821917808219,754.0499877929688,1.435,0.0069686411149825845,0.789072355456841
SPY261120P00600000,2026-09-16 19:58:16+00:00,600.0,1.5,1.51,1.52,0.01999998,1.3513501,111.0,4786.0,0.31354446228027344,False,REGULAR,USD,put,2026-11-20,0.1780821917808219,754.0499877929688,1.5150000000000001,0.006600660066006606,0.7957032155867303
SPY261120P00605000,2026-09-16 19:37:34+00:00,605.0,1.72,1.6,1.61,0.13999999,8.860758,75.0,711.0,0.30750204223632804,False,REGULAR,USD,put,2026-11-20,0.1780821917808219,754.0499877929688,1.605,0.006230529595015582,0.8023340757166197
SPY261120P00610000,2026-09-16 19:11:46+00:00,610.0,1.82,1.7,1.71,0.1400001,8.33334,169.0,2120.0,0.30152065673828127,False,REGULAR,USD,put,2026-11-20,0.1780821917808219,754.0499877929688,1.705,0.005865102639296193,0.8089649358465092
SPY261120P00615000,2026-09-16 19:48:06+00:00,615.0,1.84,1.81,1.82,0.18000007,10.843378,73.0,3392.0,0.29566134033203123,False,REGULAR,USD,put,2026-11-20,0.1780821917808219,754.0499877929688,1.815,0.005509641873278242,0.8155957959763986
SPY261120P00620000,2026-09-16 19:48:46+00:00,620.0,1.94,1.92,1.93,0.060000062,3.1914926,161.0,161269.0,0.28955788574218744,False,REGULAR,USD,put,2026-11-20,0.1780821917808219,754.0499877929688,1.9249999999999998,0.0051948051948052,0.822226656106288
SPY261120P00625000,2026-09-16 20:10:25+00:00,625.0,2.05,2.05,2.06,0.07999992,4.0609097,65.0,2517.0,0.2838206384277343,False,REGULAR,USD,put,2026-11-20,0.1780821917808219,754.0499877929688,2.0549999999999997,0.004866180048661913,0.8288575162361774
SPY261120P00630000,2026-09-16 19:51:36+00:00,630.0,2.16,2.18,2.19,0.029999971,1.4084493,352.0,102523.0,0.277778218383789,False,REGULAR,USD,put,2026-11-20,0.1780821917808219,754.0499877929688,2.185,0.004576659038901504,0.8354883763660669
SPY261120P00635000,2026-09-16 19:53:10+00:00,635.0,2.31,2.33,2.34,0.099999905,4.5248823,178.0,1292.0,0.27197993652343744,False,REGULAR,USD,put,2026-11-20,0.1780821917808219,754.0499877929688,2.335,0.004282655246252586,0.8421192364959563
SPY261120P00640000,2026-09-16 20:05:57+00:00,640.0,2.47,2.49,2.5,0.089999914,3.781509,215.0,78760.0,0.26618165466308596,False,REGULAR,USD,put,2026-11-20,0.1780821917808219,754.0499877929688,2.495,0.004008016032064043,0.8487500966258457
SPY261120P00645000,2026-09-16 20:01:09+00:00,645.0,2.63,2.66,2.67,0.010000229,0.38168815,185.0,1610.0,0.2602613037109375,False,REGULAR,USD,put,2026-11-20,0.1780821917808219,754.0499877929688,2.665,0.0037523452157597697,0.8553809567557351
SPY261120P00650000,2026-09-16 20:05:51+00:00,650.0,2.83,2.85,2.86,0.15999985,5.9925036,1171.0,15308.0,0.25449353912353523,False,REGULAR,USD,put,2026-11-20,0.1780821917808219,754.0499877929688,2.855,0.003502626970227596,0.8620118168856246
SPY261120P00655000,2026-09-16 19:52:16+00:00,655.0,3.07,3.05,3.06,0.16999984,5.8620634,85.0,11930.0,0.24857318817138674,False,REGULAR,USD,put,2026-11-20,0.1780821917808219,754.0499877929688,3.0549999999999997,0.0032733224222586685,0.868642677015514
SPY261120P00660000,2026-09-16 19:53:39+00:00,660.0,3.28,3.28,3.29,0.119999886,3.7974646,1730.0,12767.0,0.242896975402832,False,REGULAR,USD,put,2026-11-20,0.1780821917808219,754.0499877929688,3.285,0.0030441400304414704,0.8752735371454033
SPY261120P00665000,2026-09-16 20:11:56+00:00,665.0,3.54,3.53,3.53,0.089999914,2.6086931,193.0,1651.0,0.2370071417236328,False,REGULAR,USD,put,2026-11-20,0.1780821917808219,754.0499877929688,3.53,0.0,0.8819043972752928
SPY261120P00670000,2026-09-16 19:59:56+00:00,670.0,3.77,3.8,3.83,0.059999943,1.6172491,169.0,4565.0,0.2317886880493164,False,REGULAR,USD,put,2026-11-20,0.1780821917808219,754.0499877929688,3.815,0.007863695937090498,0.8885352574051822
SPY261120P00675000,2026-09-16 19:52:16+00:00,675.0,4.12,4.1,4.11,0.14999986,3.778334,268.0,4563.0,0.22574626800537106,False,REGULAR,USD,put,2026-11-20,0.1780821917808219,754.0499877929688,4.105,0.002436053593179214,0.8951661175350717
SPY261120P00680000,2026-09-16 20:11:24+00:00,680.0,4.45,4.44,4.46,0.32999992,8.009707,1416.0,46712.0,0.22034471069335934,False,REGULAR,USD,put,2026-11-20,0.1780821917808219,754.0499877929688,4.45,0.004494382022471814,0.901796977664961
SPY261120P00685000,2026-09-16 20:14:24+00:00,685.0,4.79,4.8,4.83,0.13999987,3.0107498,129.0,7264.0,0.21472953247070312,False,REGULAR,USD,put,2026-11-20,0.1780821917808219,754.0499877929688,4.8149999999999995,0.006230529595015628,0.9084278377948505
SPY261120P00690000,2026-09-16 19:57:42+00:00,690.0,5.2,5.21,5.22,0.15999985,3.1746001,714.0,20057.0,0.20887021606445308,False,REGULAR,USD,put,2026-11-20,0.1780821917808219,754.0499877929688,5.215,0.0019175455417065747,0.9150586979247399
SPY261120P00695000,2026-09-16 20:05:57+00:00,695.0,5.63,5.65,5.69,0.3699999,7.034218,80.0,5069.0,0.2034991760253906,False,REGULAR,USD,put,2026-11-20,0.1780821917808219,754.0499877929688,5.67,0.0070546737213403946,0.9216895580546293
SPY261120P00700000,2026-09-16 20:14:36+00:00,700.0,6.13,6.16,6.17,0.42000008,7.355518,6765.0,35084.0,0.19760934234619143,False,REGULAR,USD,put,2026-11-20,0.1780821917808219,754.0499877929688,6.165,0.0016220600162205655,0.9283204181845187
SPY261120P00705000,2026-09-16 19:59:35+00:00,705.0,6.68,6.72,6.73,0.25,3.888025,605.0,7308.0,0.1920551986694336,False,REGULAR,USD,put,2026-11-20,0.1780821917808219,754.0499877929688,6.725,0.0014869888475837435,0.9349512783144082
SPY261120P00710000,2026-09-16 19:59:51+00:00,710.0,7.27,7.34,7.36,0.48999977,7.227135,612.0,7820.0,0.18654683090209961,False,REGULAR,USD,put,2026-11-20,0.1780821917808219,754.0499877929688,7.35,0.002721088435374213,0.9415821384442976
SPY261120P00715000,2026-09-16 20:11:56+00:00,715.0,8.06,8.02,8.04,0.6600003,8.918923,336.0,23266.0,0.18080958358764648,False,REGULAR,USD,put,2026-11-20,0.1780821917808219,754.0499877929688,8.03,0.0024906600249065473,0.948212998574187
SPY261120P00720000,2026-09-16 20:11:56+00:00,720.0,8.85,8.8,8.83,0.5500002,6.626508,12751.0,24685.0,0.17536225036621095,False,REGULAR,USD,put,2026-11-20,0.1780821917808219,754.0499877929688,8.815000000000001,0.0034032898468518836,0.9548438587040764
SPY261120P00725000,2026-09-16 20:14:24+00:00,725.0,9.64,9.67,9.7,0.7400007,8.314615,865.0,15571.0,0.16976233078002934,False,REGULAR,USD,put,2026-11-20,0.1780821917808219,754.0499877929688,9.684999999999999,0.0030975735673721594,0.9614747188339658
SPY261120P00730000,2026-09-16 20:14:36+00:00,730.0,10.6,10.65,10.68,0.9000006,9.278357,1262.0,29628.0,0.1641929284667969,False,REGULAR,USD,put,2026-11-20,0.1780821917808219,754.0499877929688,10.665,0.0028129395218002215,0.9681055789638553
SPY261120P00735000,2026-09-16 20:14:16+00:00,735.0,11.75,11.74,11.82,0.8000002,7.305938,261.0,5917.0,0.15894395751953128,False,REGULAR,USD,put,2026-11-20,0.1780821917808219,754.0499877929688,11.780000000000001,0.006791171477079801,0.9747364390937446
SPY261120P00740000,2026-09-16 20:14:12+00:00,740.0,13.0,12.98,13.06,1.1899996,10.076202,4549.0,13650.0,0.1533440379333496,False,REGULAR,USD,put,2026-11-20,0.1780821917808219,754.0499877929688,13.02,0.006144393241167441,0.9813672992236341
SPY261120P00745000,2026-09-16 20:14:24+00:00,745.0,14.36,14.38,14.43,0.9899998,7.4046354,347.0,25819.0,0.14751523880004885,False,REGULAR,USD,put,2026-11-20,0.1780821917808219,754.0499877929688,14.405000000000001,0.003471017007983265,0.9879981593535235
SPY261120P00750000,2026-09-16 20:14:49+00:00,750.0,15.96,15.96,16.03,1.3100004,8.941983,3273.0,31443.0,0.1421136814880371,False,REGULAR,USD,put,2026-11-20,0.1780821917808219,754.0499877929688,15.995000000000001,0.004376367614879667,0.994629019483413
SPY261120P00755000,2026-09-16 20:14:58+00:00,755.0,17.82,17.74,17.83,1.7600002,10.958906,1045.0,8945.0,0.13666634826660157,True,REGULAR,USD,put,2026-11-20,0.1780821917808219,754.0499877929688,17.784999999999997,0.005060444194545959,1.0012598796133023
SPY261120P00760000,2026-09-16 20:07:33+00:00,760.0,19.87,19.79,19.88,1.9700012,11.005593,4778.0,6696.0,0.13140211868286134,True,REGULAR,USD,put,2026-11-20,0.1780821917808219,754.0499877929688,19.835,0.0045374338290899855,1.0078907397431918
SPY261120P00765000,2026-09-16 20:14:11+00:00,765.0,22.19,21.97,22.25,2.0200005,10.014875,1045.0,5760.0,0.126687200012207,True,REGULAR,USD,put,2026-11-20,0.1780821917808219,754.0499877929688,22.11,0.012663952962460477,1.0145215998730812
SPY261120P00770000,2026-09-16 19:59:54+00:00,770.0,24.68,24.63,24.9,1.5200005,6.5630417,260.0,12371.0,0.12207909179687501,True,REGULAR,USD,put,2026-11-20,0.1780821917808219,754.0499877929688,24.765,0.010902483343428207,1.0211524600029707
SPY261120P00775000,2026-09-16 19:57:38+00:00,775.0,27.39,27.44,27.98,1.9899998,7.834645,97.0,3541.0,0.11878322631835936,True,REGULAR,USD,put,2026-11-20,0.1780821917808219,754.0499877929688,27.71,0.019487549621075392,1.0277833201328601
SPY261120P00780000,2026-09-16 19:26:55+00:00,780.0,34.41,30.2,31.52,5.209999,17.84246,1031.0,2979.0,0.1173489144897461,True,REGULAR,USD,put,2026-11-20,0.1780821917808219,754.0499877929688,30.86,0.042773817239144536,1.0344141802627496
SPY261120P00785000,2026-09-16 19:45:04+00:00,785.0,36.28,34.28,35.49,4.499998,14.1598425,29.0,669.0,0.11811184631347656,True,REGULAR,USD,put,2026-11-20,0.1780821917808219,754.0499877929688,34.885000000000005,0.03468539486885483,1.0410450403926388
SPY261120P00790000,2026-09-16 19:50:58+00:00,790.0,39.0,37.98,39.6,3.2400017,9.060409,11.0,1415.0,0.11853908813476563,True,REGULAR,USD,put,2026-11-20,0.1780821917808219,754.0499877929688,38.79,0.0417633410672855,1.0476759005225282
SPY261120P00795000,2026-09-16 18:56:07+00:00,795.0,42.14,42.05,44.06,2.0900002,5.2184772,16.0,161.0,0.12162133270263673,True,REGULAR,USD,put,2026-11-20,0.1780821917808219,754.0499877929688,43.055,0.04668447334804332,1.0543067606524177
SPY261120P00800000,2026-09-16 19:42:29+00:00,800.0,49.49,46.18,49.68,4.790001,10.715885,5.0,483.0,0.13910773010253907,True,REGULAR,USD,put,2026-11-20,0.1780821917808219,754.0499877929688,47.93,0.07302315877321093,1.0609376207823071
SPY261120P00805000,2026-09-16 18:40:06+00:00,805.0,50.8,50.9,54.49,3.0099983,6.2983847,6.0,24.0,0.14597411651611325,True,REGULAR,USD,put,2026-11-20,0.1780821917808219,754.0499877929688,52.695,0.06812790587342259,1.0675684809121966
SPY261120P00810000,2026-09-15 17:27:53+00:00,810.0,54.18,55.58,59.4,0.0,0.0,2.0,10.0,0.15383231430053712,True,REGULAR,USD,put,2026-11-20,0.1780821917808219,754.0499877929688,57.489999999999995,0.06644633849365109,1.074199341042086
SPY261120P00815000,2026-09-09 14:40:22+00:00,815.0,52.71,60.54,64.36,0.0,0.0,3.0,44.0,0.16211775390625,True,REGULAR,USD,put,2026-11-20,0.1780821917808219,754.0499877929688,62.45,0.0611689351481185,1.0808302011719755
SPY261120P00820000,2026-08-21 15:55:58+00:00,820.0,53.5,65.44,69.52,0.0,0.0,1.0,6.0,0.17313448944091797,True,REGULAR,USD,put,2026-11-20,0.1780821917808219,754.0499877929688,67.47999999999999,0.060462359217545926,1.0874610613018647
SPY261120P00825000,2026-09-09 16:34:57+00:00,825.0,64.05,70.46,74.51,0.0,0.0,5.0,135.0,0.1815267395019531,True,REGULAR,USD,put,2026-11-20,0.1780821917808219,754.0499877929688,72.485,0.055873629026695334,1.0940919214317542
SPY261120P00830000,2026-09-03 14:01:37+00:00,830.0,61.79,75.5,79.51,0.0,0.0,1.0,1.0,0.1899189895629883,True,REGULAR,USD,put,2026-11-20,0.1780821917808219,754.0499877929688,77.505,0.05173859750983814,1.1007227815616436
SPY261120P00835000,2026-09-11 13:30:18+00:00,835.0,72.34,80.51,84.51,0.0,0.0,1.0,0.0,0.1981281359863281,True,REGULAR,USD,put,2026-11-20,0.1780821917808219,754.0499877929688,82.51,0.048478972245788385,1.107353641691533
SPY261120P00850000,2026-06-16 19:17:52+00:00,850.0,100.49,109.23,112.51,0.0,0.0,19.0,0.0,0.3767915104675293,True,REGULAR,USD,put,2026-11-20,0.1780821917808219,754.0499877929688,110.87,0.029584197709028603,1.1272462220812014
SPY261120P00950000,2026-09-03 20:10:30+00:00,950.0,177.32,195.55,199.3,0.0,0.0,1.0,1.0,0.3549564016723632,True,REGULAR,USD,put,2026-11-20,0.1780821917808219,754.0499877929688,197.425,0.018994554894263643,1.2598634246789897
SPY261218C00150000,2026-07-17 15:27:40+00:00,150.0,596.0,612.55,615.8,0.0,0.0,2.0,6.0,2.1619308647155764,True,REGULAR,USD,call,2026-12-18,0.2547945205479452,754.0499877929688,614.175,0.005291651402287622,0.19892580389668257
SPY261218C00200000,2026-08-21 15:10:17+00:00,200.0,566.9,552.76,556.51,0.0,0.0,1.0,753.0,1.0986373193359378,True,REGULAR,USD,call,2026-12-18,0.2547945205479452,754.0499877929688,554.635,0.0067612033138911174,0.2652344051955768
SPY261218C00210000,2026-09-08 19:28:13+00:00,210.0,557.33,542.86,546.63,0.0,0.0,2.0,382.0,1.0830123974609376,True,REGULAR,USD,call,2026-12-18,0.2547945205479452,754.0499877929688,544.745,0.0069206693039862354,0.2784961254553556
SPY261218C00220000,2026-05-07 13:51:31+00:00,220.0,515.9,519.23,522.72,0.0,0.0,71.0,82.0,1.0000000000000003e-05,True,REGULAR,USD,call,2026-12-18,0.2547945205479452,754.0499877929688,520.975,0.006698977878017196,0.29175784571513447
SPY261218C00230000,2026-09-08 19:56:56+00:00,230.0,536.7,523.09,526.86,0.0,0.0,2.0,14.0,1.0478563232421876,True,REGULAR,USD,call,2026-12-18,0.2547945205479452,754.0499877929688,524.975,0.0071812943473498385,0.3050195659749133
SPY261218C00240000,2026-07-21 17:15:29+00:00,240.0,511.4,523.79,526.89,0.0,0.0,1.0,27.0,1.594606519165039,True,REGULAR,USD,call,2026-12-18,0.2547945205479452,754.0499877929688,525.3399999999999,0.005900940343396701,0.31828128623469215
SPY261218C00245000,2025-09-16 17:55:22+00:00,245.0,422.0,424.91,428.79,0.0,0.0,4.0,21.0,1.0000000000000003e-05,True,REGULAR,USD,call,2026-12-18,0.2547945205479452,754.0499877929688,426.85,0.00908984420756705,0.32491214636458154
SPY261218C00250000,2026-09-15 17:03:20+00:00,250.0,508.11,503.32,507.1,0.0,0.0,6.0,147.0,1.0090381579589844,True,REGULAR,USD,call,2026-12-18,0.2547945205479452,754.0499877929688,505.21000000000004,0.007482037172660932,0.331543006494471
SPY261218C00255000,2026-09-08 19:18:39+00:00,255.0,512.73,498.38,502.16,0.0,0.0,2.0,4.0,0.999023447265625,True,REGULAR,USD,call,2026-12-18,0.2547945205479452,754.0499877929688,500.27,0.007555919803306274,0.3381738666243604
SPY261218C00260000,2026-08-24 14:03:45+00:00,260.0,504.85,493.44,497.22,0.0,0.0,1.0,15.0,0.9890137817382813,True,REGULAR,USD,call,2026-12-18,0.2547945205479452,754.0499877929688,495.33000000000004,0.007631276118951061,0.34480472675424984
SPY261218C00265000,2026-01-02 15:03:32+00:00,265.0,427.58,430.6,434.44,0.0,0.0,2.0,120.0,1.0000000000000003e-05,True,REGULAR,USD,call,2026-12-18,0.2547945205479452,754.0499877929688,432.52,0.00887820216406172,0.35143558688413923
SPY261218C00270000,2026-06-15 14:47:51+00:00,270.0,486.29,486.36,489.87,0.0,0.0,2.0,65.0,1.1579631945800783,True,REGULAR,USD,call,2026-12-18,0.2547945205479452,754.0499877929688,488.115,0.007190928367290476,0.3580664470140287
SPY261218C00275000,2026-08-24 14:03:16+00:00,275.0,490.09,478.61,482.41,0.0,0.0,2.0,124.0,0.958740646972656,True,REGULAR,USD,call,2026-12-18,0.2547945205479452,754.0499877929688,480.51,0.007908264136022167,0.36469730714391807
SPY261218C00280000,2026-09-08 19:33:29+00:00,280.0,488.33,473.67,477.47,0.0,0.0,2.0,56.0,0.9484868432617187,True,REGULAR,USD,call,2026-12-18,0.2547945205479452,754.0499877929688,475.57000000000005,0.007990411506192592,0.3713281672738075
SPY261218C00285000,2025-08-05 14:43:07+00:00,285.0,353.65,385.58,389.46,0.0,0.0,2.0,103.0,1.0000000000000003e-05,True,REGULAR,USD,call,2026-12-18,0.2547945205479452,754.0499877929688,387.52,0.010012386457473151,0.3779590274036969
SPY261218C00290000,2026-09-08 19:40:11+00:00,290.0,478.48,463.8,467.59,0.0,0.0,2.0,16.0,0.9283454431152343,True,REGULAR,USD,call,2026-12-18,0.2547945205479452,754.0499877929688,465.695,0.00813837382836398,0.38458988753358636
SPY261218C00295000,2026-01-13 20:24:47+00:00,295.0,404.0,393.0,397.73,0.0,0.0,1.0,78.0,1.0000000000000003e-05,True,REGULAR,USD,call,2026-12-18,0.2547945205479452,754.0499877929688,395.365,0.011963628545774204,0.39122074766347575
SPY261218C00300000,2026-08-13 18:46:29+00:00,300.0,480.12,453.92,457.72,0.0,0.0,1.0,240.0,0.9082040429687499,True,REGULAR,USD,call,2026-12-18,0.2547945205479452,754.0499877929688,455.82000000000005,0.00833662410600678,0.39785160779336515
SPY261218C00305000,2026-09-14 14:41:42+00:00,305.0,454.68,448.98,452.78,0.0,0.0,1.0,6.0,0.8979502392578124,True,REGULAR,USD,call,2026-12-18,0.2547945205479452,754.0499877929688,450.88,0.008427963094393085,0.4044824679232546
SPY261218C00315000,2026-09-09 14:25:57+00:00,315.0,449.87,439.1,442.91,0.0,0.0,1.0,147.0,0.8776867700195312,True,REGULAR,USD,call,2026-12-18,0.2547945205479452,754.0499877929688,441.005,0.008639357830410092,0.41774418818303344
SPY261218C00320000,2026-09-09 15:02:06+00:00,320.0,445.4,434.17,437.98,0.0,0.0,18.0,29.0,0.868165380859375,True,REGULAR,USD,call,2026-12-18,0.2547945205479452,754.0499877929688,436.07500000000005,0.008737029180760195,0.42437504831292283
SPY261218C00325000,2026-06-10 18:06:01+00:00,325.0,411.16,432.54,436.05,0.0,0.0,1.0,58.0,1.0165454446411135,True,REGULAR,USD,call,2026-12-18,0.2547945205479452,754.0499877929688,434.295,0.008082064034815024,0.4310059084428123
SPY261218C00330000,2026-09-16 18:00:16+00:00,330.0,432.07,424.29,428.1,16.570007,3.987968,7.0,0.0,0.8477798425292968,True,REGULAR,USD,call,2026-12-18,0.2547945205479452,754.0499877929688,426.19500000000005,0.008939569915179675,0.4376367685727017
SPY261218C00335000,2026-06-08 14:47:47+00:00,335.0,414.01,422.77,426.28,0.0,0.0,1.0,11.0,0.9927368890380859,True,REGULAR,USD,call,2026-12-18,0.2547945205479452,754.0499877929688,424.525,0.008268064307166813,0.4442676287025911
SPY261218C00350000,2026-09-11 18:47:05+00:00,350.0,417.89,404.55,408.37,0.0,0.0,2.0,72.0,0.8087177331542967,True,REGULAR,USD,call,2026-12-18,0.2547945205479452,754.0499877929688,406.46000000000004,0.009398218766914317,0.46416020909225936
SPY261218C00355000,2026-07-21 13:53:37+00:00,355.0,394.98,410.56,413.66,0.0,0.0,1.0,13.0,1.1431622431945803,True,REGULAR,USD,call,2026-12-18,0.2547945205479452,754.0499877929688,412.11,0.007522263473344551,0.4707910692221488
SPY261218C00360000,2026-07-13 14:16:47+00:00,360.0,396.38,405.64,408.74,0.0,0.0,10.0,21.0,1.1270185250854494,True,REGULAR,USD,call,2026-12-18,0.2547945205479452,754.0499877929688,407.19,0.007613153564675023,0.4774219293520382
SPY261218C00365000,2026-08-14 20:09:33+00:00,365.0,414.5,389.75,393.58,0.0,0.0,1.0,75.0,0.7800314965820312,True,REGULAR,USD,call,2026-12-18,0.2547945205479452,754.0499877929688,391.66499999999996,0.009778765016021306,0.48405278948192765
SPY261218C00370000,2026-09-03 16:12:11+00:00,370.0,405.46,384.81,388.65,0.0,0.0,3.0,109.0,0.7702659692382813,True,REGULAR,USD,call,2026-12-18,0.2547945205479452,754.0499877929688,386.73,0.009929408114188128,0.49068364961181704
SPY261218C00375000,2026-09-16 18:36:58+00:00,375.0,383.46,379.88,383.6,-21.790009,-5.37693,1.0,15.0,0.7578149218750001,True,REGULAR,USD,call,2026-12-18,0.2547945205479452,754.0499877929688,381.74,0.009744852517420305,0.4973145097417065
SPY261218C00380000,2026-09-15 18:44:53+00:00,380.0,379.75,374.95,378.79,0.0,0.0,1.0,38.0,0.7514673291015624,True,REGULAR,USD,call,2026-12-18,0.2547945205479452,754.0499877929688,376.87,0.010189189906333834,0.5039453698715959
SPY261218C00385000,2026-09-10 14:20:35+00:00,385.0,375.75,370.02,373.86,0.0,0.0,7.0,26.0,0.742068009033203,True,REGULAR,USD,call,2026-12-18,0.2547945205479452,754.0499877929688,371.94,0.010324245846104295,0.5105762300014853
SPY261218C00390000,2026-09-14 15:22:43+00:00,390.0,372.09,365.09,368.93,0.0,0.0,4.0,143.0,0.7326686889648437,True,REGULAR,USD,call,2026-12-18,0.2547945205479452,754.0499877929688,367.01,0.010462930165390676,0.5172070901313748
SPY261218C00395000,2026-08-20 13:34:46+00:00,395.0,375.82,360.16,364.0,0.0,0.0,100.0,93.0,0.7232693688964844,True,REGULAR,USD,call,2026-12-18,0.2547945205479452,754.0499877929688,362.08000000000004,0.010605391073795776,0.5238379502612641
SPY261218C00400000,2026-09-16 14:17:58+00:00,400.0,362.49,355.23,359.0,1.9299927,0.5352764,726.0,13716.0,0.7124052197265626,True,REGULAR,USD,call,2026-12-18,0.2547945205479452,754.0499877929688,357.115,0.010556823432227663,0.5304688103911536
SPY261218C00405000,2026-09-01 15:30:49+00:00,405.0,362.09,350.3,354.1,0.0,0.0,4.0,254.0,0.7037993487548828,True,REGULAR,USD,call,2026-12-18,0.2547945205479452,754.0499877929688,352.20000000000005,0.01078932424758663,0.537099670521043
SPY261218C00410000,2026-08-24 13:40:14+00:00,410.0,357.69,345.37,349.23,0.0,0.0,2.0,183.0,0.6957427886962892,True,REGULAR,USD,call,2026-12-18,0.2547945205479452,754.0499877929688,347.3,0.011114310394471678,0.5437305306509324
SPY261218C00415000,2026-08-21 20:08:10+00:00,415.0,354.91,340.45,344.3,0.0,0.0,4.0,329.0,0.686648641357422,True,REGULAR,USD,call,2026-12-18,0.2547945205479452,754.0499877929688,342.375,0.011244979919678781,0.5503613907808218
SPY261218C00420000,2026-09-11 14:01:13+00:00,420.0,348.95,335.52,339.38,0.0,0.0,1.0,173.0,0.6776155285644532,True,REGULAR,USD,call,2026-12-18,0.2547945205479452,754.0499877929688,337.45,0.011438731663950256,0.5569922509107113
SPY261218C00425000,2026-09-01 18:47:00+00:00,425.0,338.75,330.6,334.45,0.0,0.0,1.0,283.0,0.6685824157714846,True,REGULAR,USD,call,2026-12-18,0.2547945205479452,754.0499877929688,332.525,0.011578076836327994,0.5636231110406007
SPY261218C00430000,2026-08-21 20:06:49+00:00,430.0,340.18,325.67,329.5,0.0,0.0,54.0,216.0,0.6589389575195312,True,REGULAR,USD,call,2026-12-18,0.2547945205479452,754.0499877929688,327.58500000000004,0.011691622021765293,0.57025397117049
SPY261218C00435000,2026-09-10 14:12:39+00:00,435.0,325.92,320.75,324.61,0.0,0.0,7.0,145.0,0.6506992938232423,True,REGULAR,USD,call,2026-12-18,0.2547945205479452,754.0499877929688,322.68,0.01196231560679315,0.5768848313003795
SPY261218C00440000,2026-09-11 17:57:00+00:00,440.0,329.36,315.83,319.6,0.0,0.0,1.0,336.0,0.6402623864746093,True,REGULAR,USD,call,2026-12-18,0.2547945205479452,754.0499877929688,317.71500000000003,0.011865980517130253,0.5835156914302689
SPY261218C00445000,2026-09-01 17:18:54+00:00,445.0,320.58,310.91,314.77,0.0,0.0,1.0,123.0,0.6330603100585939,True,REGULAR,USD,call,2026-12-18,0.2547945205479452,754.0499877929688,312.84000000000003,0.012338575629714731,0.5901465515601584
SPY261218C00450000,2026-09-16 16:11:34+00:00,450.0,314.12,305.99,309.86,-1.5800171,-0.50048053,2.0,463.0,0.6243934045410158,True,REGULAR,USD,call,2026-12-18,0.2547945205479452,754.0499877929688,307.925,0.012567995453438351,0.5967774116900477
SPY261218C00455000,2026-09-11 17:32:57+00:00,455.0,314.78,301.07,304.94,0.0,0.0,2.0,86.0,0.6155433953857423,True,REGULAR,USD,call,2026-12-18,0.2547945205479452,754.0499877929688,303.005,0.012772066467550056,0.6034082718199372
SPY261218C00460000,2026-08-26 14:36:50+00:00,460.0,310.16,296.15,300.0,0.0,0.0,2.0,224.0,0.6064492480468751,True,REGULAR,USD,call,2026-12-18,0.2547945205479452,754.0499877929688,298.075,0.012916212362660481,0.6100391319498266
SPY261218C00465000,2026-09-10 19:54:35+00:00,465.0,297.1,291.24,295.11,0.0,0.0,2.0,92.0,0.5982706188964844,True,REGULAR,USD,call,2026-12-18,0.2547945205479452,754.0499877929688,293.175,0.01320030698388336,0.6166699920797161
SPY261218C00470000,2026-09-10 19:14:10+00:00,470.0,292.17,286.32,290.2,0.0,0.0,2.0,246.0,0.5896647479248047,True,REGULAR,USD,call,2026-12-18,0.2547945205479452,754.0499877929688,288.26,0.013460070769444237,0.6233008522096054
SPY261218C00475000,2026-09-15 14:15:49+00:00,475.0,287.47,281.41,285.29,0.0,0.0,4.0,1083.0,0.5811199114990235,True,REGULAR,USD,call,2026-12-18,0.2547945205479452,754.0499877929688,283.35,0.01369331215810833,0.6299317123394949
SPY261218C00480000,2026-09-15 14:15:49+00:00,480.0,282.57,276.5,280.38,0.0,0.0,1.0,205.0,0.5726361096191408,True,REGULAR,USD,call,2026-12-18,0.2547945205479452,754.0499877929688,278.44,0.01393477948570606,0.6365625724693843
SPY261218C00485000,2026-09-14 19:35:00+00:00,485.0,282.66,271.59,275.47,0.0,0.0,7.0,866.0,0.5641523077392578,True,REGULAR,USD,call,2026-12-18,0.2547945205479452,754.0499877929688,273.53,0.014184915731364212,0.6431934325992738
SPY261218C00490000,2026-09-15 14:49:27+00:00,490.0,271.5,266.68,270.56,0.0,0.0,1.0,820.0,0.5556685058593751,True,REGULAR,USD,call,2026-12-18,0.2547945205479452,754.0499877929688,268.62,0.014444196262378063,0.6498242927291631
SPY261218C00495000,2026-09-10 18:57:34+00:00,495.0,267.79,261.78,265.66,0.0,0.0,1.0,1977.0,0.547428842163086,True,REGULAR,USD,call,2026-12-18,0.2547945205479452,754.0499877929688,263.72,0.014712573942059957,0.6564551528590525
SPY261218C00500000,2026-09-11 13:54:18+00:00,500.0,269.72,256.88,260.76,0.0,0.0,13.0,3724.0,0.5391281439208986,True,REGULAR,USD,call,2026-12-18,0.2547945205479452,754.0499877929688,258.82,0.014991113515184281,0.663086012988942
SPY261218C00505000,2026-09-14 19:22:25+00:00,505.0,261.16,251.97,255.85,0.0,0.0,9.0,1448.0,0.5306443420410156,True,REGULAR,USD,call,2026-12-18,0.2547945205479452,754.0499877929688,253.91,0.015281005080540332,0.6697168731188313
SPY261218C00510000,2026-09-16 14:43:47+00:00,510.0,254.4,247.07,250.95,1.3999939,0.55335724,10.0,1952.0,0.522343643798828,True,REGULAR,USD,call,2026-12-18,0.2547945205479452,754.0499877929688,249.01,0.01558170354604231,0.6763477332487208
SPY261218C00515000,2026-09-11 18:00:15+00:00,515.0,255.56,242.18,246.06,0.0,0.0,49.0,2045.0,0.5142870837402342,True,REGULAR,USD,call,2026-12-18,0.2547945205479452,754.0499877929688,244.12,0.015893822710142533,0.6829785933786102
SPY261218C00520000,2026-09-15 19:36:19+00:00,520.0,242.0,237.28,241.16,0.0,0.0,3.0,3030.0,0.5059863854980469,True,REGULAR,USD,call,2026-12-18,0.2547945205479452,754.0499877929688,239.22,0.016219379650530875,0.6896094535084997
SPY261218C00525000,2026-09-14 14:02:49+00:00,525.0,240.5,232.39,236.27,0.0,0.0,39.0,858.0,0.5381821084594728,True,REGULAR,USD,call,2026-12-18,0.2547945205479452,754.0499877929688,234.32999999999998,0.016557845773055198,0.696240313638389
SPY261218C00530000,2026-09-15 14:47:15+00:00,530.0,232.35,227.5,231.38,0.0,0.0,1.0,2111.0,0.5291184783935547,True,REGULAR,USD,call,2026-12-18,0.2547945205479452,754.0499877929688,229.44,0.0169107391910739,0.7028711737682785
SPY261218C00535000,2026-09-16 15:46:02+00:00,535.0,230.68,222.61,226.49,1.1799927,0.514158,1.0,2368.0,0.5200548483276367,True,REGULAR,USD,call,2026-12-18,0.2547945205479452,754.0499877929688,224.55,0.01727900244934311,0.7095020338981679
SPY261218C00540000,2026-09-15 19:36:19+00:00,540.0,222.26,217.73,221.61,0.0,0.0,1.0,3482.0,0.511174321899414,True,REGULAR,USD,call,2026-12-18,0.2547945205479452,754.0499877929688,219.67000000000002,0.017662857923248617,0.7161328940280574
SPY261218C00545000,2026-09-16 19:27:03+00:00,545.0,210.75,212.85,216.73,-11.339996,-5.1060367,1.0,1687.0,0.5022632781982423,True,REGULAR,USD,call,2026-12-18,0.2547945205479452,754.0499877929688,214.79,0.018064155686950023,0.7227637541579467
SPY261218C00550000,2026-09-16 19:27:03+00:00,550.0,205.91,207.97,211.85,-7.0,-3.287774,2.0,3972.0,0.49338275177001967,True,REGULAR,USD,call,2026-12-18,0.2547945205479452,754.0499877929688,209.91,0.018484112238578418,0.7293946142878361
SPY261218C00555000,2026-09-16 16:51:51+00:00,555.0,210.38,203.1,206.98,-2.4599915,-1.1557938,3.0,1678.0,0.484654811706543,True,REGULAR,USD,call,2026-12-18,0.2547945205479452,754.0499877929688,205.04,0.018923136948888,0.7360254744177256
SPY261218C00560000,2026-09-15 16:40:35+00:00,560.0,203.4,198.23,202.11,0.0,0.0,2.0,1925.0,0.4758963543701171,True,REGULAR,USD,call,2026-12-18,0.2547945205479452,754.0499877929688,200.17000000000002,0.01938352400459621,0.742656334547615
SPY261218C00565000,2026-09-15 15:23:46+00:00,565.0,198.16,193.37,197.25,0.0,0.0,3.0,1687.0,0.4672904833984375,True,REGULAR,USD,call,2026-12-18,0.2547945205479452,754.0499877929688,195.31,0.0198658542829348,0.7492871946775044
SPY261218C00570000,2026-09-15 16:22:35+00:00,570.0,193.46,188.51,192.39,0.0,0.0,5.0,5221.0,0.4586540951538086,True,REGULAR,USD,call,2026-12-18,0.2547945205479452,754.0499877929688,190.45,0.02037280126017325,0.7559180548073938
SPY261218C00575000,2026-09-16 19:10:21+00:00,575.0,184.53,183.66,187.54,-5.169998,-2.725355,2.0,848.0,0.45013977600097654,True,REGULAR,USD,call,2026-12-18,0.2547945205479452,754.0499877929688,185.6,0.02090517241379308,0.7625489149372833
SPY261218C00580000,2026-09-15 19:36:19+00:00,580.0,185.08,178.81,182.69,0.0,0.0,5.0,1989.0,0.4416254568481446,True,REGULAR,USD,call,2026-12-18,0.2547945205479452,754.0499877929688,180.75,0.02146611341632086,0.7691797750671727
SPY261218C00585000,2026-09-15 17:01:00+00:00,585.0,178.36,173.96,177.84,0.0,0.0,1.0,958.0,0.43305010314941406,True,REGULAR,USD,call,2026-12-18,0.2547945205479452,754.0499877929688,175.9,0.022057987492893665,0.7758106351970621
SPY261218C00590000,2026-09-15 17:05:53+00:00,590.0,173.37,169.14,172.97,0.0,0.0,5.0,2450.0,0.42413905944824215,True,REGULAR,USD,call,2026-12-18,0.2547945205479452,754.0499877929688,171.055,0.02239045920902641,0.7824414953269515
SPY261218C00595000,2026-09-15 17:09:18+00:00,595.0,169.2,164.31,168.15,0.0,0.0,1.0,1513.0,0.41592991302490234,True,REGULAR,USD,call,2026-12-18,0.2547945205479452,754.0499877929688,166.23000000000002,0.023100523371232647,0.789072355456841
SPY261218C00600000,2026-09-16 20:05:07+00:00,600.0,161.5,159.5,163.33,-2.300003,-1.4041532,1.0,4511.0,0.40762921478271485,True,REGULAR,USD,call,2026-12-18,0.2547945205479452,754.0499877929688,161.41500000000002,0.023727658519964143,0.7957032155867303
SPY261218C00605000,2026-09-16 19:49:30+00:00,605.0,155.97,154.69,158.52,-4.169998,-2.6039703,3.0,2750.0,0.3994505856323243,True,REGULAR,USD,call,2026-12-18,0.2547945205479452,754.0499877929688,156.60500000000002,0.02445643497972614,0.8023340757166197
SPY261218C00610000,2026-09-15 15:48:39+00:00,610.0,155.0,149.89,153.72,0.0,0.0,5.0,1357.0,0.3913024737548828,True,REGULAR,USD,call,2026-12-18,0.2547945205479452,754.0499877929688,151.805,0.025229735515958054,0.8089649358465092
SPY261218C00615000,2026-09-15 14:46:51+00:00,615.0,150.28,145.1,148.93,0.0,0.0,5.0,1457.0,0.3832153964233398,True,REGULAR,USD,call,2026-12-18,0.2547945205479452,754.0499877929688,147.015,0.026051763425500887,0.8155957959763986
SPY261218C00620000,2026-09-16 19:24:05+00:00,620.0,138.49,140.32,144.15,-6.519989,-4.4962344,4.0,2738.0,0.37518935363769534,True,REGULAR,USD,call,2026-12-18,0.2547945205479452,754.0499877929688,142.235,0.02692726825324296,0.822226656106288
SPY261218C00625000,2026-09-11 13:47:19+00:00,625.0,148.38,135.55,139.38,0.0,0.0,46.0,1615.0,0.3671633108520508,True,REGULAR,USD,call,2026-12-18,0.2547945205479452,754.0499877929688,137.465,0.027861637507729124,0.8288575162361774
SPY261218C00630000,2026-09-09 17:00:47+00:00,630.0,140.97,130.79,134.63,0.0,0.0,6.0,905.0,0.3593203717041016,True,REGULAR,USD,call,2026-12-18,0.2547945205479452,754.0499877929688,132.70999999999998,0.028935272398462844,0.8354883763660669
SPY261218C00635000,2026-09-14 19:35:00+00:00,635.0,135.32,126.05,129.89,0.0,0.0,1.0,1766.0,0.35144691528320304,True,REGULAR,USD,call,2026-12-18,0.2547945205479452,754.0499877929688,127.97,0.030007032898335464,0.8421192364959563
SPY261218C00640000,2026-09-16 15:58:35+00:00,640.0,129.6,121.33,125.16,0.40000916,0.30960461,2.0,2238.0,0.34358871749877923,True,REGULAR,USD,call,2026-12-18,0.2547945205479452,754.0499877929688,123.245,0.03107631141222766,0.8487500966258457
SPY261218C00645000,2026-09-16 18:36:48+00:00,645.0,121.4,116.62,120.46,-1.8600006,-1.5090058,1.0,984.0,0.335944140625,True,REGULAR,USD,call,2026-12-18,0.2547945205479452,754.0499877929688,118.53999999999999,0.03239412856419765,0.8553809567557351
SPY261218C00650000,2026-09-16 15:58:35+00:00,650.0,120.3,111.93,115.77,1.3199997,1.1094298,9.0,3501.0,0.3282537878417968,True,REGULAR,USD,call,2026-12-18,0.2547945205479452,754.0499877929688,113.85,0.03372859025032929,0.8620118168856246
SPY261218C00655000,2026-09-16 15:22:56+00:00,655.0,111.87,107.25,111.09,-4.540001,-3.9000092,4.0,1094.0,0.3205024005126953,True,REGULAR,USD,call,2026-12-18,0.2547945205479452,754.0499877929688,109.17,0.0351744984885958,0.868642677015514
SPY261218C00660000,2026-09-16 19:55:51+00:00,660.0,104.29,102.6,106.45,-3.0599976,-2.8504868,19.0,1384.0,0.3130256686401367,True,REGULAR,USD,call,2026-12-18,0.2547945205479452,754.0499877929688,104.525,0.036833293470461693,0.8752735371454033
SPY261218C00665000,2026-09-15 15:21:10+00:00,665.0,102.79,97.98,101.82,0.0,0.0,5.0,1657.0,0.3054573849487304,True,REGULAR,USD,call,2026-12-18,0.2547945205479452,754.0499877929688,99.9,0.038438438438438326,0.8819043972752928
SPY261218C00670000,2026-09-16 19:21:02+00:00,670.0,92.49,93.39,97.23,-6.260002,-6.339243,56.0,2365.0,0.29808746353149407,True,REGULAR,USD,call,2026-12-18,0.2547945205479452,754.0499877929688,95.31,0.04028958136606865,0.8885352574051822
SPY261218C00675000,2026-09-16 19:22:34+00:00,675.0,88.36,88.82,92.5,-5.529999,-5.8898697,4.0,4303.0,0.28919167846679683,True,REGULAR,USD,call,2026-12-18,0.2547945205479452,754.0499877929688,90.66,0.04059121994264292,0.8951661175350717
SPY261218C00680000,2026-09-16 19:22:34+00:00,680.0,85.9,84.29,88.13,-7.489998,-8.020128,18.0,4720.0,0.2834239138793945,True,REGULAR,USD,call,2026-12-18,0.2547945205479452,754.0499877929688,86.21000000000001,0.04454239647372682,0.901796977664961
SPY261218C00685000,2026-09-16 19:51:04+00:00,685.0,81.05,79.79,83.5,-3.1899948,-3.7867935,4.0,2844.0,0.275046922454834,True,REGULAR,USD,call,2026-12-18,0.2547945205479452,754.0499877929688,81.64500000000001,0.04544062710515026,0.9084278377948505
SPY261218C00690000,2026-09-16 20:14:25+00:00,690.0,76.47,75.33,79.18,-3.5800018,-4.472207,9.0,3488.0,0.2691113128662109,True,REGULAR,USD,call,2026-12-18,0.2547945205479452,754.0499877929688,77.255,0.04983496213837303,0.9150586979247399
SPY261218C00695000,2026-09-16 19:48:57+00:00,695.0,72.05,70.91,74.76,-3.5199966,-4.6579285,18.0,2175.0,0.26200078826904294,True,REGULAR,USD,call,2026-12-18,0.2547945205479452,754.0499877929688,72.83500000000001,0.05285920230658348,0.9216895580546293
SPY261218C00700000,2026-09-16 20:01:14+00:00,700.0,68.23,66.54,70.2,-2.9799957,-4.1847997,179.0,9981.0,0.2534254345703125,True,REGULAR,USD,call,2026-12-18,0.2547945205479452,754.0499877929688,68.37,0.053532250987275064,0.9283204181845187
SPY261218C00705000,2026-09-16 15:04:12+00:00,705.0,69.28,62.22,66.07,2.3600006,3.5266,2.0,3576.0,0.24799335998535155,True,REGULAR,USD,call,2026-12-18,0.2547945205479452,754.0499877929688,64.145,0.06002026658352162,0.9349512783144082
SPY261218C00710000,2026-09-16 19:29:42+00:00,710.0,57.61,57.96,61.81,-5.66,-8.945787,492.0,7682.0,0.24112697357177731,True,REGULAR,USD,call,2026-12-18,0.2547945205479452,754.0499877929688,59.885000000000005,0.06428988895382819,0.9415821384442976
SPY261218C00715000,2026-09-16 18:16:09+00:00,715.0,60.08,53.77,57.62,2.1600037,3.729288,9.0,2492.0,0.23436739761352537,True,REGULAR,USD,call,2026-12-18,0.2547945205479452,754.0499877929688,55.695,0.06912649250381532,0.948212998574187
SPY261218C00720000,2026-09-16 19:14:01+00:00,720.0,49.63,49.64,53.5,-4.049999,-7.5447083,81.0,4464.0,0.22768411483764645,True,REGULAR,USD,call,2026-12-18,0.2547945205479452,754.0499877929688,51.57,0.0748497188287764,0.9548438587040764
SPY261218C00725000,2026-09-16 19:50:48+00:00,725.0,46.99,45.61,49.46,-3.0299988,-6.0575743,20.0,4995.0,0.2210923838806152,True,REGULAR,USD,call,2026-12-18,0.2547945205479452,754.0499877929688,47.535,0.08099295256127068,0.9614747188339658
SPY261218C00730000,2026-09-16 19:26:16+00:00,730.0,40.79,41.66,45.52,-5.209999,-11.326084,24.0,8458.0,0.2146684979248047,True,REGULAR,USD,call,2026-12-18,0.2547945205479452,754.0499877929688,43.59,0.08855242027988085,0.9681055789638553
SPY261218C00735000,2026-09-16 19:30:02+00:00,735.0,37.8,37.82,41.67,-4.200001,-10.000002,14.0,4575.0,0.20829038787841792,True,REGULAR,USD,call,2026-12-18,0.2547945205479452,754.0499877929688,39.745000000000005,0.09686753050698203,0.9747364390937446
SPY261218C00740000,2026-09-16 19:41:10+00:00,740.0,34.86,35.83,36.11,-3.329998,-8.719556,49.0,6903.0,0.18970536865234378,True,REGULAR,USD,call,2026-12-18,0.2547945205479452,754.0499877929688,35.97,0.007784264664998642,0.9813672992236341
SPY261218C00745000,2026-09-16 19:49:31+00:00,745.0,31.93,32.17,32.57,-2.5299988,-7.341842,13.0,8254.0,0.18425803543090818,True,REGULAR,USD,call,2026-12-18,0.2547945205479452,754.0499877929688,32.370000000000005,0.012357120790855686,0.9879981593535235
SPY261218C00750000,2026-09-16 20:14:42+00:00,750.0,28.96,28.8,29.25,-2.5500011,-8.092672,166.0,29714.0,0.17945156494140624,True,REGULAR,USD,call,2026-12-18,0.2547945205479452,754.0499877929688,29.025,0.015503875968992224,0.994629019483413
SPY261218C00755000,2026-09-16 19:59:51+00:00,755.0,25.69,25.59,25.71,-2.4699993,-8.771305,3675.0,8309.0,0.17231052307128908,False,REGULAR,USD,call,2026-12-18,0.2547945205479452,754.0499877929688,25.65,0.004678362573099454,1.0012598796133023
SPY261218C00760000,2026-09-16 20:08:20+00:00,760.0,22.51,22.49,22.61,-2.3899994,-9.598392,754.0,14967.0,0.16709969871521,False,REGULAR,USD,call,2026-12-18,0.2547945205479452,754.0499877929688,22.549999999999997,0.005321507760532196,1.0078907397431918
SPY261218C00765000,2026-09-16 20:01:59+00:00,765.0,19.59,19.59,19.66,-1.6800003,-7.89845,552.0,10980.0,0.16181258117675779,False,REGULAR,USD,call,2026-12-18,0.2547945205479452,754.0499877929688,19.625,0.003566878980891734,1.0145215998730812
SPY261218C00770000,2026-09-16 19:59:09+00:00,770.0,16.92,16.9,16.97,-2.0300007,-10.712404,586.0,12225.0,0.15711292114257813,False,REGULAR,USD,call,2026-12-18,0.2547945205479452,754.0499877929688,16.935,0.004133451431945692,1.0211524600029707
SPY261218C00775000,2026-09-16 20:14:10+00:00,775.0,14.47,14.43,14.5,-1.7799997,-10.953844,852.0,10575.0,0.15267265792846685,False,REGULAR,USD,call,2026-12-18,0.2547945205479452,754.0499877929688,14.465,0.004839267196681665,1.0277833201328601
SPY261218C00780000,2026-09-16 19:58:48+00:00,780.0,12.12,12.2,12.27,-1.6800003,-12.173915,474.0,28611.0,0.1485833433532715,False,REGULAR,USD,call,2026-12-18,0.2547945205479452,754.0499877929688,12.235,0.005721291377196591,1.0344141802627496
SPY261218C00785000,2026-09-16 20:02:48+00:00,785.0,10.28,10.22,10.29,-1.4800005,-12.585037,103.0,15627.0,0.14490601196289063,False,REGULAR,USD,call,2026-12-18,0.2547945205479452,754.0499877929688,10.254999999999999,0.006825938566552756,1.0410450403926388
SPY261218C00790000,2026-09-16 20:07:34+00:00,790.0,8.52,8.49,8.55,-1.3199997,-13.414631,501.0,14102.0,0.14159488784790042,False,REGULAR,USD,call,2026-12-18,0.2547945205479452,754.0499877929688,8.52,0.00704225352112682,1.0476759005225282
SPY261218C00795000,2026-09-16 20:00:37+00:00,795.0,7.08,7.0,7.05,-0.72000027,-9.230773,462.0,9860.0,0.13872626419067385,False,REGULAR,USD,call,2026-12-18,0.2547945205479452,754.0499877929688,7.025,0.007117437722419903,1.0543067606524177
SPY261218C00800000,2026-09-16 20:14:48+00:00,800.0,5.75,5.72,5.77,-1.0,-14.814815,3537.0,66703.0,0.1362391064453125,False,REGULAR,USD,call,2026-12-18,0.2547945205479452,754.0499877929688,5.744999999999999,0.008703220191470814,1.0609376207823071
SPY261218C00805000,2026-09-16 20:00:13+00:00,805.0,4.64,4.65,4.68,-0.62000036,-11.787079,281.0,12531.0,0.13401134552001953,False,REGULAR,USD,call,2026-12-18,0.2547945205479452,754.0499877929688,4.665,0.006430868167202435,1.0675684809121966
SPY261218C00810000,2026-09-16 19:59:15+00:00,810.0,3.76,3.75,3.78,-0.47000003,-11.111112,890.0,22776.0,0.13221082641601564,False,REGULAR,USD,call,2026-12-18,0.2547945205479452,754.0499877929688,3.7649999999999997,0.00796812749003979,1.074199341042086
SPY261218C00815000,2026-09-16 20:13:40+00:00,815.0,2.98,3.0,3.03,-0.6199999,-17.22222,928.0,14685.0,0.13062392822265623,False,REGULAR,USD,call,2026-12-18,0.2547945205479452,754.0499877929688,3.0149999999999997,0.009950248756218841,1.0808302011719755
SPY261218C00820000,2026-09-16 20:12:44+00:00,820.0,2.39,2.38,2.41,-0.27999997,-10.48689,535.0,14237.0,0.1292201336669922,False,REGULAR,USD,call,2026-12-18,0.2547945205479452,754.0499877929688,2.395,0.012526096033403027,1.0874610613018647
SPY261218C00825000,2026-09-16 20:06:31+00:00,825.0,1.9,1.9,1.91,-0.19999993,-9.523807,833.0,14045.0,0.1281215118408203,False,REGULAR,USD,call,2026-12-18,0.2547945205479452,754.0499877929688,1.9049999999999998,0.0052493438320210025,1.0940919214317542
SPY261218C00830000,2026-09-16 20:01:14+00:00,830.0,1.49,1.5,1.51,-0.29999995,-16.759775,399.0,55765.0,0.12723651092529298,False,REGULAR,USD,call,2026-12-18,0.2547945205479452,754.0499877929688,1.505,0.006644518272425255,1.1007227815616436
SPY261218C00835000,2026-09-16 19:45:20+00:00,835.0,1.15,1.18,1.19,-0.26,-18.439716,813.0,11034.0,0.12659564819335936,False,REGULAR,USD,call,2026-12-18,0.2547945205479452,754.0499877929688,1.185,0.008438818565400852,1.107353641691533
SPY261218C00840000,2026-09-16 20:14:31+00:00,840.0,0.94,0.94,0.95,-0.07999998,-7.8431354,319.0,8099.0,0.12647357910156248,False,REGULAR,USD,call,2026-12-18,0.2547945205479452,754.0499877929688,0.945,0.010582010582010592,1.1139845018214225
SPY261218C00845000,2026-09-16 20:12:55+00:00,845.0,0.76,0.74,0.75,-0.04000002,-5.0000024,1401.0,4717.0,0.12622944091796873,False,REGULAR,USD,call,2026-12-18,0.2547945205479452,754.0499877929688,0.745,0.01342281879194632,1.120615361951312
SPY261218C00850000,2026-09-16 20:12:55+00:00,850.0,0.6,0.59,0.6,-0.03999996,-6.2499943,483.0,12294.0,0.12641254455566403,False,REGULAR,USD,call,2026-12-18,0.2547945205479452,754.0499877929688,0.595,0.016806722689075647,1.1272462220812014
SPY261218C00855000,2026-09-16 18:29:04+00:00,855.0,0.53,0.48,0.49,0.00999999,1.9230752,6.0,4000.0,0.1271449591064453,False,REGULAR,USD,call,2026-12-18,0.2547945205479452,754.0499877929688,0.485,0.020618556701030948,1.1338770822110908
SPY261218C00860000,2026-09-16 19:23:27+00:00,860.0,0.3,0.39,0.4,-0.13,-30.232557,11.0,5109.0,0.12787737365722657,False,REGULAR,USD,call,2026-12-18,0.2547945205479452,754.0499877929688,0.395,0.025316455696202552,1.14050794234098
SPY261218C00865000,2026-09-16 19:25:52+00:00,865.0,0.26,0.32,0.33,-0.07000002,-21.212128,8.0,3724.0,0.1287928918457031,False,REGULAR,USD,call,2026-12-18,0.2547945205479452,754.0499877929688,0.325,0.030769230769230795,1.1471388024708695
SPY261218C00870000,2026-09-16 19:20:06+00:00,870.0,0.23,0.27,0.28,-0.040000007,-14.8148155,155.0,2673.0,0.1302577209472656,False,REGULAR,USD,call,2026-12-18,0.2547945205479452,754.0499877929688,0.275,0.03636363636363639,1.153769662600759
SPY261218C00875000,2026-09-16 18:57:38+00:00,875.0,0.21,0.23,0.24,-0.02000001,-8.695656,129.0,3456.0,0.13196668823242189,False,REGULAR,USD,call,2026-12-18,0.2547945205479452,754.0499877929688,0.235,0.042553191489361625,1.1604005227306484
SPY261218C00880000,2026-09-16 19:30:03+00:00,880.0,0.17,0.2,0.21,-0.019999996,-10.526314,11.0,5506.0,0.133797724609375,False,REGULAR,USD,call,2026-12-18,0.2547945205479452,754.0499877929688,0.20500000000000002,0.04878048780487795,1.1670313828605379
SPY261218C00885000,2026-09-16 17:55:25+00:00,885.0,0.19,0.17,0.18,0.019999996,11.764703,295.0,3950.0,0.13538462280273442,False,REGULAR,USD,call,2026-12-18,0.2547945205479452,754.0499877929688,0.175,0.05714285714285704,1.1736622429904273
SPY261218C00890000,2026-09-15 19:15:01+00:00,890.0,0.14,0.15,0.16,0.0,0.0,12.0,2331.0,0.1374597973632813,False,REGULAR,USD,call,2026-12-18,0.2547945205479452,754.0499877929688,0.155,0.06451612903225812,1.1802931031203168
SPY261218C00895000,2026-09-16 19:22:17+00:00,895.0,0.11,0.13,0.14,-0.009999998,-8.333331,163.0,1390.0,0.13916876464843753,False,REGULAR,USD,call,2026-12-18,0.2547945205479452,754.0499877929688,0.135,0.07407407407407414,1.186923963250206
SPY261218C00900000,2026-09-16 19:29:19+00:00,900.0,0.1,0.12,0.13,-0.009999998,-9.090907,1.0,8396.0,0.14185428466796873,False,REGULAR,USD,call,2026-12-18,0.2547945205479452,754.0499877929688,0.125,0.08000000000000007,1.1935548233800954
SPY261218C00905000,2026-09-08 15:24:22+00:00,905.0,0.22,0.1,0.11,0.0,0.0,2.0,2621.0,0.1430749755859375,False,REGULAR,USD,call,2026-12-18,0.2547945205479452,754.0499877929688,0.10500000000000001,0.09523809523809518,1.200185683509985
SPY261218C00910000,2026-09-16 15:02:19+00:00,910.0,0.1,0.09,0.1,-0.019999996,-16.666662,11.0,3935.0,0.14527221923828126,False,REGULAR,USD,call,2026-12-18,0.2547945205479452,754.0499877929688,0.095,0.10526315789473693,1.2068165436398743
SPY261218C00915000,2026-09-15 15:31:39+00:00,915.0,0.09,0.08,0.09,0.0,0.0,1.0,2367.0,0.147469462890625,False,REGULAR,USD,call,2026-12-18,0.2547945205479452,754.0499877929688,0.08499999999999999,0.11764705882352937,1.2134474037697638
SPY261218C00920000,2026-09-16 19:58:13+00:00,920.0,0.09,0.07,0.08,-0.029999994,-24.999994,1.0,718.0,0.1489342919921875,False,REGULAR,USD,call,2026-12-18,0.2547945205479452,754.0499877929688,0.07500000000000001,0.13333333333333325,1.2200782638996532
SPY261218C00925000,2026-09-15 15:09:36+00:00,925.0,0.07,0.07,0.08,0.0,0.0,1.0,1230.0,0.15284050292968754,False,REGULAR,USD,call,2026-12-18,0.2547945205479452,754.0499877929688,0.07500000000000001,0.13333333333333325,1.2267091240295427
SPY261218C00930000,2026-09-15 15:15:51+00:00,930.0,0.07,0.06,0.07,0.0,0.0,4.0,1713.0,0.15430533203125002,False,REGULAR,USD,call,2026-12-18,0.2547945205479452,754.0499877929688,0.065,0.15384615384615397,1.2333399841594321
SPY261218C00935000,2026-09-16 17:53:14+00:00,935.0,0.07,0.06,0.07,0.010000002,16.66667,1.0,1992.0,0.1577232666015625,False,REGULAR,USD,call,2026-12-18,0.2547945205479452,754.0499877929688,0.065,0.15384615384615397,1.2399708442893214
SPY261218C00940000,2026-09-15 18:53:39+00:00,940.0,0.05,0.05,0.06,-0.009999998,-16.666662,1.0,434.0,0.15869981933593752,False,REGULAR,USD,call,2026-12-18,0.2547945205479452,754.0499877929688,0.055,0.18181818181818174,1.2466017044192108
SPY261218C00945000,2026-08-26 20:13:22+00:00,945.0,0.12,0.05,0.06,0.0,0.0,3.0,56.0,0.16211775390625,False,REGULAR,USD,call,2026-12-18,0.2547945205479452,754.0499877929688,0.055,0.18181818181818174,1.2532325645491003
SPY261218P00230000,2026-09-16 20:14:09+00:00,230.0,0.05,0.05,0.06,0.0,0.0,120.0,8359.0,0.7773459765625,False,REGULAR,USD,put,2026-12-18,0.2547945205479452,754.0499877929688,0.055,0.18181818181818174,0.3050195659749133
SPY261218P00240000,2026-09-14 19:51:31+00:00,240.0,0.06,0.05,0.06,0.0,0.0,2.0,48970.0,0.7500025,False,REGULAR,USD,put,2026-12-18,0.2547945205479452,754.0499877929688,0.055,0.18181818181818174,0.31828128623469215
SPY261218P00245000,2026-09-16 20:13:50+00:00,245.0,0.06,0.06,0.07,-0.010000002,-14.285716,10.0,480.0,0.7460962890625,False,REGULAR,USD,put,2026-12-18,0.2547945205479452,754.0499877929688,0.065,0.15384615384615397,0.32491214636458154
SPY261218P00250000,2026-09-10 18:31:20+00:00,250.0,0.08,0.06,0.07,0.0,0.0,7.0,5023.0,0.73437765625,False,REGULAR,USD,put,2026-12-18,0.2547945205479452,754.0499877929688,0.065,0.15384615384615397,0.331543006494471
SPY261218P00255000,2026-09-08 15:05:07+00:00,255.0,0.08,0.07,0.08,0.0,0.0,2.0,1440.0,0.7304714453125,False,REGULAR,USD,put,2026-12-18,0.2547945205479452,754.0499877929688,0.07500000000000001,0.13333333333333325,0.3381738666243604
SPY261218P00260000,2026-09-10 19:53:30+00:00,260.0,0.09,0.07,0.08,0.0,0.0,1.0,5248.0,0.7187528125,False,REGULAR,USD,put,2026-12-18,0.2547945205479452,754.0499877929688,0.07500000000000001,0.13333333333333325,0.34480472675424984
SPY261218P00265000,2026-09-04 18:39:26+00:00,265.0,0.08,0.08,0.09,0.0,0.0,12.0,256.0,0.7128934960937501,False,REGULAR,USD,put,2026-12-18,0.2547945205479452,754.0499877929688,0.08499999999999999,0.11764705882352937,0.35143558688413923
SPY261218P00270000,2026-09-15 15:19:30+00:00,270.0,0.09,0.08,0.09,0.0,0.0,33.0,678.0,0.70117486328125,False,REGULAR,USD,put,2026-12-18,0.2547945205479452,754.0499877929688,0.08499999999999999,0.11764705882352937,0.3580664470140287
SPY261218P00275000,2026-09-16 13:57:45+00:00,275.0,0.08,0.09,0.1,-0.010000005,-11.111116,3.0,6343.0,0.6962920996093751,False,REGULAR,USD,put,2026-12-18,0.2547945205479452,754.0499877929688,0.095,0.10526315789473693,0.36469730714391807
SPY261218P00280000,2026-09-16 19:18:20+00:00,280.0,0.1,0.09,0.1,0.0,0.0,15.0,5237.0,0.684573466796875,False,REGULAR,USD,put,2026-12-18,0.2547945205479452,754.0499877929688,0.095,0.10526315789473693,0.3713281672738075
SPY261218P00285000,2026-09-16 20:13:12+00:00,285.0,0.1,0.1,0.11,-0.009999998,-9.090907,13.0,1900.0,0.6796907031250001,False,REGULAR,USD,put,2026-12-18,0.2547945205479452,754.0499877929688,0.10500000000000001,0.09523809523809518,0.3779590274036969
SPY261218P00290000,2026-09-16 19:18:22+00:00,290.0,0.13,0.1,0.11,0.019999996,18.181814,27.0,15184.0,0.6679720703125002,False,REGULAR,USD,put,2026-12-18,0.2547945205479452,754.0499877929688,0.10500000000000001,0.09523809523809518,0.38458988753358636
SPY261218P00295000,2026-09-16 19:45:34+00:00,295.0,0.12,0.11,0.12,0.0,0.0,65.0,2539.0,0.6621127539062501,False,REGULAR,USD,put,2026-12-18,0.2547945205479452,754.0499877929688,0.11499999999999999,0.0869565217391304,0.39122074766347575
SPY261218P00300000,2026-09-16 20:04:12+00:00,300.0,0.12,0.12,0.13,0.0,0.0,31.0,9236.0,0.6562534375000001,False,REGULAR,USD,put,2026-12-18,0.2547945205479452,754.0499877929688,0.125,0.08000000000000007,0.39785160779336515
SPY261218P00305000,2026-09-16 19:18:44+00:00,305.0,0.14,0.13,0.14,0.020000003,16.66667,20.0,434.0,0.649417568359375,False,REGULAR,USD,put,2026-12-18,0.2547945205479452,754.0499877929688,0.135,0.07407407407407414,0.4044824679232546
SPY261218P00310000,2026-09-16 19:46:29+00:00,310.0,0.14,0.13,0.14,0.0,0.0,90.0,2092.0,0.63867548828125,False,REGULAR,USD,put,2026-12-18,0.2547945205479452,754.0499877929688,0.135,0.07407407407407414,0.411113328053144
SPY261218P00315000,2026-09-16 19:11:47+00:00,315.0,0.15,0.14,0.15,0.0,0.0,15.0,926.0,0.631839619140625,False,REGULAR,USD,put,2026-12-18,0.2547945205479452,754.0499877929688,0.14500000000000002,0.06896551724137917,0.41774418818303344
SPY261218P00320000,2026-09-16 19:12:01+00:00,320.0,0.16,0.15,0.16,0.00999999,6.66666,20.0,1514.0,0.6254920263671876,False,REGULAR,USD,put,2026-12-18,0.2547945205479452,754.0499877929688,0.155,0.06451612903225812,0.42437504831292283
SPY261218P00325000,2026-09-16 19:12:22+00:00,325.0,0.17,0.16,0.17,0.010000005,6.2500033,20.0,3199.0,0.6191444335937502,False,REGULAR,USD,put,2026-12-18,0.2547945205479452,754.0499877929688,0.165,0.060606060606060656,0.4310059084428123
SPY261218P00330000,2026-09-16 19:59:54+00:00,330.0,0.18,0.17,0.18,0.030000001,20.0,21.0,1033.0,0.6118202880859377,False,REGULAR,USD,put,2026-12-18,0.2547945205479452,754.0499877929688,0.175,0.05714285714285704,0.4376367685727017
SPY261218P00335000,2026-09-16 19:11:56+00:00,335.0,0.19,0.18,0.19,0.019999996,11.764703,25.0,263.0,0.6049844189453126,False,REGULAR,USD,put,2026-12-18,0.2547945205479452,754.0499877929688,0.185,0.054054054054054106,0.4442676287025911
SPY261218P00340000,2026-09-16 19:11:09+00:00,340.0,0.2,0.19,0.2,0.019999996,11.111108,20.0,2209.0,0.5976602734375001,False,REGULAR,USD,put,2026-12-18,0.2547945205479452,754.0499877929688,0.195,0.05128205128205133,0.4508984888324805
SPY261218P00345000,2026-09-16 19:10:49+00:00,345.0,0.21,0.2,0.21,0.019999996,10.526314,21.0,1464.0,0.5908244042968751,False,REGULAR,USD,put,2026-12-18,0.2547945205479452,754.0499877929688,0.20500000000000002,0.04878048780487795,0.45752934896236996
SPY261218P00350000,2026-09-16 19:46:55+00:00,350.0,0.22,0.21,0.22,-0.010000005,-4.347828,121.0,157111.0,0.5835002587890624,False,REGULAR,USD,put,2026-12-18,0.2547945205479452,754.0499877929688,0.215,0.046511627906976785,0.46416020909225936
SPY261218P00355000,2026-09-16 18:36:52+00:00,355.0,0.22,0.22,0.23,0.0,0.0,15.0,1311.0,0.57617611328125,False,REGULAR,USD,put,2026-12-18,0.2547945205479452,754.0499877929688,0.225,0.04444444444444448,0.4707910692221488
SPY261218P00360000,2026-09-16 18:01:56+00:00,360.0,0.22,0.24,0.25,0.0,0.0,10.0,3440.0,0.5712933496093751,False,REGULAR,USD,put,2026-12-18,0.2547945205479452,754.0499877929688,0.245,0.04081632653061228,0.4774219293520382
SPY261218P00365000,2026-09-14 19:34:59+00:00,365.0,0.24,0.25,0.26,0.0,0.0,2.0,1899.0,0.5639692041015626,False,REGULAR,USD,put,2026-12-18,0.2547945205479452,754.0499877929688,0.255,0.03921568627450984,0.48405278948192765
SPY261218P00370000,2026-09-04 14:26:32+00:00,370.0,0.25,0.26,0.27,0.0,0.0,1.0,2827.0,0.5566450585937501,False,REGULAR,USD,put,2026-12-18,0.2547945205479452,754.0499877929688,0.265,0.03773584905660381,0.49068364961181704
SPY261218P00375000,2026-09-14 14:55:21+00:00,375.0,0.3,0.28,0.29,0.0,0.0,5.0,7728.0,0.5512740185546876,False,REGULAR,USD,put,2026-12-18,0.2547945205479452,754.0499877929688,0.28500000000000003,0.035087719298245446,0.4973145097417065
SPY261218P00380000,2026-09-16 20:09:04+00:00,380.0,0.3,0.29,0.3,0.02000001,7.1428604,1.0,2442.0,0.543949873046875,False,REGULAR,USD,put,2026-12-18,0.2547945205479452,754.0499877929688,0.295,0.0338983050847458,0.5039453698715959
SPY261218P00385000,2026-09-16 19:26:27+00:00,385.0,0.35,0.31,0.32,0.049999982,16.66666,52.0,3388.0,0.5380905566406251,False,REGULAR,USD,put,2026-12-18,0.2547945205479452,754.0499877929688,0.315,0.03174603174603177,0.5105762300014853
SPY261218P00390000,2026-09-16 19:02:52+00:00,390.0,0.33,0.33,0.34,0.01000002,3.1250064,1.0,4336.0,0.5324753784179688,False,REGULAR,USD,put,2026-12-18,0.2547945205479452,754.0499877929688,0.335,0.02985074626865674,0.5172070901313748
SPY261218P00395000,2026-09-10 19:55:18+00:00,395.0,0.4,0.34,0.35,0.0,0.0,1.0,7583.0,0.5249070947265625,False,REGULAR,USD,put,2026-12-18,0.2547945205479452,754.0499877929688,0.345,0.02898550724637668,0.5238379502612641
SPY261218P00400000,2026-09-16 18:18:05+00:00,400.0,0.33,0.36,0.37,-0.030000001,-8.333333,10.0,28688.0,0.5190477783203125,False,REGULAR,USD,put,2026-12-18,0.2547945205479452,754.0499877929688,0.365,0.02739726027397263,0.5304688103911536
SPY261218P00405000,2026-09-14 19:34:59+00:00,405.0,0.36,0.38,0.39,0.0,0.0,1.0,1246.0,0.5127001855468749,False,REGULAR,USD,put,2026-12-18,0.2547945205479452,754.0499877929688,0.385,0.025974025974025997,0.537099670521043
SPY261218P00410000,2026-09-11 17:30:22+00:00,410.0,0.37,0.4,0.41,0.0,0.0,1.0,16334.0,0.5065967309570312,False,REGULAR,USD,put,2026-12-18,0.2547945205479452,754.0499877929688,0.405,0.024691358024691242,0.5437305306509324
SPY261218P00415000,2026-09-15 16:25:42+00:00,415.0,0.42,0.42,0.43,0.0,0.0,1.0,5035.0,0.5004932763671875,False,REGULAR,USD,put,2026-12-18,0.2547945205479452,754.0499877929688,0.425,0.023529411764705903,0.5503613907808218
SPY261218P00420000,2026-09-14 15:00:32+00:00,420.0,0.45,0.44,0.45,0.0,0.0,2.0,4665.0,0.4946339599609375,False,REGULAR,USD,put,2026-12-18,0.2547945205479452,754.0499877929688,0.445,0.02247191011235957,0.5569922509107113
SPY261218P00425000,2026-09-16 19:34:54+00:00,425.0,0.47,0.46,0.47,0.0,0.0,1.0,8509.0,0.48828636718750007,False,REGULAR,USD,put,2026-12-18,0.2547945205479452,754.0499877929688,0.46499999999999997,0.021505376344085923,0.5636231110406007
SPY261218P00430000,2026-09-16 13:30:01+00:00,430.0,0.45,0.48,0.49,-0.02000001,-4.255321,1.0,2390.0,0.48169463623046876,False,REGULAR,USD,put,2026-12-18,0.2547945205479452,754.0499877929688,0.485,0.020618556701030948,0.57025397117049
SPY261218P00435000,2026-09-10 13:48:38+00:00,435.0,0.55,0.51,0.52,0.0,0.0,1.0,1116.0,0.4764456652832031,False,REGULAR,USD,put,2026-12-18,0.2547945205479452,754.0499877929688,0.515,0.019417475728155355,0.5768848313003795
SPY261218P00440000,2026-09-15 20:00:32+00:00,440.0,0.52,0.53,0.54,0.0,0.0,46.0,672.0,0.46973186523437505,False,REGULAR,USD,put,2026-12-18,0.2547945205479452,754.0499877929688,0.535,0.018691588785046745,0.5835156914302689
SPY261218P00445000,2026-09-14 19:34:59+00:00,445.0,0.53,0.56,0.57,0.0,0.0,1.0,1850.0,0.46411668701171876,False,REGULAR,USD,put,2026-12-18,0.2547945205479452,754.0499877929688,0.565,0.017699115044247607,0.5901465515601584
SPY261218P00450000,2026-09-16 19:13:41+00:00,450.0,0.65,0.59,0.6,0.06999999,12.068964,1.0,27685.0,0.4585015087890626,False,REGULAR,USD,put,2026-12-18,0.2547945205479452,754.0499877929688,0.595,0.016806722689075647,0.5967774116900477
SPY261218P00455000,2026-09-16 13:46:19+00:00,455.0,0.57,0.62,0.63,-0.050000012,-8.064518,2.0,843.0,0.45264219238281256,False,REGULAR,USD,put,2026-12-18,0.2547945205479452,754.0499877929688,0.625,0.016000000000000014,0.6034082718199372
SPY261218P00460000,2026-09-16 17:09:11+00:00,460.0,0.6,0.65,0.66,-0.049999952,-7.692301,302.0,2787.0,0.4466608068847656,False,REGULAR,USD,put,2026-12-18,0.2547945205479452,754.0499877929688,0.655,0.015267175572519097,0.6100391319498266
SPY261218P00465000,2026-09-16 14:40:22+00:00,465.0,0.63,0.68,0.69,0.00999999,1.6129017,1.0,1235.0,0.44067942138671873,False,REGULAR,USD,put,2026-12-18,0.2547945205479452,754.0499877929688,0.685,0.014598540145985252,0.6166699920797161
SPY261218P00470000,2026-09-16 19:24:25+00:00,470.0,0.8,0.71,0.72,0.120000005,17.647058,1.0,6934.0,0.43457596679687505,False,REGULAR,USD,put,2026-12-18,0.2547945205479452,754.0499877929688,0.715,0.013986013986014,0.6233008522096054
SPY261218P00475000,2026-09-16 18:13:54+00:00,475.0,0.69,0.75,0.76,-0.030000031,-4.166671,10.0,4482.0,0.4290828576660156,False,REGULAR,USD,put,2026-12-18,0.2547945205479452,754.0499877929688,0.755,0.013245033112582794,0.6299317123394949
SPY261218P00480000,2026-09-16 19:26:42+00:00,480.0,0.89,0.79,0.8,0.110000014,14.102567,12.0,311416.0,0.42358974853515624,False,REGULAR,USD,put,2026-12-18,0.2547945205479452,754.0499877929688,0.795,0.012578616352201269,0.6365625724693843
SPY261218P00485000,2026-09-11 18:04:09+00:00,485.0,0.74,0.83,0.84,0.0,0.0,25.0,3671.0,0.41797457031249996,False,REGULAR,USD,put,2026-12-18,0.2547945205479452,754.0499877929688,0.835,0.011976047904191628,0.6431934325992738
SPY261218P00490000,2026-09-16 18:54:19+00:00,490.0,0.86,0.87,0.88,0.030000031,3.6144617,12.0,10970.0,0.41223732299804683,False,REGULAR,USD,put,2026-12-18,0.2547945205479452,754.0499877929688,0.875,0.011428571428571439,0.6498242927291631
SPY261218P00495000,2026-09-16 20:04:05+00:00,495.0,0.9,0.91,0.92,0.00999999,1.1235944,19.0,1794.0,0.4063780065917969,False,REGULAR,USD,put,2026-12-18,0.2547945205479452,754.0499877929688,0.915,0.010928961748633888,0.6564551528590525
SPY261218P00500000,2026-09-16 19:56:24+00:00,500.0,0.95,0.95,0.96,0.00999999,1.0638288,94.0,18822.0,0.40039662109375,False,REGULAR,USD,put,2026-12-18,0.2547945205479452,754.0499877929688,0.955,0.010471204188481685,0.663086012988942
SPY261218P00505000,2026-09-16 20:12:23+00:00,505.0,1.0,1.0,1.01,0.0,0.0,20.0,1849.0,0.39490351196289064,False,REGULAR,USD,put,2026-12-18,0.2547945205479452,754.0499877929688,1.005,0.009950248756218916,0.6697168731188313
SPY261218P00510000,2026-09-16 14:50:13+00:00,510.0,0.96,1.05,1.06,-0.089999974,-8.571426,2.0,3906.0,0.38941040283203127,False,REGULAR,USD,put,2026-12-18,0.2547945205479452,754.0499877929688,1.0550000000000002,0.009478672985781998,0.6763477332487208
SPY261218P00515000,2026-09-14 19:30:19+00:00,515.0,1.03,1.1,1.11,0.0,0.0,3.0,4563.0,0.3836731555175781,False,REGULAR,USD,put,2026-12-18,0.2547945205479452,754.0499877929688,1.105,0.009049773755656116,0.6829785933786102
SPY261218P00520000,2026-09-16 19:29:57+00:00,520.0,1.25,1.15,1.16,0.110000014,9.649124,77.0,12052.0,0.37793590820312495,False,REGULAR,USD,put,2026-12-18,0.2547945205479452,754.0499877929688,1.1549999999999998,0.008658008658008667,0.6896094535084997
SPY261218P00525000,2026-09-16 19:45:01+00:00,525.0,1.26,1.21,1.22,0.06999993,5.882347,205.0,5112.0,0.37256486816406253,False,REGULAR,USD,put,2026-12-18,0.2547945205479452,754.0499877929688,1.2149999999999999,0.008230452674897127,0.696240313638389
SPY261218P00530000,2026-09-16 19:35:20+00:00,530.0,1.32,1.27,1.28,0.07000005,5.600004,55.0,6074.0,0.3670717590332031,False,REGULAR,USD,put,2026-12-18,0.2547945205479452,754.0499877929688,1.275,0.007843137254901968,0.7028711737682785
SPY261218P00535000,2026-09-16 19:45:02+00:00,535.0,1.39,1.33,1.34,0.08000004,6.1068735,27.0,3322.0,0.3614565808105469,False,REGULAR,USD,put,2026-12-18,0.2547945205479452,754.0499877929688,1.335,0.007490636704119857,0.7095020338981679
SPY261218P00540000,2026-09-16 19:34:54+00:00,540.0,1.44,1.4,1.41,0.08000004,5.8823557,373.0,5186.0,0.35608554077148435,False,REGULAR,USD,put,2026-12-18,0.2547945205479452,754.0499877929688,1.4049999999999998,0.007117437722419936,0.7161328940280574
SPY261218P00545000,2026-09-16 19:57:20+00:00,545.0,1.46,1.47,1.48,0.01999998,1.3888875,67.0,5202.0,0.3506534661865234,False,REGULAR,USD,put,2026-12-18,0.2547945205479452,754.0499877929688,1.475,0.006779661016949158,0.7227637541579467
SPY261218P00550000,2026-09-16 19:31:28+00:00,550.0,1.63,1.54,1.55,0.100000024,6.535949,113.0,14865.0,0.3450993225097656,False,REGULAR,USD,put,2026-12-18,0.2547945205479452,754.0499877929688,1.545,0.00647249190938512,0.7293946142878361
SPY261218P00555000,2026-09-16 19:15:26+00:00,555.0,1.72,1.62,1.63,0.100000024,6.1728406,188.0,4327.0,0.3397282824707031,False,REGULAR,USD,put,2026-12-18,0.2547945205479452,754.0499877929688,1.625,0.006153846153846023,0.7360254744177256
SPY261218P00560000,2026-09-16 19:34:54+00:00,560.0,1.77,1.7,1.71,0.100000024,5.988025,3.0,11564.0,0.33423517333984376,False,REGULAR,USD,put,2026-12-18,0.2547945205479452,754.0499877929688,1.705,0.005865102639296193,0.742656334547615
SPY261218P00565000,2026-09-15 16:43:18+00:00,565.0,1.75,1.79,1.8,0.0,0.0,11.0,2756.0,0.32898620239257803,False,REGULAR,USD,put,2026-12-18,0.2547945205479452,754.0499877929688,1.795,0.005571030640668529,0.7492871946775044
SPY261218P00570000,2026-09-16 19:23:33+00:00,570.0,2.11,1.88,1.89,0.25999987,14.054047,74.0,5248.0,0.32355412780761705,False,REGULAR,USD,put,2026-12-18,0.2547945205479452,754.0499877929688,1.8849999999999998,0.005305039787798413,0.7559180548073938
SPY261218P00575000,2026-09-16 20:10:11+00:00,575.0,1.97,1.98,1.99,0.01999998,1.02564,67.0,7337.0,0.31830515686035155,False,REGULAR,USD,put,2026-12-18,0.2547945205479452,754.0499877929688,1.9849999999999999,0.0050377833753148665,0.7625489149372833
SPY261218P00580000,2026-09-16 19:58:26+00:00,580.0,2.07,2.08,2.09,0.01999998,0.9756088,119.0,10045.0,0.31287308227539057,False,REGULAR,USD,put,2026-12-18,0.2547945205479452,754.0499877929688,2.085,0.004796163069544263,0.7691797750671727
SPY261218P00585000,2026-09-16 20:10:10+00:00,585.0,2.18,2.19,2.2,0.11000013,5.3140163,10.0,5761.0,0.3075630767822265,False,REGULAR,USD,put,2026-12-18,0.2547945205479452,754.0499877929688,2.1950000000000003,0.004555808656036551,0.7758106351970621
SPY261218P00590000,2026-09-16 19:59:11+00:00,590.0,2.29,2.31,2.32,0.049999952,2.2321408,46.0,11607.0,0.3023751403808594,False,REGULAR,USD,put,2026-12-18,0.2547945205479452,754.0499877929688,2.315,0.004319654427645697,0.7824414953269515
SPY261218P00595000,2026-09-16 19:58:38+00:00,595.0,2.42,2.44,2.45,0.03999996,1.6806706,13.0,4239.0,0.29727875579833973,False,REGULAR,USD,put,2026-12-18,0.2547945205479452,754.0499877929688,2.4450000000000003,0.0040899795501023435,0.789072355456841
SPY261218P00600000,2026-09-16 19:47:17+00:00,600.0,2.62,2.57,2.58,0.109999895,4.382466,141.0,25751.0,0.2919992675781249,False,REGULAR,USD,put,2026-12-18,0.2547945205479452,754.0499877929688,2.575,0.0038834951456311576,0.7957032155867303
SPY261218P00605000,2026-09-16 19:52:37+00:00,605.0,2.7,2.71,2.72,0.01999998,0.7462679,156.0,8873.0,0.28671977935791015,False,REGULAR,USD,put,2026-12-18,0.2547945205479452,754.0499877929688,2.715,0.003683241252302111,0.8023340757166197
SPY261218P00610000,2026-09-16 19:58:27+00:00,610.0,2.85,2.87,2.88,0.03999996,1.4234862,135.0,158589.0,0.28174546386718746,False,REGULAR,USD,put,2026-12-18,0.2547945205479452,754.0499877929688,2.875,0.0034782608695651434,0.8089649358465092
SPY261218P00615000,2026-09-16 19:51:59+00:00,615.0,3.03,3.03,3.04,0.059999943,2.0202,16.0,6132.0,0.27649649291992184,False,REGULAR,USD,put,2026-12-18,0.2547945205479452,754.0499877929688,3.035,0.0032948929159803066,0.8155957959763986
SPY261218P00620000,2026-09-16 20:06:14+00:00,620.0,3.18,3.21,3.22,0.03999996,1.273884,121.0,26340.0,0.27149166015625,False,REGULAR,USD,put,2026-12-18,0.2547945205479452,754.0499877929688,3.215,0.003110419906687475,0.822226656106288
SPY261218P00625000,2026-09-16 19:50:53+00:00,625.0,3.39,3.39,3.4,0.07000017,2.108439,15.0,24079.0,0.2662426892089844,False,REGULAR,USD,put,2026-12-18,0.2547945205479452,754.0499877929688,3.395,0.0029455081001472125,0.8288575162361774
SPY261218P00630000,2026-09-16 19:51:51+00:00,630.0,3.58,3.6,3.61,0.099999905,2.8735604,323.0,40387.0,0.26129889099121095,False,REGULAR,USD,put,2026-12-18,0.2547945205479452,754.0499877929688,3.605,0.0027739251040221325,0.8354883763660669
SPY261218P00635000,2026-09-16 19:50:53+00:00,635.0,3.81,3.81,3.82,0.07999992,2.1447701,192.0,6377.0,0.2561109545898438,False,REGULAR,USD,put,2026-12-18,0.2547945205479452,754.0499877929688,3.815,0.0026212319790300882,0.8421192364959563
SPY261218P00640000,2026-09-16 19:59:32+00:00,640.0,4.01,4.04,4.07,0.16000032,4.155853,221.0,10775.0,0.25135026000976557,False,REGULAR,USD,put,2026-12-18,0.2547945205479452,754.0499877929688,4.055,0.007398273736128298,0.8487500966258457
SPY261218P00645000,2026-09-16 19:51:38+00:00,645.0,4.27,4.29,4.32,0.11000013,2.6442342,21.0,8027.0,0.24631490997314454,False,REGULAR,USD,put,2026-12-18,0.2547945205479452,754.0499877929688,4.305,0.0069686411149826365,0.8553809567557351
SPY261218P00650000,2026-09-16 20:03:52+00:00,650.0,4.52,4.56,4.59,0.17000008,3.908048,71.0,14415.0,0.24127955993652345,False,REGULAR,USD,put,2026-12-18,0.2547945205479452,754.0499877929688,4.574999999999999,0.006557377049180383,0.8620118168856246
SPY261218P00655000,2026-09-16 20:03:56+00:00,655.0,4.81,4.85,4.86,0.07999992,1.6913303,8.0,5708.0,0.23593903717041015,False,REGULAR,USD,put,2026-12-18,0.2547945205479452,754.0499877929688,4.855,0.0020597322348096135,0.868642677015514
SPY261218P00660000,2026-09-16 20:05:43+00:00,660.0,5.15,5.17,5.18,0.24000025,4.887989,134.0,134840.0,0.23102575622558597,False,REGULAR,USD,put,2026-12-18,0.2547945205479452,754.0499877929688,5.175,0.001932367149758413,0.8752735371454033
SPY261218P00665000,2026-09-16 20:03:55+00:00,665.0,5.46,5.51,5.52,0.23000002,4.397706,232.0,16888.0,0.22603618209838866,False,REGULAR,USD,put,2026-12-18,0.2547945205479452,754.0499877929688,5.515,0.0018132366273798345,0.8819043972752928
SPY261218P00670000,2026-09-16 20:03:55+00:00,670.0,5.82,5.88,5.89,0.12000036,2.1052697,567.0,35009.0,0.2210771252441406,False,REGULAR,USD,put,2026-12-18,0.2547945205479452,754.0499877929688,5.885,0.001699235344095121,0.8885352574051822
SPY261218P00675000,2026-09-16 20:03:55+00:00,675.0,6.22,6.28,6.29,0.13999987,2.3026295,214.0,10219.0,0.21611806838989256,False,REGULAR,USD,put,2026-12-18,0.2547945205479452,754.0499877929688,6.285,0.0015910898965791228,0.8951661175350717
SPY261218P00680000,2026-09-16 20:03:55+00:00,680.0,6.65,6.72,6.73,0.32999992,5.2215176,271.0,12533.0,0.21122004608154293,False,REGULAR,USD,put,2026-12-18,0.2547945205479452,754.0499877929688,6.725,0.0014869888475837435,0.901796977664961
SPY261218P00685000,2026-09-16 19:51:54+00:00,685.0,7.23,7.19,7.22,0.28999996,4.1786737,42.0,6555.0,0.20645935150146477,False,REGULAR,USD,put,2026-12-18,0.2547945205479452,754.0499877929688,7.205,0.00416377515614148,0.9084278377948505
SPY261218P00690000,2026-09-16 20:08:27+00:00,690.0,7.7,7.7,7.73,0.40999985,5.6241407,403.0,11410.0,0.20145451873779296,False,REGULAR,USD,put,2026-12-18,0.2547945205479452,754.0499877929688,7.715,0.0038885288399222616,0.9150586979247399
SPY261218P00695000,2026-09-16 19:59:57+00:00,695.0,8.18,8.25,8.28,0.2800002,3.5443065,403.0,12078.0,0.19640391006469726,False,REGULAR,USD,put,2026-12-18,0.2547945205479452,754.0499877929688,8.265,0.0036297640653356754,0.9216895580546293
SPY261218P00700000,2026-09-16 20:12:24+00:00,700.0,8.89,8.86,8.88,0.6000004,7.2376404,1218.0,38040.0,0.19135330139160156,False,REGULAR,USD,put,2026-12-18,0.2547945205479452,754.0499877929688,8.870000000000001,0.0022547914317927113,0.9283204181845187
SPY261218P00705000,2026-09-16 19:59:26+00:00,705.0,9.44,9.53,9.57,0.28999996,3.1693985,148.0,4141.0,0.18660786544799807,False,REGULAR,USD,put,2026-12-18,0.2547945205479452,754.0499877929688,9.55,0.004188481675392767,0.9349512783144082
SPY261218P00710000,2026-09-16 19:59:16+00:00,710.0,10.2,10.25,10.29,0.3699999,3.7639866,421.0,17878.0,0.1815572567749023,False,REGULAR,USD,put,2026-12-18,0.2547945205479452,754.0499877929688,10.27,0.00389483933787723,0.9415821384442976
SPY261218P00715000,2026-09-16 20:03:52+00:00,715.0,10.95,11.05,11.07,0.39999962,3.7914655,228.0,4882.0,0.1764303549194336,False,REGULAR,USD,put,2026-12-18,0.2547945205479452,754.0499877929688,11.06,0.0018083182640144279,0.948212998574187
SPY261218P00720000,2026-09-16 19:57:31+00:00,720.0,11.93,11.91,11.99,0.9300003,8.454548,699.0,6386.0,0.17179172943115234,False,REGULAR,USD,put,2026-12-18,0.2547945205479452,754.0499877929688,11.95,0.0066945606694560735,0.9548438587040764
SPY261218P00725000,2026-09-16 20:14:23+00:00,725.0,12.85,12.87,12.95,0.95000076,7.9832,253.0,6416.0,0.1667563793945313,False,REGULAR,USD,put,2026-12-18,0.2547945205479452,754.0499877929688,12.91,0.006196746707978317,0.9614747188339658
SPY261218P00730000,2026-09-16 19:58:04+00:00,730.0,13.95,13.92,14.0,1.0699997,8.307451,278.0,16022.0,0.16167525344848632,False,REGULAR,USD,put,2026-12-18,0.2547945205479452,754.0499877929688,13.96,0.005730659025787971,0.9681055789638553
SPY261218P00735000,2026-09-16 19:51:58+00:00,735.0,15.19,15.08,15.16,0.9199991,6.4470854,222.0,33458.0,0.15660938613891606,False,REGULAR,USD,put,2026-12-18,0.2547945205479452,754.0499877929688,15.120000000000001,0.005291005291005295,0.9747364390937446
SPY261218P00740000,2026-09-16 20:06:50+00:00,740.0,16.35,16.37,16.45,1.1200008,7.3539124,305.0,16699.0,0.15158929473876953,False,REGULAR,USD,put,2026-12-18,0.2547945205479452,754.0499877929688,16.41,0.0048750761730651,0.9813672992236341
SPY261218P00745000,2026-09-16 19:50:57+00:00,745.0,17.89,17.79,17.88,1.2600002,7.5766706,364.0,5998.0,0.14658446197509767,False,REGULAR,USD,put,2026-12-18,0.2547945205479452,754.0499877929688,17.835,0.005046257359125307,0.9879981593535235
SPY261218P00750000,2026-09-16 20:14:33+00:00,750.0,19.43,19.38,19.47,1.6300011,9.15731,1005.0,20101.0,0.1416254051208496,False,REGULAR,USD,put,2026-12-18,0.2547945205479452,754.0499877929688,19.424999999999997,0.004633204633204627,0.994629019483413
SPY261218P00755000,2026-09-16 20:08:11+00:00,755.0,21.18,21.16,21.25,1.4300003,7.240508,1037.0,6683.0,0.1368036759948731,True,REGULAR,USD,put,2026-12-18,0.2547945205479452,754.0499877929688,21.205,0.0042442820089601445,1.0012598796133023
SPY261218P00760000,2026-09-16 20:12:20+00:00,760.0,23.15,23.13,23.22,1.75,8.17757,2929.0,15491.0,0.13198194686889647,True,REGULAR,USD,put,2026-12-18,0.2547945205479452,754.0499877929688,23.174999999999997,0.003883495145631062,1.0078907397431918
SPY261218P00765000,2026-09-16 20:14:23+00:00,765.0,25.3,25.29,25.39,1.9699993,8.444061,434.0,6046.0,0.12711444183349607,True,REGULAR,USD,put,2026-12-18,0.2547945205479452,754.0499877929688,25.34,0.003946329913180798,1.0145215998730812
SPY261218P00770000,2026-09-16 20:00:08+00:00,770.0,27.81,27.62,27.87,1.7099991,6.5517206,184.0,7320.0,0.12282676498413087,True,REGULAR,USD,put,2026-12-18,0.2547945205479452,754.0499877929688,27.745,0.009010632546404758,1.0211524600029707
SPY261218P00775000,2026-09-16 20:03:03+00:00,775.0,30.4,29.54,31.41,1.6700001,5.8127394,212.0,3329.0,0.12442892181396485,True,REGULAR,USD,put,2026-12-18,0.2547945205479452,754.0499877929688,30.475,0.0613617719442166,1.0277833201328601
SPY261218P00780000,2026-09-16 19:40:14+00:00,780.0,34.7,32.18,34.66,3.7000008,11.935486,664.0,11644.0,0.12264366134643556,True,REGULAR,USD,put,2026-12-18,0.2547945205479452,754.0499877929688,33.42,0.07420706163973659,1.0344141802627496
SPY261218P00785000,2026-09-16 19:42:16+00:00,785.0,38.65,35.29,38.68,4.550003,13.343118,69.0,1025.0,0.12537495727539064,True,REGULAR,USD,put,2026-12-18,0.2547945205479452,754.0499877929688,36.985,0.09165878058672436,1.0410450403926388
SPY261218P00790000,2026-09-16 19:26:28+00:00,790.0,44.04,38.55,42.29,6.4900017,17.283627,46.0,1196.0,0.12362021408081056,True,REGULAR,USD,put,2026-12-18,0.2547945205479452,754.0499877929688,40.42,0.09252845126175166,1.0476759005225282
SPY261218P00795000,2026-09-16 19:10:51+00:00,795.0,45.68,42.52,46.21,4.0,9.596929,2.0,748.0,0.12307090316772462,True,REGULAR,USD,put,2026-12-18,0.2547945205479452,754.0499877929688,44.365,0.08317367294038087,1.0543067606524177
SPY261218P00800000,2026-09-16 19:22:06+00:00,800.0,51.65,46.59,50.43,5.700001,12.404789,111.0,2015.0,0.12406271453857423,True,REGULAR,USD,put,2026-12-18,0.2547945205479452,754.0499877929688,48.510000000000005,0.07915893630179335,1.0609376207823071
SPY261218P00805000,2026-09-11 17:15:08+00:00,805.0,43.0,51.54,54.9,0.0,0.0,20.0,51.0,0.12659564819335936,True,REGULAR,USD,put,2026-12-18,0.2547945205479452,754.0499877929688,53.22,0.06313416009019165,1.0675684809121966
SPY261218P00810000,2026-09-16 18:22:42+00:00,810.0,51.8,55.97,59.58,9.0,21.028038,1.0,112.0,0.1307459973144531,True,REGULAR,USD,put,2026-12-18,0.2547945205479452,754.0499877929688,57.775,0.06248377325832972,1.074199341042086
SPY261218P00815000,2026-09-14 19:32:21+00:00,815.0,54.75,60.86,64.42,0.0,0.0,1.0,37.0,0.13631539962768557,True,REGULAR,USD,put,2026-12-18,0.2547945205479452,754.0499877929688,62.64,0.056832694763729284,1.0808302011719755
SPY261218P00820000,2026-09-15 13:31:19+00:00,820.0,62.0,65.56,69.34,0.0,0.0,1.0,645.0,0.14258669921875,True,REGULAR,USD,put,2026-12-18,0.2547945205479452,754.0499877929688,67.45,0.056041512231282446,1.0874610613018647
SPY261218P00825000,2026-09-03 19:16:15+00:00,825.0,53.25,70.48,74.31,0.0,0.0,88.0,198.0,0.14928524063110354,True,REGULAR,USD,put,2026-12-18,0.2547945205479452,754.0499877929688,72.39500000000001,0.05290420609158088,1.0940919214317542
SPY261218P00830000,2026-09-14 16:48:46+00:00,830.0,67.95,75.37,79.51,0.0,0.0,1.0,627.0,0.15883714706420898,True,REGULAR,USD,put,2026-12-18,0.2547945205479452,754.0499877929688,77.44,0.0534607438016529,1.1007227815616436
SPY261218P00835000,2026-09-03 18:25:42+00:00,835.0,62.26,80.45,84.51,0.0,0.0,52.0,39.0,0.16571879211425783,True,REGULAR,USD,put,2026-12-18,0.2547945205479452,754.0499877929688,82.48,0.04922405431619789,1.107353641691533
SPY261218P00840000,2026-09-04 16:27:49+00:00,840.0,70.12,85.4,89.5,0.0,0.0,1.0,1.0,0.17237155761718753,True,REGULAR,USD,put,2026-12-18,0.2547945205479452,754.0499877929688,87.45,0.04688393367638644,1.1139845018214225
SPY261218P00845000,2026-09-03 18:25:28+00:00,845.0,71.74,90.48,94.5,0.0,0.0,2.0,0.0,0.17902432312011718,True,REGULAR,USD,put,2026-12-18,0.2547945205479452,754.0499877929688,92.49000000000001,0.04346415828738237,1.120615361951312
SPY261218P00850000,2026-09-15 18:34:12+00:00,850.0,91.71,95.6,99.5,-2.3799973,-2.5294902,2.0,16.0,0.1855855368041992,True,REGULAR,USD,put,2026-12-18,0.2547945205479452,754.0499877929688,97.55,0.03997949769349058,1.1272462220812014
SPY261218P00855000,2026-08-20 17:22:33+00:00,855.0,89.72,100.53,104.5,0.0,0.0,2.0,0.0,0.1920246813964844,True,REGULAR,USD,put,2026-12-18,0.2547945205479452,754.0499877929688,102.515,0.038726040091693885,1.1338770822110908
SPY261218P00860000,2026-08-20 17:22:33+00:00,860.0,94.7,105.69,109.5,0.0,0.0,2.0,0.0,0.1984027914428711,True,REGULAR,USD,put,2026-12-18,0.2547945205479452,754.0499877929688,107.595,0.035410567405548606,1.14050794234098
SPY261218P00865000,2026-08-20 17:22:33+00:00,865.0,99.71,110.56,114.49,0.0,0.0,2.0,0.0,0.204536763305664,True,REGULAR,USD,put,2026-12-18,0.2547945205479452,754.0499877929688,112.525,0.03492557209508991,1.1471388024708695
SPY261218P00870000,2026-08-20 17:22:33+00:00,870.0,104.69,115.56,119.49,0.0,0.0,2.0,0.0,0.21073176971435548,True,REGULAR,USD,put,2026-12-18,0.2547945205479452,754.0499877929688,117.525,0.033439693682195216,1.153769662600759
SPY261218P00875000,2026-08-20 17:22:33+00:00,875.0,109.71,120.63,124.49,0.0,0.0,2.0,0.0,0.21683522430419921,True,REGULAR,USD,put,2026-12-18,0.2547945205479452,754.0499877929688,122.56,0.031494778067885115,1.1604005227306484
SPY261218P00880000,2026-08-20 17:22:34+00:00,880.0,114.71,125.54,129.49,0.0,0.0,2.0,0.0,0.2228776443481445,True,REGULAR,USD,put,2026-12-18,0.2547945205479452,754.0499877929688,127.51500000000001,0.030976747833588225,1.1670313828605379
SPY261218P00900000,2026-09-04 14:26:11+00:00,900.0,129.64,145.53,149.48,0.0,0.0,5.0,22.0,0.2461012890625,True,REGULAR,USD,put,2026-12-18,0.2547945205479452,754.0499877929688,147.505,0.026778753262601193,1.1935548233800954
SPY261218P00905000,2026-08-13 20:05:54+00:00,905.0,127.09,150.57,154.47,0.0,0.0,1.0,0.0,0.2516249154663086,True,REGULAR,USD,put,2026-12-18,0.2547945205479452,754.0499877929688,152.51999999999998,0.025570416994492567,1.200185683509985
SPY261218P00910000,2025-09-17 19:56:46+00:00,910.0,252.32,242.52,247.5,0.0,0.0,1.0,0.0,0.9346777772521973,True,REGULAR,USD,put,2026-12-18,0.2547945205479452,754.0499877929688,245.01,0.020325700991796213,1.2068165436398743
SPY261218P00930000,2026-05-15 20:00:49+00:00,930.0,191.5,176.39,179.69,0.0,0.0,1.0,0.0,0.28302718933105464,True,REGULAR,USD,put,2026-12-18,0.2547945205479452,754.0499877929688,178.04,0.018535160638058927,1.2333399841594321
SPY261218P00935000,2025-12-30 20:54:05+00:00,935.0,247.55,241.25,245.25,0.0,0.0,1.0,0.0,0.7949391844177245,True,REGULAR,USD,put,2026-12-18,0.2547945205479452,754.0499877929688,243.25,0.01644398766700925,1.2399708442893214
SPY261218P00965000,2026-08-21 19:50:12+00:00,965.0,198.43,210.52,214.2,0.0,0.0,5.0,0.0,0.3100349758911133,True,REGULAR,USD,put,2026-12-18,0.2547945205479452,754.0499877929688,212.36,0.01732906385383301,1.279756005068658
SPY261218P00970000,2026-08-21 19:50:12+00:00,970.0,203.41,215.5,219.2,0.0,0.0,10.0,0.0,0.3149482568359374,True,REGULAR,USD,put,2026-12-18,0.2547945205479452,754.0499877929688,217.35,0.01702323441453871,1.2863868651985475
SPY261218P01000000,2026-06-17 15:24:37+00:00,1000.0,251.57,259.33,262.51,0.0,0.0,5.0,0.0,0.5061084545898438,True,REGULAR,USD,put,2026-12-18,0.2547945205479452,754.0499877929688,260.91999999999996,0.012187643722213733,1.326172025977884
SPY270319C00250000,2026-09-16 17:03:28+00:00,250.0,512.16,504.91,508.75,-6.080017,-1.1732049,1.0,6.0,0.8219011950683592,True,REGULAR,USD,call,2027-03-19,0.5041095890410959,754.0499877929688,506.83000000000004,0.007576504942485596,0.331543006494471
SPY270319C00260000,2026-06-23 15:09:48+00:00,260.0,484.53,482.47,486.06,0.0,0.0,1.0,7.0,1.0000000000000003e-05,True,REGULAR,USD,call,2027-03-19,0.5041095890410959,754.0499877929688,484.265,0.007413296438933177,0.34480472675424984
SPY270319C00265000,2026-06-09 16:40:44+00:00,265.0,463.0,493.22,496.83,0.0,0.0,1.0,2.0,0.9031992102050781,True,REGULAR,USD,call,2027-03-19,0.5041095890410959,754.0499877929688,495.025,0.00729256098176851,0.35143558688413923
SPY270319C00275000,2026-07-13 14:16:45+00:00,275.0,482.06,490.78,494.41,0.0,0.0,1.0,6.0,1.0581101782226563,True,REGULAR,USD,call,2027-03-19,0.5041095890410959,754.0499877929688,492.595,0.007369136917752012,0.36469730714391807
SPY270319C00285000,2026-06-08 13:30:00+00:00,285.0,463.88,473.91,477.55,0.0,0.0,1.0,2.0,0.8659681372070311,True,REGULAR,USD,call,2027-03-19,0.5041095890410959,754.0499877929688,475.73,0.0076513989027389194,0.3779590274036969
SPY270319C00290000,2026-06-08 13:30:00+00:00,290.0,459.08,469.12,472.73,0.0,0.0,1.0,1.0,0.8572707144165038,True,REGULAR,USD,call,2027-03-19,0.5041095890410959,754.0499877929688,470.925,0.0076657641875033464,0.38458988753358636
SPY270319C00295000,2026-06-08 13:30:00+00:00,295.0,454.29,464.19,467.91,0.0,0.0,1.0,3.0,0.8467727725219726,True,REGULAR,USD,call,2027-03-19,0.5041095890410959,754.0499877929688,466.05,0.007981976182813062,0.39122074766347575
SPY270319C00300000,2026-08-28 18:31:23+00:00,300.0,473.87,456.24,460.12,0.0,0.0,1.0,6.0,0.7477442218017578,True,REGULAR,USD,call,2027-03-19,0.5041095890410959,754.0499877929688,458.18,0.008468287572569722,0.39785160779336515
SPY270319C00320000,2026-09-09 15:11:13+00:00,320.0,446.0,436.8,440.68,0.0,0.0,1.0,6.0,0.7179593634033203,True,REGULAR,USD,call,2027-03-19,0.5041095890410959,754.0499877929688,438.74,0.00884350640470437,0.42437504831292283
SPY270319C00335000,2026-09-15 17:04:42+00:00,335.0,427.22,422.23,426.11,0.0,0.0,8.0,12.0,0.6958648577880859,True,REGULAR,USD,call,2027-03-19,0.5041095890410959,754.0499877929688,424.17,0.009147275856378327,0.4442676287025911
SPY270319C00340000,2026-06-08 13:30:00+00:00,340.0,411.25,420.93,424.61,0.0,0.0,1.0,4.0,0.7699607965087891,True,REGULAR,USD,call,2027-03-19,0.5041095890410959,754.0499877929688,422.77,0.008704496534758868,0.4508984888324805
SPY270319C00350000,2026-08-28 18:31:23+00:00,350.0,425.11,407.66,411.5,0.0,0.0,1.0,28.0,0.6732210412597659,True,REGULAR,USD,call,2027-03-19,0.5041095890410959,754.0499877929688,409.58000000000004,0.009375457786024647,0.46416020909225936
SPY270319C00355000,2026-07-13 14:16:49+00:00,355.0,404.7,413.31,416.87,0.0,0.0,1.0,9.0,0.8601393380737304,True,REGULAR,USD,call,2027-03-19,0.5041095890410959,754.0499877929688,415.09000000000003,0.008576453299284498,0.4707910692221488
SPY270319C00360000,2026-06-26 19:59:59+00:00,360.0,380.83,408.47,412.03,0.0,0.0,21.0,12.0,0.8491226025390625,True,REGULAR,USD,call,2027-03-19,0.5041095890410959,754.0499877929688,410.25,0.00867763558805593,0.4774219293520382
SPY270319C00370000,2026-09-04 18:35:15+00:00,370.0,406.12,388.25,392.14,0.0,0.0,1.0,29.0,0.6449010119628906,True,REGULAR,USD,call,2027-03-19,0.5041095890410959,754.0499877929688,390.195,0.009969374287215333,0.49068364961181704
SPY270319C00375000,2026-06-18 13:30:00+00:00,375.0,384.5,371.92,375.52,0.0,0.0,1.0,1.0,1.0000000000000003e-05,True,REGULAR,USD,call,2027-03-19,0.5041095890410959,754.0499877929688,373.72,0.009632880231189033,0.4973145097417065
SPY270319C00380000,2026-09-08 14:40:25+00:00,380.0,393.14,378.56,382.44,0.0,0.0,3.0,7.0,0.6306494454956054,True,REGULAR,USD,call,2027-03-19,0.5041095890410959,754.0499877929688,380.5,0.01019710906701707,0.5039453698715959
SPY270319C00385000,2026-09-15 19:43:26+00:00,385.0,378.1,373.72,377.6,0.0,0.0,1.0,2.0,0.6236915072631836,True,REGULAR,USD,call,2027-03-19,0.5041095890410959,754.0499877929688,375.66,0.010328488526859381,0.5105762300014853
SPY270319C00390000,2026-09-03 16:13:21+00:00,390.0,389.29,368.87,372.75,0.0,0.0,6.0,7.0,0.6165199481201173,True,REGULAR,USD,call,2027-03-19,0.5041095890410959,754.0499877929688,370.81,0.010463579730859457,0.5172070901313748
SPY270319C00395000,2026-09-03 14:11:42+00:00,395.0,379.78,364.03,367.91,0.0,0.0,1.0,4.0,0.6095925271606447,True,REGULAR,USD,call,2027-03-19,0.5041095890410959,754.0499877929688,365.97,0.010601961909446272,0.5238379502612641
SPY270319C00400000,2026-09-04 19:27:00+00:00,400.0,376.71,359.19,363.07,0.0,0.0,1.0,15.0,0.6026345889282229,True,REGULAR,USD,call,2027-03-19,0.5041095890410959,754.0499877929688,361.13,0.010744053387976616,0.5304688103911536
SPY270319C00410000,2026-09-16 14:30:58+00:00,410.0,355.96,349.51,353.39,2.7599792,0.78142107,2.0,0.0,0.5887492297363282,True,REGULAR,USD,call,2027-03-19,0.5041095890410959,754.0499877929688,351.45,0.011039977237160324,0.5437305306509324
SPY270319C00415000,2026-07-13 14:16:47+00:00,415.0,347.42,355.35,358.92,0.0,0.0,3.0,16.0,0.7367580035400392,True,REGULAR,USD,call,2027-03-19,0.5041095890410959,754.0499877929688,357.135,0.009996219916838151,0.5503613907808218
SPY270319C00420000,2026-09-16 15:52:08+00:00,420.0,348.24,339.84,343.72,-0.5700073,-0.16341485,6.0,0.0,0.5750469741821288,True,REGULAR,USD,call,2027-03-19,0.5041095890410959,754.0499877929688,341.78,0.011352331909415567,0.5569922509107113
SPY270319C00425000,2026-09-03 19:10:25+00:00,425.0,357.0,335.0,338.88,0.0,0.0,4.0,18.0,0.5681195532226562,True,REGULAR,USD,call,2027-03-19,0.5041095890410959,754.0499877929688,336.94,0.01151540333590549,0.5636231110406007
SPY270319C00430000,2026-08-10 16:32:02+00:00,430.0,351.49,330.17,334.05,0.0,0.0,1.0,8.0,0.5613752359008789,True,REGULAR,USD,call,2027-03-19,0.5041095890410959,754.0499877929688,332.11,0.011682876155490636,0.57025397117049
SPY270319C00440000,2026-08-04 19:52:37+00:00,440.0,343.23,336.33,339.85,0.0,0.0,1.0,5.0,0.7455927540588378,True,REGULAR,USD,call,2027-03-19,0.5041095890410959,754.0499877929688,338.09000000000003,0.010411428909462091,0.5835156914302689
SPY270319C00445000,2026-07-31 18:10:09+00:00,445.0,312.38,331.5,335.02,0.0,0.0,2.0,253.0,0.7354152435302734,True,REGULAR,USD,call,2027-03-19,0.5041095890410959,754.0499877929688,333.26,0.010562323711216414,0.5901465515601584
SPY270319C00450000,2026-09-11 15:21:11+00:00,450.0,323.73,310.87,314.75,0.0,0.0,1.0,305.0,0.5346421047973633,True,REGULAR,USD,call,2027-03-19,0.5041095890410959,754.0499877929688,312.81,0.012403695534030227,0.5967774116900477
SPY270319C00455000,2026-09-15 19:55:08+00:00,455.0,310.78,306.05,309.93,0.0,0.0,4.0,181.0,0.5280198565673828,True,REGULAR,USD,call,2027-03-19,0.5041095890410959,754.0499877929688,307.99,0.012597811617260285,0.6034082718199372
SPY270319C00460000,2026-09-16 14:30:06+00:00,460.0,308.21,301.23,305.11,-7.279999,-2.3075213,2.0,89.0,0.5213976083374022,True,REGULAR,USD,call,2027-03-19,0.5041095890410959,754.0499877929688,303.17,0.01279810007586501,0.6100391319498266
SPY270319C00465000,2026-08-19 16:39:23+00:00,465.0,315.97,296.41,300.29,0.0,0.0,4.0,12.0,0.5147753601074219,True,REGULAR,USD,call,2027-03-19,0.5041095890410959,754.0499877929688,298.35,0.013004860063683578,0.6166699920797161
SPY270319C00470000,2026-08-25 16:16:46+00:00,470.0,306.02,291.59,295.47,0.0,0.0,4.0,17.0,0.5081378532409668,True,REGULAR,USD,call,2027-03-19,0.5041095890410959,754.0499877929688,293.53,0.013218410383947306,0.6233008522096054
SPY270319C00475000,2026-08-07 19:13:27+00:00,475.0,309.48,286.78,290.66,0.0,0.0,1.0,7.0,0.5016529327392578,True,REGULAR,USD,call,2027-03-19,0.5041095890410959,754.0499877929688,288.72,0.01343862565807721,0.6299317123394949
SPY270319C00480000,2026-08-31 15:10:59+00:00,480.0,296.01,281.97,285.85,0.0,0.0,2.0,24.0,0.5205126074218749,True,REGULAR,USD,call,2027-03-19,0.5041095890410959,754.0499877929688,283.91,0.013666302701560336,0.6365625724693843
SPY270319C00485000,2026-08-04 18:32:18+00:00,485.0,300.0,292.93,296.46,0.0,0.0,1.0,63.0,0.6574130938720704,True,REGULAR,USD,call,2027-03-19,0.5041095890410959,754.0499877929688,294.695,0.011978486231527419,0.6431934325992738
SPY270319C00490000,2026-09-10 13:30:09+00:00,490.0,268.8,272.36,276.24,-9.77002,-3.5072043,1.0,28.0,0.5065509550476073,True,REGULAR,USD,call,2027-03-19,0.5041095890410959,754.0499877929688,274.3,0.014145096609551568,0.6498242927291631
SPY270319C00495000,2026-09-16 18:32:22+00:00,495.0,273.21,267.57,271.45,1.2200012,0.44854638,1.0,68.0,0.4997608618164063,True,REGULAR,USD,call,2027-03-19,0.5041095890410959,754.0499877929688,269.51,0.014396497347037199,0.6564551528590525
SPY270319C00500000,2026-09-16 19:22:44+00:00,500.0,260.97,262.77,266.65,-15.619995,-5.6473465,9.0,151.0,0.4928334408569337,True,REGULAR,USD,call,2027-03-19,0.5041095890410959,754.0499877929688,264.71,0.014657549771447984,0.663086012988942
SPY270319C00505000,2026-08-17 17:06:35+00:00,505.0,282.26,257.98,261.86,0.0,0.0,1.0,61.0,0.4860433476257325,True,REGULAR,USD,call,2027-03-19,0.5041095890410959,754.0499877929688,259.92,0.014927670052323774,0.6697168731188313
SPY270319C00510000,2026-09-15 15:22:58+00:00,510.0,257.01,253.19,257.07,0.0,0.0,22.0,37.0,0.4792379957580566,True,REGULAR,USD,call,2027-03-19,0.5041095890410959,754.0499877929688,255.13,0.01520793321052011,0.6763477332487208
SPY270319C00515000,2026-09-09 14:37:31+00:00,515.0,259.25,248.41,252.29,0.0,0.0,34.0,4.0,0.4725394543457031,True,REGULAR,USD,call,2027-03-19,0.5041095890410959,754.0499877929688,250.35,0.015498302376672641,0.6829785933786102
SPY270319C00520000,2026-09-15 18:46:19+00:00,520.0,248.28,243.63,247.51,0.0,0.0,1.0,201.0,0.46582565429687506,True,REGULAR,USD,call,2027-03-19,0.5041095890410959,754.0499877929688,245.57,0.015799975567048073,0.6896094535084997
SPY270319C00525000,2026-09-16 13:48:44+00:00,525.0,245.88,238.86,242.74,-0.31999207,-0.12997241,5.0,538.0,0.4592034060668946,True,REGULAR,USD,call,2027-03-19,0.5041095890410959,754.0499877929688,240.8,0.01611295681063121,0.696240313638389
SPY270319C00530000,2026-09-11 18:49:07+00:00,530.0,247.08,234.09,237.97,0.0,0.0,1.0,190.0,0.4525811578369141,True,REGULAR,USD,call,2027-03-19,0.5041095890410959,754.0499877929688,236.03,0.01643858831504468,0.7028711737682785
SPY270319C00535000,2026-09-16 13:47:47+00:00,535.0,236.46,229.33,233.21,-3.6899872,-1.5365343,9.0,2915.0,0.44603520278930664,True,REGULAR,USD,call,2027-03-19,0.5041095890410959,754.0499877929688,231.27,0.01677692740087342,0.7095020338981679
SPY270319C00540000,2026-09-14 19:42:21+00:00,540.0,234.98,224.58,228.46,0.0,0.0,1.0,51.0,0.43958079956054685,True,REGULAR,USD,call,2027-03-19,0.5041095890410959,754.0499877929688,226.52,0.017128730354935527,0.7161328940280574
SPY270319C00545000,2026-09-09 14:37:31+00:00,545.0,230.65,219.83,223.71,0.0,0.0,2.0,456.0,0.4330958790588379,True,REGULAR,USD,call,2027-03-19,0.5041095890410959,754.0499877929688,221.77,0.017495603553230803,0.7227637541579467
SPY270319C00550000,2026-09-14 13:39:41+00:00,550.0,221.25,215.1,218.93,0.0,0.0,30.0,503.0,0.4263057858276368,True,REGULAR,USD,call,2027-03-19,0.5041095890410959,754.0499877929688,217.015,0.017648549639425904,0.7293946142878361
SPY270319C00555000,2026-09-15 16:40:29+00:00,555.0,215.38,210.37,214.2,0.0,0.0,1.0,3122.0,0.41995819305419924,True,REGULAR,USD,call,2027-03-19,0.5041095890410959,754.0499877929688,212.285,0.018041783451492023,0.7360254744177256
SPY270319C00560000,2026-09-16 19:53:09+00:00,560.0,205.57,205.64,209.47,-5.0399933,-2.3930457,1.0,487.0,0.4135953416442871,True,REGULAR,USD,call,2027-03-19,0.5041095890410959,754.0499877929688,207.555,0.018452940184529462,0.742656334547615
SPY270319C00565000,2026-09-09 14:37:30+00:00,565.0,211.68,200.93,204.75,0.0,0.0,2.0,63.0,0.40727826614379886,True,REGULAR,USD,call,2027-03-19,0.5041095890410959,754.0499877929688,202.84,0.018832577400907085,0.7492871946775044
SPY270319C00570000,2026-09-09 19:20:37+00:00,570.0,207.06,196.22,200.05,0.0,0.0,3.0,341.0,0.4011137770080566,True,REGULAR,USD,call,2027-03-19,0.5041095890410959,754.0499877929688,198.135,0.019330254624372337,0.7559180548073938
SPY270319C00575000,2026-09-09 14:37:23+00:00,575.0,202.38,191.52,195.35,0.0,0.0,2.0,173.0,0.39490351196289064,True,REGULAR,USD,call,2027-03-19,0.5041095890410959,754.0499877929688,193.435,0.019799932793961715,0.7625489149372833
SPY270319C00580000,2026-09-09 14:37:23+00:00,580.0,197.7,186.83,190.66,0.0,0.0,2.0,66.0,0.38873902282714845,True,REGULAR,USD,call,2027-03-19,0.5041095890410959,754.0499877929688,188.745,0.02029192826300026,0.7691797750671727
SPY270319C00585000,2026-09-09 14:37:23+00:00,585.0,193.09,182.15,185.98,0.0,0.0,2.0,2375.0,0.3826050509643554,True,REGULAR,USD,call,2027-03-19,0.5041095890410959,754.0499877929688,184.065,0.020807866786189576,0.7758106351970621
SPY270319C00590000,2026-09-10 14:19:49+00:00,590.0,184.09,177.49,181.32,0.0,0.0,1.0,581.0,0.3765931481933594,True,REGULAR,USD,call,2027-03-19,0.5041095890410959,754.0499877929688,179.405,0.021348345921239565,0.7824414953269515
SPY270319C00595000,2026-09-14 14:01:38+00:00,595.0,180.91,172.84,176.66,0.0,0.0,1.0,114.0,0.3705202108764648,True,REGULAR,USD,call,2027-03-19,0.5041095890410959,754.0499877929688,174.75,0.02185979971387693,0.789072355456841
SPY270319C00600000,2026-09-16 14:35:38+00:00,600.0,174.9,168.2,172.02,-4.1200104,-2.3014245,2.0,658.0,0.364538825378418,True,REGULAR,USD,call,2027-03-19,0.5041095890410959,754.0499877929688,170.11,0.022456057844923997,0.7957032155867303
SPY270319C00605000,2026-09-16 14:59:56+00:00,605.0,170.64,163.58,167.39,-3.75,-2.1503527,1.0,157.0,0.35858795715332037,True,REGULAR,USD,call,2027-03-19,0.5041095890410959,754.0499877929688,165.485,0.023023234734265787,0.8023340757166197
SPY270319C00610000,2026-09-16 19:12:32+00:00,610.0,158.59,158.97,162.78,-5.8600006,-3.5633936,1.0,411.0,0.3527133821105957,True,REGULAR,USD,call,2027-03-19,0.5041095890410959,754.0499877929688,160.875,0.0236829836829837,0.8089649358465092
SPY270319C00615000,2026-09-11 14:02:17+00:00,615.0,166.77,154.37,158.18,0.0,0.0,1.0,71.0,0.3468540657043457,True,REGULAR,USD,call,2027-03-19,0.5041095890410959,754.0499877929688,156.275,0.024380099184130553,0.8155957959763986
SPY270319C00620000,2026-09-15 16:39:14+00:00,620.0,154.95,149.79,153.6,0.0,0.0,1.0,144.0,0.34105578384399415,True,REGULAR,USD,call,2027-03-19,0.5041095890410959,754.0499877929688,151.695,0.02511618708592902,0.822226656106288
SPY270319C00625000,2026-09-11 16:56:26+00:00,625.0,157.73,145.23,149.04,0.0,0.0,1.0,622.0,0.33531090721130363,True,REGULAR,USD,call,2027-03-19,0.5041095890410959,754.0499877929688,147.135,0.025894586604139073,0.8288575162361774
SPY270319C00630000,2026-09-16 18:52:12+00:00,630.0,144.72,140.68,144.5,-0.47999573,-0.3305756,2.0,410.0,0.3296270651245117,True,REGULAR,USD,call,2027-03-19,0.5041095890410959,754.0499877929688,142.59,0.026790097482291837,0.8354883763660669
SPY270319C00635000,2026-09-16 19:02:22+00:00,635.0,138.03,136.16,139.97,-4.669998,-3.2725987,3.0,427.0,0.32392033508300777,True,REGULAR,USD,call,2027-03-19,0.5041095890410959,754.0499877929688,138.065,0.027595697678629648,0.8421192364959563
SPY270319C00640000,2026-09-16 13:57:28+00:00,640.0,138.78,131.66,135.47,-3.5800018,-2.5147526,1.0,520.0,0.31830515686035155,True,REGULAR,USD,call,2027-03-19,0.5041095890410959,754.0499877929688,133.565,0.02852543705312022,0.8487500966258457
SPY270319C00645000,2026-09-15 20:01:49+00:00,645.0,131.58,127.18,130.99,0.0,0.0,1.0,339.0,0.31272049591064455,True,REGULAR,USD,call,2027-03-19,0.5041095890410959,754.0499877929688,129.085,0.029515435565712532,0.8553809567557351
SPY270319C00650000,2026-09-16 19:54:37+00:00,650.0,124.65,122.72,126.53,-10.93,-8.061661,20.0,5739.0,0.30716635223388666,True,REGULAR,USD,call,2027-03-19,0.5041095890410959,754.0499877929688,124.625,0.030571715145436325,0.8620118168856246
SPY270319C00655000,2026-09-16 18:52:12+00:00,655.0,122.25,118.28,122.1,-4.720001,-3.7174144,2.0,2484.0,0.30167324310302734,True,REGULAR,USD,call,2027-03-19,0.5041095890410959,754.0499877929688,120.19,0.031783010233796434,0.868642677015514
SPY270319C00660000,2026-09-16 14:33:32+00:00,660.0,120.25,113.88,117.69,-7.699997,-6.0179734,1.0,891.0,0.2961801339721679,True,REGULAR,USD,call,2027-03-19,0.5041095890410959,754.0499877929688,115.785,0.03290581681564972,0.8752735371454033
SPY270319C00665000,2026-09-16 19:22:17+00:00,665.0,108.58,109.5,113.31,-5.3600006,-4.704231,2.0,316.0,0.29074805938720694,True,REGULAR,USD,call,2027-03-19,0.5041095890410959,754.0499877929688,111.405,0.034199542210852314,0.8819043972752928
SPY270319C00670000,2026-09-16 18:52:10+00:00,670.0,109.13,105.15,108.96,-3.8700027,-3.424781,70.0,234.0,0.2853465020751953,True,REGULAR,USD,call,2027-03-19,0.5041095890410959,754.0499877929688,107.055,0.035589183130166624,0.8885352574051822
SPY270319C00675000,2026-09-16 19:52:05+00:00,675.0,102.2,100.83,104.65,-12.170006,-10.640907,1.0,925.0,0.28003649658203117,True,REGULAR,USD,call,2027-03-19,0.5041095890410959,754.0499877929688,102.74000000000001,0.03718123418337558,0.8951661175350717
SPY270319C00680000,2026-09-16 19:24:03+00:00,680.0,95.42,96.55,100.37,-5.5699997,-5.5153975,22.0,2136.0,0.27474174972534177,True,REGULAR,USD,call,2027-03-19,0.5041095890410959,754.0499877929688,98.46000000000001,0.03879748121064399,0.901796977664961
SPY270319C00685000,2026-09-09 13:57:01+00:00,685.0,103.02,92.3,96.13,0.0,0.0,1.0,1195.0,0.26950803741455076,True,REGULAR,USD,call,2027-03-19,0.5041095890410959,754.0499877929688,94.215,0.04065170089688477,0.9084278377948505
SPY270319C00690000,2026-09-16 19:22:07+00:00,690.0,87.22,88.09,91.92,-6.1800003,-6.616702,11.0,4918.0,0.26425906646728514,True,REGULAR,USD,call,2027-03-19,0.5041095890410959,754.0499877929688,90.005,0.04255319148936169,0.9150586979247399
SPY270319C00695000,2026-09-14 14:52:05+00:00,695.0,89.79,83.92,87.76,0.0,0.0,36.0,2599.0,0.2590940180206299,True,REGULAR,USD,call,2027-03-19,0.5041095890410959,754.0499877929688,85.84,0.044734389561975806,0.9216895580546293
SPY270319C00700000,2026-09-16 19:25:52+00:00,700.0,79.47,79.8,83.64,-4.3499985,-5.1896906,173.0,1747.0,0.25395185752868654,True,REGULAR,USD,call,2027-03-19,0.5041095890410959,754.0499877929688,81.72,0.04698972099853161,0.9283204181845187
SPY270319C00705000,2026-09-16 19:20:44+00:00,705.0,75.42,75.73,79.57,-11.68,-13.409874,4.0,1367.0,0.24886310226440428,True,REGULAR,USD,call,2027-03-19,0.5041095890410959,754.0499877929688,77.65,0.04945267224726322,0.9349512783144082
SPY270319C00710000,2026-09-16 19:49:38+00:00,710.0,73.15,71.71,75.55,-2.5999985,-3.4323413,24.0,989.0,0.24381249359130858,True,REGULAR,USD,call,2027-03-19,0.5041095890410959,754.0499877929688,73.63,0.05215265516773059,0.9415821384442976
SPY270319C00715000,2026-09-16 19:57:40+00:00,715.0,68.92,67.74,71.58,-3.1100006,-4.3176465,3.0,1322.0,0.2387771435546875,True,REGULAR,USD,call,2027-03-19,0.5041095890410959,754.0499877929688,69.66,0.05512489233419471,0.948212998574187
SPY270319C00720000,2026-09-16 19:48:39+00:00,720.0,65.25,63.84,67.69,-2.7799988,-4.0864305,4.0,1142.0,0.23389437988281248,True,REGULAR,USD,call,2027-03-19,0.5041095890410959,754.0499877929688,65.765,0.05854177754124525,0.9548438587040764
SPY270319C00725000,2026-09-16 19:34:37+00:00,725.0,60.74,60.01,63.86,-3.5499992,-5.521853,2.0,860.0,0.22904213348388675,True,REGULAR,USD,call,2027-03-19,0.5041095890410959,754.0499877929688,61.935,0.06216194397352065,0.9614747188339658
SPY270319C00730000,2026-09-16 19:10:57+00:00,730.0,57.0,56.24,60.09,-3.130001,-5.2053905,228.0,1041.0,0.22420514572143552,True,REGULAR,USD,call,2027-03-19,0.5041095890410959,754.0499877929688,58.165000000000006,0.06619100833834782,0.9681055789638553
SPY270319C00735000,2026-09-16 19:21:51+00:00,735.0,52.19,52.56,56.4,-11.600002,-18.184671,24.0,3742.0,0.21945970977783202,True,REGULAR,USD,call,2027-03-19,0.5041095890410959,754.0499877929688,54.480000000000004,0.07048458149779728,0.9747364390937446
SPY270319C00740000,2026-09-16 19:20:48+00:00,740.0,48.75,48.94,52.79,-4.3499985,-8.192088,4.0,725.0,0.21477530838012693,True,REGULAR,USD,call,2027-03-19,0.5041095890410959,754.0499877929688,50.864999999999995,0.07569055342573483,0.9813672992236341
SPY270319C00745000,2026-09-16 19:23:41+00:00,745.0,47.13,46.69,47.96,-2.3400002,-4.7301397,11.0,2448.0,0.20397219375610348,True,REGULAR,USD,call,2027-03-19,0.5041095890410959,754.0499877929688,47.325,0.02683571051241422,0.9879981593535235
SPY270319C00750000,2026-09-16 20:00:56+00:00,750.0,43.98,43.76,44.06,-2.2000008,-4.7639685,134.0,3206.0,0.1972660230255127,True,REGULAR,USD,call,2027-03-19,0.5041095890410959,754.0499877929688,43.91,0.00683215668412672,0.994629019483413
SPY270319C00755000,2026-09-16 19:22:33+00:00,755.0,38.5,40.41,40.72,-4.119999,-9.666821,24.0,2689.0,0.19281050117492674,False,REGULAR,USD,call,2027-03-19,0.5041095890410959,754.0499877929688,40.565,0.007642055959571115,1.0012598796133023
SPY270319C00760000,2026-09-16 19:44:18+00:00,760.0,36.39,37.23,37.56,-2.8600006,-7.286626,91.0,7462.0,0.1887745918273926,False,REGULAR,USD,call,2027-03-19,0.5041095890410959,754.0499877929688,37.394999999999996,0.008824709185720161,1.0078907397431918
SPY270319C00765000,2026-09-16 19:24:12+00:00,765.0,32.4,34.27,34.38,-3.6099968,-10.024985,60.0,3318.0,0.1841970008850098,False,REGULAR,USD,call,2027-03-19,0.5041095890410959,754.0499877929688,34.325,0.0032046613255644406,1.0145215998730812
SPY270319C00770000,2026-09-16 19:33:26+00:00,770.0,30.25,31.3,31.41,-3.1899986,-9.539471,138.0,4391.0,0.18011531562805175,False,REGULAR,USD,call,2027-03-19,0.5041095890410959,754.0499877929688,31.355,0.003508212406314764,1.0211524600029707
SPY270319C00775000,2026-09-16 19:56:33+00:00,775.0,28.41,28.46,28.6,-1.6399994,-5.4575686,112.0,6295.0,0.17628539787292483,False,REGULAR,USD,call,2027-03-19,0.5041095890410959,754.0499877929688,28.53,0.0049071153172099745,1.0277833201328601
SPY270319C00780000,2026-09-16 19:58:53+00:00,780.0,25.8,25.78,25.91,-1.6400013,-5.9766808,3167.0,5577.0,0.1724936267089844,False,REGULAR,USD,call,2027-03-19,0.5041095890410959,754.0499877929688,25.845,0.005029986457728729,1.0344141802627496
SPY270319C00785000,2026-09-16 19:20:07+00:00,785.0,21.93,23.24,23.38,-2.8199997,-11.393938,206.0,4293.0,0.1689002178192139,False,REGULAR,USD,call,2027-03-19,0.5041095890410959,754.0499877929688,23.31,0.006006006006006031,1.0410450403926388
SPY270319C00790000,2026-09-16 19:58:08+00:00,790.0,20.76,20.86,20.99,-1.3699989,-6.1906867,2579.0,6634.0,0.16540599006652834,False,REGULAR,USD,call,2027-03-19,0.5041095890410959,754.0499877929688,20.924999999999997,0.00621266427718036,1.0476759005225282
SPY270319C00795000,2026-09-16 19:28:22+00:00,795.0,17.3,18.64,18.76,-2.5600014,-12.890238,171.0,6527.0,0.16208723663330077,False,REGULAR,USD,call,2027-03-19,0.5041095890410959,754.0499877929688,18.700000000000003,0.006417112299465293,1.0543067606524177
SPY270319C00800000,2026-09-16 20:03:03+00:00,800.0,16.7,16.61,16.71,-1.4099998,-7.785753,384.0,18080.0,0.1590507679748535,False,REGULAR,USD,call,2027-03-19,0.5041095890410959,754.0499877929688,16.66,0.006002400960384239,1.0609376207823071
SPY270319C00805000,2026-09-16 19:22:30+00:00,805.0,14.6,14.71,14.81,-1.0999994,-7.006366,207.0,6903.0,0.15613636840820314,False,REGULAR,USD,call,2027-03-19,0.5041095890410959,754.0499877929688,14.760000000000002,0.006775067750677482,1.0675684809121966
SPY270319C00810000,2026-09-16 19:58:08+00:00,810.0,12.93,12.99,13.08,-0.9200001,-6.6425996,166.0,6583.0,0.15346610702514651,False,REGULAR,USD,call,2027-03-19,0.5041095890410959,754.0499877929688,13.035,0.006904487917146134,1.074199341042086
SPY270319C00815000,2026-09-16 19:51:18+00:00,815.0,11.35,11.44,11.53,-0.8499994,-6.9672084,39.0,3625.0,0.1511315356445313,False,REGULAR,USD,call,2027-03-19,0.5041095890410959,754.0499877929688,11.485,0.007836308228123628,1.0808302011719755
SPY270319C00820000,2026-09-16 20:14:32+00:00,820.0,10.11,10.05,10.09,-1.04,-9.327354,670.0,25203.0,0.1487511883544922,False,REGULAR,USD,call,2027-03-19,0.5041095890410959,754.0499877929688,10.07,0.003972194637537154,1.0874610613018647
SPY270319C00825000,2026-09-16 19:59:55+00:00,825.0,8.83,8.79,8.83,-0.65999985,-6.9546876,750.0,3464.0,0.14676756561279297,False,REGULAR,USD,call,2027-03-19,0.5041095890410959,754.0499877929688,8.809999999999999,0.004540295119182853,1.0940919214317542
SPY270319C00830000,2026-09-16 19:41:51+00:00,830.0,7.25,7.66,7.7,-1.1499996,-13.690473,105.0,5005.0,0.14493652923583983,False,REGULAR,USD,call,2027-03-19,0.5041095890410959,754.0499877929688,7.68,0.005208333333333338,1.1007227815616436
SPY270319C00835000,2026-09-16 19:49:40+00:00,835.0,6.52,6.66,6.69,-0.8000002,-10.928964,4.0,4659.0,0.1432428205871582,False,REGULAR,USD,call,2027-03-19,0.5041095890410959,754.0499877929688,6.675000000000001,0.004494382022471947,1.107353641691533
SPY270319C00840000,2026-09-16 19:59:26+00:00,840.0,5.81,5.77,5.8,-0.61000013,-9.50156,13.0,7715.0,0.14173221557617188,False,REGULAR,USD,call,2027-03-19,0.5041095890410959,754.0499877929688,5.785,0.005185825410544555,1.1139845018214225
SPY270319C00845000,2026-09-16 20:05:00+00:00,845.0,5.0,4.98,5.02,-0.40999985,-7.5785556,51.0,2833.0,0.14040471420288086,False,REGULAR,USD,call,2027-03-19,0.5041095890410959,754.0499877929688,5.0,0.00799999999999983,1.120615361951312
SPY270319C00850000,2026-09-16 19:53:23+00:00,850.0,4.25,4.3,4.33,-0.38999987,-8.4051695,335.0,5249.0,0.13916876464843753,False,REGULAR,USD,call,2027-03-19,0.5041095890410959,754.0499877929688,4.3149999999999995,0.006952491309385921,1.1272462220812014
SPY270319C00855000,2026-09-16 19:59:49+00:00,855.0,3.73,3.69,3.73,-0.23000002,-5.808081,24.0,1671.0,0.13810066009521482,False,REGULAR,USD,call,2027-03-19,0.5041095890410959,754.0499877929688,3.71,0.010781671159029659,1.1338770822110908
SPY270319C00860000,2026-09-16 19:22:29+00:00,860.0,2.79,3.17,3.2,-0.61000013,-17.941181,104.0,11444.0,0.13707833145141607,False,REGULAR,USD,call,2027-03-19,0.5041095890410959,754.0499877929688,3.185,0.00941915227629521,1.14050794234098
SPY270319C00865000,2026-09-15 13:34:18+00:00,865.0,3.24,2.72,2.75,0.0,0.0,1.0,4455.0,0.13626962371826173,False,REGULAR,USD,call,2027-03-19,0.5041095890410959,754.0499877929688,2.7350000000000003,0.010968921389396636,1.1471388024708695
SPY270319C00870000,2026-09-16 19:31:30+00:00,870.0,2.14,2.34,2.35,-0.51,-19.245283,7.0,4148.0,0.13544565734863284,False,REGULAR,USD,call,2027-03-19,0.5041095890410959,754.0499877929688,2.3449999999999998,0.004264392324093915,1.153769662600759
SPY270319C00875000,2026-09-16 19:08:41+00:00,875.0,1.88,2.0,2.01,-0.32000005,-14.545456,122.0,6769.0,0.13477427734375003,False,REGULAR,USD,call,2027-03-19,0.5041095890410959,754.0499877929688,2.005,0.0049875311720697195,1.1604005227306484
SPY270319C00880000,2026-09-16 19:18:44+00:00,880.0,1.5,1.71,1.72,-0.41999996,-21.874998,542.0,5147.0,0.1342554837036133,False,REGULAR,USD,call,2027-03-19,0.5041095890410959,754.0499877929688,1.7149999999999999,0.0058309037900874695,1.1670313828605379
SPY270319C00885000,2026-09-16 13:49:23+00:00,885.0,1.73,1.46,1.47,0.15999997,10.19108,1.0,2715.0,0.133797724609375,False,REGULAR,USD,call,2027-03-19,0.5041095890410959,754.0499877929688,1.4649999999999999,0.006825938566552908,1.1736622429904273
SPY270319C00890000,2026-09-16 20:13:19+00:00,890.0,1.25,1.25,1.26,-0.09000003,-6.7164207,8.0,2342.0,0.1334925518798828,False,REGULAR,USD,call,2027-03-19,0.5041095890410959,754.0499877929688,1.255,0.00796812749003985,1.1802931031203168
SPY270319C00895000,2026-09-16 19:12:57+00:00,895.0,0.95,1.07,1.08,-0.38000005,-28.57143,6.0,1582.0,0.13327893096923826,False,REGULAR,USD,call,2027-03-19,0.5041095890410959,754.0499877929688,1.0750000000000002,0.009302325581395356,1.186923963250206
SPY270319C00900000,2026-09-16 19:43:27+00:00,900.0,0.85,0.92,0.93,-0.109999955,-11.458328,20.0,8898.0,0.13324841369628904,False,REGULAR,USD,call,2027-03-19,0.5041095890410959,754.0499877929688,0.925,0.01081081081081082,1.1935548233800954
SPY270319C00905000,2026-09-16 13:58:56+00:00,905.0,0.94,0.79,0.8,0.07999998,9.302323,1.0,2317.0,0.1331873791503906,False,REGULAR,USD,call,2027-03-19,0.5041095890410959,754.0499877929688,0.795,0.012578616352201269,1.200185683509985
SPY270319C00910000,2026-09-14 19:09:19+00:00,910.0,0.9,0.68,0.69,0.0,0.0,28.0,2566.0,0.13324841369628904,False,REGULAR,USD,call,2027-03-19,0.5041095890410959,754.0499877929688,0.685,0.014598540145985252,1.2068165436398743
SPY270319C00915000,2026-09-16 17:48:22+00:00,915.0,0.68,0.59,0.6,0.050000012,7.9365096,1.0,590.0,0.13355358642578125,False,REGULAR,USD,call,2027-03-19,0.5041095890410959,754.0499877929688,0.595,0.016806722689075647,1.2134474037697638
SPY270319C00920000,2026-09-16 19:52:35+00:00,920.0,0.52,0.51,0.52,-0.18,-25.714287,1.0,1005.0,0.133797724609375,False,REGULAR,USD,call,2027-03-19,0.5041095890410959,754.0499877929688,0.515,0.019417475728155355,1.2200782638996532
SPY270319C00925000,2026-09-16 19:31:46+00:00,925.0,0.42,0.45,0.46,-0.15,-26.315792,22.0,555.0,0.1344080700683594,False,REGULAR,USD,call,2027-03-19,0.5041095890410959,754.0499877929688,0.455,0.021978021978021997,1.2267091240295427
SPY270319C00930000,2026-09-16 19:57:54+00:00,930.0,0.4,0.4,0.41,-0.060000002,-13.043478,4.0,426.0,0.13514048461914066,False,REGULAR,USD,call,2027-03-19,0.5041095890410959,754.0499877929688,0.405,0.024691358024691242,1.2333399841594321
SPY270319C00935000,2026-09-16 20:09:09+00:00,935.0,0.37,0.35,0.36,0.00999999,2.777775,54.0,3516.0,0.13562876098632815,False,REGULAR,USD,call,2027-03-19,0.5041095890410959,754.0499877929688,0.355,0.028169014084507067,1.2399708442893214
SPY270319C00940000,2026-09-16 19:04:15+00:00,940.0,0.3,0.32,0.33,-0.089999974,-23.076916,10.0,1749.0,0.13697152099609378,False,REGULAR,USD,call,2027-03-19,0.5041095890410959,754.0499877929688,0.325,0.030769230769230795,1.2466017044192108
SPY270319C00945000,2026-09-16 19:19:04+00:00,945.0,0.25,0.28,0.29,-0.13999999,-35.89743,5.0,145.0,0.1374597973632813,False,REGULAR,USD,call,2027-03-19,0.5041095890410959,754.0499877929688,0.28500000000000003,0.035087719298245446,1.2532325645491003
SPY270319C00950000,2026-09-16 19:53:12+00:00,950.0,0.25,0.26,0.27,0.0,0.0,11.0,6154.0,0.13892462646484377,False,REGULAR,USD,call,2027-03-19,0.5041095890410959,754.0499877929688,0.265,0.03773584905660381,1.2598634246789897
SPY270319C00955000,2026-09-16 18:32:32+00:00,955.0,0.25,0.23,0.24,-0.060000002,-19.35484,1.0,122.0,0.13953497192382813,False,REGULAR,USD,call,2027-03-19,0.5041095890410959,754.0499877929688,0.235,0.042553191489361625,1.2664942848088792
SPY270319C00960000,2026-09-11 17:30:45+00:00,960.0,0.31,0.21,0.22,0.0,0.0,2.0,537.0,0.14075566284179689,False,REGULAR,USD,call,2027-03-19,0.5041095890410959,754.0499877929688,0.215,0.046511627906976785,1.2731251449387686
SPY270319C00965000,2026-09-04 19:40:06+00:00,965.0,0.36,0.19,0.2,0.0,0.0,449.0,249.0,0.14173221557617188,False,REGULAR,USD,call,2027-03-19,0.5041095890410959,754.0499877929688,0.195,0.05128205128205133,1.279756005068658
SPY270319C00970000,2026-09-03 18:14:49+00:00,970.0,0.35,0.18,0.19,0.0,0.0,1.0,822.0,0.14344118286132812,False,REGULAR,USD,call,2027-03-19,0.5041095890410959,754.0499877929688,0.185,0.054054054054054106,1.2863868651985475
SPY270319C00975000,2026-09-10 17:33:06+00:00,975.0,0.22,0.16,0.17,0.0,0.0,11.0,159.0,0.14405152832031248,False,REGULAR,USD,call,2027-03-19,0.5041095890410959,754.0499877929688,0.165,0.060606060606060656,1.2930177253284367
SPY270319C00980000,2026-09-16 18:28:10+00:00,980.0,0.17,0.15,0.16,-0.030000001,-15.0,9.0,758.0,0.14563842651367187,False,REGULAR,USD,call,2027-03-19,0.5041095890410959,754.0499877929688,0.155,0.06451612903225812,1.2996485854583262
SPY270319C00985000,2026-09-15 14:09:58+00:00,985.0,0.15,0.14,0.15,0.0,0.0,70.0,1044.0,0.1469811865234375,False,REGULAR,USD,call,2027-03-19,0.5041095890410959,754.0499877929688,0.14500000000000002,0.06896551724137917,1.3062794455882156
SPY270319C00990000,2026-09-15 17:03:14+00:00,990.0,0.13,0.13,0.14,0.0,0.0,2.0,737.0,0.148446015625,False,REGULAR,USD,call,2027-03-19,0.5041095890410959,754.0499877929688,0.135,0.07407407407407414,1.312910305718105
SPY270319C00995000,2026-09-15 17:06:16+00:00,995.0,0.12,0.12,0.13,0.0,0.0,1.0,455.0,0.14966670654296876,False,REGULAR,USD,call,2027-03-19,0.5041095890410959,754.0499877929688,0.125,0.08000000000000007,1.3195411658479945
SPY270319C01000000,2026-09-16 18:46:31+00:00,1000.0,0.12,0.11,0.12,0.0,0.0,7.0,2956.0,0.1506432592773438,False,REGULAR,USD,call,2027-03-19,0.5041095890410959,754.0499877929688,0.11499999999999999,0.0869565217391304,1.326172025977884
SPY270319C01010000,2026-09-15 17:03:22+00:00,1010.0,0.1,0.1,0.11,0.0,0.0,2.0,957.0,0.1538170556640625,False,REGULAR,USD,call,2027-03-19,0.5041095890410959,754.0499877929688,0.10500000000000001,0.09523809523809518,1.3394337462376626
SPY270319C01020000,2026-09-10 19:38:55+00:00,1020.0,0.11,0.09,0.1,0.0,0.0,1.0,28.0,0.15699085205078128,False,REGULAR,USD,call,2027-03-19,0.5041095890410959,754.0499877929688,0.095,0.10526315789473693,1.3526954664974415
SPY270319C01030000,2026-08-19 17:08:01+00:00,1030.0,0.17,0.08,0.09,0.0,0.0,4.0,41.0,0.1596763720703125,False,REGULAR,USD,call,2027-03-19,0.5041095890410959,754.0499877929688,0.08499999999999999,0.11764705882352937,1.3659571867572204
SPY270319C01040000,2026-09-14 17:38:19+00:00,1040.0,0.09,0.07,0.08,0.0,0.0,1.0,538.0,0.16211775390625,False,REGULAR,USD,call,2027-03-19,0.5041095890410959,754.0499877929688,0.07500000000000001,0.13333333333333325,1.3792189070169993
SPY270319C01050000,2026-09-11 14:30:36+00:00,1050.0,0.09,0.06,0.07,0.0,0.0,25.0,1001.0,0.1645591357421875,False,REGULAR,USD,call,2027-03-19,0.5041095890410959,754.0499877929688,0.065,0.15384615384615397,1.392480627276778
SPY270319C01060000,2026-09-02 17:32:24+00:00,1060.0,0.09,0.05,0.07,0.0,0.0,2.0,78.0,0.16846534667968754,False,REGULAR,USD,call,2027-03-19,0.5041095890410959,754.0499877929688,0.060000000000000005,0.33333333333333337,1.405742347536557
SPY270319C01070000,2026-09-04 14:42:27+00:00,1070.0,0.08,0.05,0.06,0.0,0.0,4.0,51.0,0.17041845214843754,False,REGULAR,USD,call,2027-03-19,0.5041095890410959,754.0499877929688,0.055,0.18181818181818174,1.4190040677963358
SPY270319C01080000,2026-08-20 17:34:01+00:00,1080.0,0.08,0.04,0.06,0.0,0.0,6.0,1249.0,0.17432466308593753,False,REGULAR,USD,call,2027-03-19,0.5041095890410959,754.0499877929688,0.05,0.3999999999999999,1.4322657880561147
SPY270319C01130000,2026-08-05 15:16:47+00:00,1130.0,0.11,0.05,0.06,0.0,0.0,2.0,7502.0,0.19385571777343752,False,REGULAR,USD,call,2027-03-19,0.5041095890410959,754.0499877929688,0.055,0.18181818181818174,1.4985743893550088
SPY270319P00250000,2026-09-16 19:55:54+00:00,250.0,0.3,0.3,0.31,-0.00999999,-3.2258034,41.0,7007.0,0.6074258007812501,False,REGULAR,USD,put,2027-03-19,0.5041095890410959,754.0499877929688,0.305,0.03278688524590167,0.331543006494471
SPY270319P00255000,2026-09-16 14:26:05+00:00,255.0,0.31,0.32,0.33,-0.06999999,-18.421051,5.0,21.0,0.6010782080078126,False,REGULAR,USD,put,2027-03-19,0.5041095890410959,754.0499877929688,0.325,0.030769230769230795,0.3381738666243604
SPY270319P00260000,2026-09-16 13:52:29+00:00,260.0,0.32,0.33,0.34,0.00999999,3.2258034,10.0,617.0,0.5930216479492189,False,REGULAR,USD,put,2027-03-19,0.5041095890410959,754.0499877929688,0.335,0.02985074626865674,0.34480472675424984
SPY270319P00265000,2026-08-18 19:23:50+00:00,265.0,0.47,0.35,0.36,0.0,0.0,1.0,17.0,0.586918193359375,False,REGULAR,USD,put,2027-03-19,0.5041095890410959,754.0499877929688,0.355,0.028169014084507067,0.35143558688413923
SPY270319P00270000,2026-07-06 13:30:16+00:00,270.0,0.7,0.46,0.47,0.0,0.0,1.0,2.0,0.5952188916015625,False,REGULAR,USD,put,2027-03-19,0.5041095890410959,754.0499877929688,0.46499999999999997,0.021505376344085923,0.3580664470140287
SPY270319P00275000,2026-09-14 14:15:53+00:00,275.0,0.4,0.39,0.4,0.0,0.0,1.0,97.0,0.5742230078125,False,REGULAR,USD,put,2027-03-19,0.5041095890410959,754.0499877929688,0.395,0.025316455696202552,0.36469730714391807
SPY270319P00280000,2026-09-11 13:33:17+00:00,280.0,0.41,0.41,0.42,0.0,0.0,1.0,512.0,0.5676312768554688,False,REGULAR,USD,put,2027-03-19,0.5041095890410959,754.0499877929688,0.415,0.024096385542168697,0.3713281672738075
SPY270319P00285000,2026-09-16 18:38:56+00:00,285.0,0.43,0.44,0.45,0.02000001,4.8780513,10.0,12.0,0.5627485131835939,False,REGULAR,USD,put,2027-03-19,0.5041095890410959,754.0499877929688,0.445,0.02247191011235957,0.3779590274036969
SPY270319P00290000,2026-09-16 16:15:31+00:00,290.0,0.44,0.46,0.47,-0.060000002,-12.0,8.0,10.0,0.5561567822265626,False,REGULAR,USD,put,2027-03-19,0.5041095890410959,754.0499877929688,0.46499999999999997,0.021505376344085923,0.38458988753358636
SPY270319P00295000,2026-09-16 19:10:34+00:00,295.0,0.51,0.48,0.49,0.03999999,8.510636,7.0,243.0,0.5495650512695314,False,REGULAR,USD,put,2027-03-19,0.5041095890410959,754.0499877929688,0.485,0.020618556701030948,0.39122074766347575
SPY270319P00300000,2026-09-16 20:02:38+00:00,300.0,0.5,0.51,0.52,0.0,0.0,1.0,6999.0,0.5441940112304688,False,REGULAR,USD,put,2027-03-19,0.5041095890410959,754.0499877929688,0.515,0.019417475728155355,0.39785160779336515
SPY270319P00305000,2026-09-11 18:19:29+00:00,305.0,0.49,0.53,0.54,0.0,0.0,1.0,33.0,0.5376022802734376,False,REGULAR,USD,put,2027-03-19,0.5041095890410959,754.0499877929688,0.535,0.018691588785046745,0.4044824679232546
SPY270319P00310000,2026-09-16 20:11:10+00:00,310.0,0.56,0.56,0.57,-0.029999971,-5.084741,3.0,25.0,0.532231240234375,False,REGULAR,USD,put,2027-03-19,0.5041095890410959,754.0499877929688,0.565,0.017699115044247607,0.411113328053144
SPY270319P00315000,2026-09-02 19:29:19+00:00,315.0,0.56,0.58,0.59,0.0,0.0,3.0,127.0,0.5256395092773438,False,REGULAR,USD,put,2027-03-19,0.5041095890410959,754.0499877929688,0.585,0.01709401709401711,0.41774418818303344
SPY270319P00320000,2026-09-10 13:53:12+00:00,320.0,0.64,0.61,0.62,0.0,0.0,1.0,101.0,0.5200243310546875,False,REGULAR,USD,put,2027-03-19,0.5041095890410959,754.0499877929688,0.615,0.016260162601626032,0.42437504831292283
SPY270319P00325000,2026-09-14 13:50:37+00:00,325.0,0.62,0.64,0.65,0.0,0.0,1.0,1344.0,0.5144091528320311,False,REGULAR,USD,put,2027-03-19,0.5041095890410959,754.0499877929688,0.645,0.015503875968992262,0.4310059084428123
SPY270319P00330000,2026-09-16 20:11:42+00:00,330.0,0.67,0.67,0.68,0.02000004,3.0769293,2.0,4993.0,0.508793974609375,False,REGULAR,USD,put,2027-03-19,0.5041095890410959,754.0499877929688,0.675,0.014814814814814828,0.4376367685727017
SPY270319P00335000,2026-09-10 13:44:34+00:00,335.0,0.73,0.7,0.71,0.0,0.0,12.0,3531.0,0.503056727294922,False,REGULAR,USD,put,2027-03-19,0.5041095890410959,754.0499877929688,0.705,0.014184397163120581,0.4442676287025911
SPY270319P00340000,2026-09-16 20:12:07+00:00,340.0,0.73,0.73,0.74,0.030000031,4.285719,2.0,1568.0,0.4978077563476563,False,REGULAR,USD,put,2027-03-19,0.5041095890410959,754.0499877929688,0.735,0.01360544217687076,0.4508984888324805
SPY270319P00345000,2026-09-16 14:11:36+00:00,345.0,0.71,0.76,0.77,-0.02000004,-2.7397316,1.0,1821.0,0.4919484399414063,False,REGULAR,USD,put,2027-03-19,0.5041095890410959,754.0499877929688,0.765,0.013071895424836612,0.45752934896236996
SPY270319P00350000,2026-09-14 19:26:43+00:00,350.0,0.76,0.79,0.8,0.0,0.0,101.0,2561.0,0.48608912353515626,False,REGULAR,USD,put,2027-03-19,0.5041095890410959,754.0499877929688,0.795,0.012578616352201269,0.46416020909225936
SPY270319P00355000,2026-09-11 18:18:52+00:00,355.0,0.76,0.83,0.84,0.0,0.0,1.0,143.0,0.4810842907714844,False,REGULAR,USD,put,2027-03-19,0.5041095890410959,754.0499877929688,0.835,0.011976047904191628,0.4707910692221488
SPY270319P00360000,2026-09-15 13:34:22+00:00,360.0,0.85,0.86,0.87,0.0,0.0,1.0,269.0,0.47522497436523436,False,REGULAR,USD,put,2027-03-19,0.5041095890410959,754.0499877929688,0.865,0.011560693641618507,0.4774219293520382
SPY270319P00365000,2026-09-11 17:56:50+00:00,365.0,0.83,0.9,0.91,0.0,0.0,1.0,477.0,0.4699760034179688,False,REGULAR,USD,put,2027-03-19,0.5041095890410959,754.0499877929688,0.905,0.011049723756906087,0.48405278948192765
SPY270319P00370000,2026-09-16 18:54:19+00:00,370.0,0.93,0.94,0.95,0.00999999,1.0869554,24.0,343.0,0.46484910156250003,False,REGULAR,USD,put,2027-03-19,0.5041095890410959,754.0499877929688,0.945,0.010582010582010592,0.49068364961181704
SPY270319P00375000,2026-09-14 15:51:15+00:00,375.0,0.93,0.97,0.98,0.0,0.0,20.0,636.0,0.4588677160644532,False,REGULAR,USD,put,2027-03-19,0.5041095890410959,754.0499877929688,0.975,0.010256410256410265,0.4973145097417065
SPY270319P00380000,2026-09-16 18:37:17+00:00,380.0,1.08,1.01,1.02,0.08000004,8.000004,7.0,294.0,0.4534966760253906,False,REGULAR,USD,put,2027-03-19,0.5041095890410959,754.0499877929688,1.0150000000000001,0.00985221674876848,0.5039453698715959
SPY270319P00385000,2026-09-16 19:30:27+00:00,385.0,1.1,1.06,1.07,0.08000004,7.843141,7.0,5333.0,0.44873598144531246,False,REGULAR,USD,put,2027-03-19,0.5041095890410959,754.0499877929688,1.065,0.009389671361502356,0.5105762300014853
SPY270319P00390000,2026-09-14 19:55:00+00:00,390.0,1.06,1.1,1.11,0.0,0.0,4.0,1070.0,0.44336494140625,False,REGULAR,USD,put,2027-03-19,0.5041095890410959,754.0499877929688,1.105,0.009049773755656116,0.5172070901313748
SPY270319P00395000,2026-09-14 18:04:15+00:00,395.0,1.08,1.14,1.15,0.0,0.0,25.0,96.0,0.4379939013671875,False,REGULAR,USD,put,2027-03-19,0.5041095890410959,754.0499877929688,1.145,0.00873362445414848,0.5238379502612641
SPY270319P00400000,2026-09-15 17:05:42+00:00,400.0,1.16,1.19,1.2,0.0,0.0,65.0,16440.0,0.4329890686035156,False,REGULAR,USD,put,2027-03-19,0.5041095890410959,754.0499877929688,1.1949999999999998,0.008368200836820092,0.5304688103911536
SPY270319P00405000,2026-09-10 18:33:55+00:00,405.0,1.28,1.24,1.25,0.0,0.0,1.0,264.0,0.4279842358398438,False,REGULAR,USD,put,2027-03-19,0.5041095890410959,754.0499877929688,1.245,0.008032128514056231,0.537099670521043
SPY270319P00410000,2026-09-16 13:50:43+00:00,410.0,1.21,1.29,1.3,-0.029999971,-2.4193525,4.0,409.0,0.4229794030761719,False,REGULAR,USD,put,2027-03-19,0.5041095890410959,754.0499877929688,1.295,0.007722007722007729,0.5437305306509324
SPY270319P00415000,2026-08-28 19:07:02+00:00,415.0,1.33,1.34,1.35,0.0,0.0,10.0,173.0,0.4179135357666015,False,REGULAR,USD,put,2027-03-19,0.5041095890410959,754.0499877929688,1.3450000000000002,0.007434944237918221,0.5503613907808218
SPY270319P00420000,2026-09-15 14:16:05+00:00,420.0,1.36,1.39,1.4,0.0,0.0,2.0,839.0,0.4127866339111328,False,REGULAR,USD,put,2027-03-19,0.5041095890410959,754.0499877929688,1.395,0.007168458781362013,0.5569922509107113
SPY270319P00425000,2026-09-11 19:56:51+00:00,425.0,1.34,1.44,1.45,0.0,0.0,15.0,805.0,0.40759869750976563,False,REGULAR,USD,put,2027-03-19,0.5041095890410959,754.0499877929688,1.4449999999999998,0.006920415224913502,0.5636231110406007
SPY270319P00430000,2026-09-16 19:26:27+00:00,430.0,1.6,1.5,1.51,0.13999999,9.58904,5.0,604.0,0.4028380029296875,False,REGULAR,USD,put,2027-03-19,0.5041095890410959,754.0499877929688,1.505,0.006644518272425255,0.57025397117049
SPY270319P00435000,2026-09-04 19:26:23+00:00,435.0,1.38,1.56,1.57,0.0,0.0,2.0,582.0,0.3979552392578125,False,REGULAR,USD,put,2027-03-19,0.5041095890410959,754.0499877929688,1.565,0.006389776357827482,0.5768848313003795
SPY270319P00440000,2026-09-16 19:45:05+00:00,440.0,1.66,1.62,1.63,-0.01999998,-1.1904751,10.0,266.0,0.3930724755859375,False,REGULAR,USD,put,2027-03-19,0.5041095890410959,754.0499877929688,1.625,0.006153846153846023,0.5835156914302689
SPY270319P00445000,2026-09-16 19:42:26+00:00,445.0,1.72,1.68,1.69,0.07000005,4.2424273,1.0,541.0,0.3881897119140625,False,REGULAR,USD,put,2027-03-19,0.5041095890410959,754.0499877929688,1.685,0.005934718100890213,0.5901465515601584
SPY270319P00450000,2026-09-16 19:58:49+00:00,450.0,1.75,1.75,1.76,0.03999996,2.339179,99.0,1903.0,0.38355108642578123,False,REGULAR,USD,put,2027-03-19,0.5041095890410959,754.0499877929688,1.755,0.0056980056980057035,0.5967774116900477
SPY270319P00455000,2026-09-16 19:52:19+00:00,455.0,1.82,1.81,1.82,0.04000008,2.2471955,71.0,1583.0,0.3784852191162109,False,REGULAR,USD,put,2027-03-19,0.5041095890410959,754.0499877929688,1.815,0.005509641873278242,0.6034082718199372
SPY270319P00460000,2026-09-16 17:48:13+00:00,460.0,1.79,1.88,1.89,-0.05000007,-2.717395,6.0,1359.0,0.3737855590820312,False,REGULAR,USD,put,2027-03-19,0.5041095890410959,754.0499877929688,1.8849999999999998,0.005305039787798413,0.6100391319498266
SPY270319P00465000,2026-09-10 19:48:57+00:00,465.0,2.03,1.95,1.96,0.0,0.0,1.0,593.0,0.3689638299560547,False,REGULAR,USD,put,2027-03-19,0.5041095890410959,754.0499877929688,1.955,0.005115089514066501,0.6166699920797161
SPY270319P00470000,2026-09-10 19:19:05+00:00,470.0,2.1,2.03,2.04,0.0,0.0,1.0,1769.0,0.3644472735595704,False,REGULAR,USD,put,2027-03-19,0.5041095890410959,754.0499877929688,2.035,0.0049140049140050275,0.6233008522096054
SPY270319P00475000,2026-09-16 14:40:48+00:00,475.0,2.0,2.1,2.11,-0.03999996,-1.9607825,2.0,737.0,0.35950347534179683,False,REGULAR,USD,put,2027-03-19,0.5041095890410959,754.0499877929688,2.105,0.004750593824227927,0.6299317123394949
SPY270319P00480000,2026-09-16 17:51:15+00:00,480.0,2.09,2.18,2.19,0.01999998,0.9661827,1.0,2453.0,0.3548648498535155,False,REGULAR,USD,put,2027-03-19,0.5041095890410959,754.0499877929688,2.185,0.004576659038901504,0.6365625724693843
SPY270319P00485000,2026-09-16 17:51:15+00:00,485.0,2.16,2.27,2.28,-0.049999952,-2.2624412,1.0,915.0,0.3504398452758788,False,REGULAR,USD,put,2027-03-19,0.5041095890410959,754.0499877929688,2.275,0.004395604395604302,0.6431934325992738
SPY270319P00490000,2026-09-16 20:10:32+00:00,490.0,2.36,2.35,2.37,0.00999999,0.42553154,4.0,1121.0,0.3459538061523437,False,REGULAR,USD,put,2027-03-19,0.5041095890410959,754.0499877929688,2.3600000000000003,0.008474576271186448,0.6498242927291631
SPY270319P00495000,2026-09-15 17:56:31+00:00,495.0,2.37,2.44,2.45,0.0,0.0,1.0,2200.0,0.34107104248046877,False,REGULAR,USD,put,2027-03-19,0.5041095890410959,754.0499877929688,2.4450000000000003,0.0040899795501023435,0.6564551528590525
SPY270319P00500000,2026-09-16 19:36:08+00:00,500.0,2.59,2.54,2.55,0.109999895,4.4354796,88.0,8267.0,0.33667655517578127,False,REGULAR,USD,put,2027-03-19,0.5041095890410959,754.0499877929688,2.545,0.003929273084479288,0.663086012988942
SPY270319P00505000,2026-09-11 17:36:52+00:00,505.0,2.42,2.64,2.65,0.0,0.0,1.0,978.0,0.33222103332519537,False,REGULAR,USD,put,2027-03-19,0.5041095890410959,754.0499877929688,2.645,0.0037807183364838514,0.6697168731188313
SPY270319P00510000,2026-09-16 18:52:17+00:00,510.0,2.67,2.74,2.75,-0.07999992,-2.9090881,11.0,2768.0,0.32770447692871096,False,REGULAR,USD,put,2027-03-19,0.5041095890410959,754.0499877929688,2.745,0.003642987249544549,0.6763477332487208
SPY270319P00515000,2026-09-11 17:36:57+00:00,515.0,2.61,2.85,2.86,0.0,0.0,1.0,1669.0,0.32330998962402335,False,REGULAR,USD,put,2027-03-19,0.5041095890410959,754.0499877929688,2.855,0.003502626970227596,0.6829785933786102
SPY270319P00520000,2026-09-16 19:34:54+00:00,520.0,3.02,2.96,2.97,0.30999994,11.439112,5.0,1559.0,0.3188544677734374,False,REGULAR,USD,put,2027-03-19,0.5041095890410959,754.0499877929688,2.965,0.003372681281618965,0.6896094535084997
SPY270319P00525000,2026-09-16 18:07:31+00:00,525.0,2.86,3.08,3.09,-0.05000019,-1.7182195,1.0,1943.0,0.3145515322875976,False,REGULAR,USD,put,2027-03-19,0.5041095890410959,754.0499877929688,3.085,0.0032414910858994447,0.696240313638389
SPY270319P00530000,2026-09-16 19:24:56+00:00,530.0,3.4,3.2,3.21,0.4000001,13.333336,12.0,3047.0,0.31012652770996096,False,REGULAR,USD,put,2027-03-19,0.5041095890410959,754.0499877929688,3.205,0.003120124804992133,0.7028711737682785
SPY270319P00535000,2026-09-16 20:12:56+00:00,535.0,3.32,3.33,3.34,0.26,8.496732,80.0,8076.0,0.30585410949707037,False,REGULAR,USD,put,2027-03-19,0.5041095890410959,754.0499877929688,3.335,0.0029985007496251236,0.7095020338981679
SPY270319P00540000,2026-09-16 19:13:37+00:00,540.0,3.62,3.47,3.48,0.19999981,5.8479476,14.0,2165.0,0.3016427258300781,False,REGULAR,USD,put,2027-03-19,0.5041095890410959,754.0499877929688,3.475,0.002877697841726557,0.7161328940280574
SPY270319P00545000,2026-09-16 19:59:00+00:00,545.0,3.6,3.61,3.62,0.19999981,5.882347,6.0,1587.0,0.2973703076171874,False,REGULAR,USD,put,2027-03-19,0.5041095890410959,754.0499877929688,3.615,0.0027662517289073945,0.7227637541579467
SPY270319P00550000,2026-09-16 19:11:50+00:00,550.0,3.91,3.76,3.77,0.2900002,8.011055,61.0,3076.0,0.29315892395019527,False,REGULAR,USD,put,2027-03-19,0.5041095890410959,754.0499877929688,3.7649999999999997,0.0026560424966800083,0.7293946142878361
SPY270319P00555000,2026-09-16 19:15:50+00:00,555.0,4.1,3.92,3.93,0.23000002,5.943153,1.0,4301.0,0.28900857482910147,False,REGULAR,USD,put,2027-03-19,0.5041095890410959,754.0499877929688,3.925,0.0025477707006370015,0.7360254744177256
SPY270319P00560000,2026-09-16 14:24:41+00:00,560.0,3.86,4.08,4.09,0.13999987,3.7634373,1.0,4507.0,0.2847666738891601,False,REGULAR,USD,put,2027-03-19,0.5041095890410959,754.0499877929688,4.085,0.0024479804161566185,0.742656334547615
SPY270319P00565000,2026-09-14 19:07:43+00:00,565.0,3.94,4.26,4.27,0.0,0.0,6.0,2102.0,0.2807383938598632,False,REGULAR,USD,put,2027-03-19,0.5041095890410959,754.0499877929688,4.265,0.002344665885111322,0.7492871946775044
SPY270319P00570000,2026-09-16 19:42:05+00:00,570.0,4.57,4.45,4.46,0.25,5.787037,19.0,1951.0,0.27674063110351554,False,REGULAR,USD,put,2027-03-19,0.5041095890410959,754.0499877929688,4.455,0.00224466891133553,0.7559180548073938
SPY270319P00575000,2026-09-16 19:47:34+00:00,575.0,4.69,4.64,4.65,0.3800001,8.816709,4.0,2915.0,0.2726207992553711,False,REGULAR,USD,put,2027-03-19,0.5041095890410959,754.0499877929688,4.645,0.002152852529601868,0.7625489149372833
SPY270319P00580000,2026-09-16 18:40:28+00:00,580.0,4.65,4.85,4.86,0.26000023,5.922557,3.0,3500.0,0.26866881240844726,False,REGULAR,USD,put,2027-03-19,0.5041095890410959,754.0499877929688,4.855,0.0020597322348096135,0.7691797750671727
SPY270319P00585000,2026-09-16 19:52:27+00:00,585.0,5.06,5.06,5.08,0.19999981,4.1152225,1.0,7252.0,0.26471682556152343,False,REGULAR,USD,put,2027-03-19,0.5041095890410959,754.0499877929688,5.07,0.003944773175542498,0.7758106351970621
SPY270319P00590000,2026-09-14 14:07:19+00:00,590.0,5.08,5.29,5.3,0.0,0.0,1.0,1970.0,0.2606275109863281,False,REGULAR,USD,put,2027-03-19,0.5041095890410959,754.0499877929688,5.295,0.0018885741265344262,0.7824414953269515
SPY270319P00595000,2026-09-16 19:34:54+00:00,595.0,5.66,5.53,5.54,0.5499997,10.763203,165.0,2461.0,0.25669078277587887,False,REGULAR,USD,put,2027-03-19,0.5041095890410959,754.0499877929688,5.535,0.0018066847335139634,0.789072355456841
SPY270319P00600000,2026-09-16 19:52:05+00:00,600.0,5.81,5.78,5.82,0.23000002,4.1218643,83.0,5321.0,0.2530592272949219,False,REGULAR,USD,put,2027-03-19,0.5041095890410959,754.0499877929688,5.800000000000001,0.006896551724137936,0.7957032155867303
SPY270319P00605000,2026-09-16 20:02:50+00:00,605.0,6.04,6.05,6.06,0.15999985,2.7210858,25.0,4123.0,0.2488325849914551,False,REGULAR,USD,put,2027-03-19,0.5041095890410959,754.0499877929688,6.055,0.0016515276630883215,0.8023340757166197
SPY270319P00610000,2026-09-16 15:25:48+00:00,610.0,5.81,6.33,6.36,-0.1500001,-2.5167801,1.0,2353.0,0.245124736328125,False,REGULAR,USD,put,2027-03-19,0.5041095890410959,754.0499877929688,6.345000000000001,0.004728132387706895,0.8089649358465092
SPY270319P00615000,2026-09-16 19:20:06+00:00,615.0,7.03,6.63,6.65,0.6700001,10.534593,10.0,3203.0,0.24115749084472654,False,REGULAR,USD,put,2027-03-19,0.5041095890410959,754.0499877929688,6.640000000000001,0.0030120481927711534,0.8155957959763986
SPY270319P00620000,2026-09-16 19:31:27+00:00,620.0,7.27,6.95,6.96,0.94000006,14.849922,8.0,4858.0,0.23725127990722655,False,REGULAR,USD,put,2027-03-19,0.5041095890410959,754.0499877929688,6.955,0.0014378145219266407,0.822226656106288
SPY270319P00625000,2026-09-16 20:04:00+00:00,625.0,7.25,7.29,7.33,0.1500001,2.1126773,10.0,5382.0,0.233757052154541,False,REGULAR,USD,put,2027-03-19,0.5041095890410959,754.0499877929688,7.3100000000000005,0.0054719562243502095,0.8288575162361774
SPY270319P00630000,2026-09-16 19:16:41+00:00,630.0,8.04,7.64,7.69,0.6700001,9.09091,6.0,3178.0,0.2299881689453125,False,REGULAR,USD,put,2027-03-19,0.5041095890410959,754.0499877929688,7.665,0.006523157208088807,0.8354883763660669
SPY270319P00635000,2026-09-16 18:55:14+00:00,635.0,8.01,8.02,8.04,0.71000004,9.7260275,2.0,6945.0,0.22594463027954104,False,REGULAR,USD,put,2027-03-19,0.5041095890410959,754.0499877929688,8.03,0.0024906600249065473,0.8421192364959563
SPY270319P00640000,2026-09-16 19:34:54+00:00,640.0,8.64,8.42,8.44,0.5,6.1425056,35.0,7512.0,0.22217574707031246,False,REGULAR,USD,put,2027-03-19,0.5041095890410959,754.0499877929688,8.43,0.0023724792408065924,0.8487500966258457
SPY270319P00645000,2026-09-16 19:07:56+00:00,645.0,8.88,8.84,8.86,0.3199997,3.738314,6.0,5166.0,0.21839160522460935,False,REGULAR,USD,put,2027-03-19,0.5041095890410959,754.0499877929688,8.85,0.0022598870056496695,0.8553809567557351
SPY270319P00650000,2026-09-16 19:58:20+00:00,650.0,9.27,9.29,9.31,0.3000002,3.3444836,639.0,7330.0,0.21465323928833008,False,REGULAR,USD,put,2027-03-19,0.5041095890410959,754.0499877929688,9.3,0.002150537634408747,0.8620118168856246
SPY270319P00655000,2026-09-16 19:33:42+00:00,655.0,10.15,9.76,9.78,0.72999954,7.7494645,8.0,2441.0,0.21086909744262694,False,REGULAR,USD,put,2027-03-19,0.5041095890410959,754.0499877929688,9.77,0.002047082906857684,0.868642677015514
SPY270319P00660000,2026-09-16 18:54:18+00:00,660.0,10.91,10.26,10.29,1.1199999,11.440244,31.0,4406.0,0.20717650741577143,False,REGULAR,USD,put,2027-03-19,0.5041095890410959,754.0499877929688,10.274999999999999,0.0029197080291970185,0.8752735371454033
SPY270319P00665000,2026-09-16 20:05:50+00:00,665.0,10.8,10.79,10.82,0.39000034,3.746401,254.0,4813.0,0.20340762420654296,False,REGULAR,USD,put,2027-03-19,0.5041095890410959,754.0499877929688,10.805,0.0027764923646461026,0.8819043972752928
SPY270319P00670000,2026-09-16 19:31:32+00:00,670.0,11.83,11.36,11.38,0.8800001,8.036531,38.0,3351.0,0.19962348236083982,False,REGULAR,USD,put,2027-03-19,0.5041095890410959,754.0499877929688,11.370000000000001,0.0017590149516272073,0.8885352574051822
SPY270319P00675000,2026-09-16 20:01:19+00:00,675.0,11.91,11.96,12.01,0.3199997,2.7609982,12.0,2513.0,0.1960834786987305,False,REGULAR,USD,put,2027-03-19,0.5041095890410959,754.0499877929688,11.985,0.004171881518564784,0.8951661175350717
SPY270319P00680000,2026-09-16 20:13:14+00:00,680.0,12.66,12.6,12.62,0.5,4.111842,22.0,3388.0,0.19214675048828128,False,REGULAR,USD,put,2027-03-19,0.5041095890410959,754.0499877929688,12.61,0.0015860428231561914,0.901796977664961
SPY270319P00685000,2026-09-16 19:41:51+00:00,685.0,13.64,13.27,13.34,0.8500004,6.64582,16.0,3992.0,0.1886754106903076,False,REGULAR,USD,put,2027-03-19,0.5041095890410959,754.0499877929688,13.305,0.005261180007515993,0.9084278377948505
SPY270319P00690000,2026-09-16 19:57:10+00:00,690.0,13.95,13.98,14.01,0.47999954,3.5634708,8977.0,15340.0,0.18460898406982418,False,REGULAR,USD,put,2027-03-19,0.5041095890410959,754.0499877929688,13.995000000000001,0.0021436227224008115,0.9150586979247399
SPY270319P00695000,2026-09-16 19:20:07+00:00,695.0,15.51,14.76,14.81,1.3100004,9.225355,1.0,2101.0,0.1810460924530029,False,REGULAR,USD,put,2027-03-19,0.5041095890410959,754.0499877929688,14.785,0.0033818058843422868,0.9216895580546293
SPY270319P00700000,2026-09-16 20:07:51+00:00,700.0,15.6,15.57,15.63,0.8299999,5.6194983,1373.0,64490.0,0.17730009719848633,False,REGULAR,USD,put,2027-03-19,0.5041095890410959,754.0499877929688,15.600000000000001,0.0038461538461538776,0.9283204181845187
SPY270319P00705000,2026-09-16 19:21:51+00:00,705.0,17.48,16.42,16.49,1.6799994,10.632908,19.0,3674.0,0.17347017944335938,False,REGULAR,USD,put,2027-03-19,0.5041095890410959,754.0499877929688,16.455,0.004254026131874612,0.9349512783144082
SPY270319P00710000,2026-09-16 19:44:14+00:00,710.0,17.83,17.34,17.45,1.1100006,6.63876,702.0,9207.0,0.16985388259887696,False,REGULAR,USD,put,2027-03-19,0.5041095890410959,754.0499877929688,17.395,0.006323656223052569,0.9415821384442976
SPY270319P00715000,2026-09-16 19:53:51+00:00,715.0,18.39,18.32,18.42,0.72999954,4.1336327,933.0,8123.0,0.16594767166137697,False,REGULAR,USD,put,2027-03-19,0.5041095890410959,754.0499877929688,18.37,0.005443658138268994,0.948212998574187
SPY270319P00720000,2026-09-16 19:53:34+00:00,720.0,19.37,19.37,19.49,0.69000053,3.693793,106.0,4763.0,0.16220930572509767,False,REGULAR,USD,put,2027-03-19,0.5041095890410959,754.0499877929688,19.43,0.00617601646937712,0.9548438587040764
SPY270319P00725000,2026-09-16 19:50:52+00:00,725.0,20.67,20.49,20.62,0.90999985,4.6052623,409.0,4448.0,0.1583793879699707,False,REGULAR,USD,put,2027-03-19,0.5041095890410959,754.0499877929688,20.555,0.006324495256628682,0.9614747188339658
SPY270319P00730000,2026-09-16 19:48:11+00:00,730.0,22.04,21.69,21.83,1.3000011,6.268087,2322.0,3587.0,0.15454184089660647,False,REGULAR,USD,put,2027-03-19,0.5041095890410959,754.0499877929688,21.759999999999998,0.006433823529411628,0.9681055789638553
SPY270319P00735000,2026-09-16 19:58:43+00:00,735.0,23.06,22.98,23.12,1.0900002,4.961312,142.0,3793.0,0.1506585179138184,False,REGULAR,USD,put,2027-03-19,0.5041095890410959,754.0499877929688,23.05,0.00607375271149677,0.9747364390937446
SPY270319P00740000,2026-09-16 19:46:03+00:00,740.0,24.88,24.36,24.51,1.3999996,5.96252,2808.0,4058.0,0.1467980828857422,False,REGULAR,USD,put,2027-03-19,0.5041095890410959,754.0499877929688,24.435000000000002,0.006138735420503463,0.9813672992236341
SPY270319P00745000,2026-09-16 19:35:16+00:00,745.0,26.59,25.86,26.01,1.6200008,6.487789,282.0,3233.0,0.14296053581237794,False,REGULAR,USD,put,2027-03-19,0.5041095890410959,754.0499877929688,25.935000000000002,0.005783689994216391,0.9879981593535235
SPY270319P00750000,2026-09-16 20:09:08+00:00,750.0,27.47,27.45,27.63,1.3099995,5.0076427,609.0,11585.0,0.1391535060119629,False,REGULAR,USD,put,2027-03-19,0.5041095890410959,754.0499877929688,27.54,0.0065359477124182904,0.994629019483413
SPY270319P00755000,2026-09-16 20:02:49+00:00,755.0,29.19,29.2,29.25,1.0799999,3.8420486,186.0,3309.0,0.13477427734375003,True,REGULAR,USD,put,2027-03-19,0.5041095890410959,754.0499877929688,29.225,0.0017108639863131123,1.0012598796133023
SPY270319P00760000,2026-09-16 20:03:56+00:00,760.0,30.95,31.05,31.24,1.0799999,3.6156676,380.0,1908.0,0.13149367050170896,True,REGULAR,USD,put,2027-03-19,0.5041095890410959,754.0499877929688,31.145,0.006100497672178447,1.0078907397431918
SPY270319P00765000,2026-09-16 19:24:09+00:00,765.0,35.2,33.06,33.26,3.7200012,11.817031,150.0,2215.0,0.12768664070129396,True,REGULAR,USD,put,2027-03-19,0.5041095890410959,754.0499877929688,33.16,0.006031363088057773,1.0145215998730812
SPY270319P00770000,2026-09-16 19:29:07+00:00,770.0,37.2,35.23,35.4,3.1599998,9.283196,201.0,5210.0,0.12371176589965821,True,REGULAR,USD,put,2027-03-19,0.5041095890410959,754.0499877929688,35.315,0.0048138184907263685,1.0211524600029707
SPY270319P00775000,2026-09-16 19:11:48+00:00,775.0,38.76,37.56,37.81,2.6599998,7.3684216,17.0,1215.0,0.12024805541992187,True,REGULAR,USD,put,2027-03-19,0.5041095890410959,754.0499877929688,37.685,0.006633939233116624,1.0277833201328601
SPY270319P00780000,2026-09-15 19:55:42+00:00,780.0,38.5,40.04,40.33,0.0,0.0,20.0,2629.0,0.11645628425598145,True,REGULAR,USD,put,2027-03-19,0.5041095890410959,754.0499877929688,40.185,0.007216623118078864,1.0344141802627496
SPY270319P00785000,2026-09-16 19:11:54+00:00,785.0,42.97,42.58,43.91,2.0699997,5.061124,2.0,676.0,0.117196328125,True,REGULAR,USD,put,2027-03-19,0.5041095890410959,754.0499877929688,43.245,0.030755000578101477,1.0410450403926388
SPY270319P00790000,2026-09-11 13:51:51+00:00,790.0,39.85,43.79,47.63,0.0,0.0,1.0,1126.0,0.11802029449462889,True,REGULAR,USD,put,2027-03-19,0.5041095890410959,754.0499877929688,45.71,0.08400787573835054,1.0476759005225282
SPY270319P00795000,2026-09-11 13:46:19+00:00,795.0,42.32,47.68,50.52,0.0,0.0,1.0,763.0,0.11355714332580566,True,REGULAR,USD,put,2027-03-19,0.5041095890410959,754.0499877929688,49.1,0.05784114052953163,1.0543067606524177
SPY270319P00800000,2026-09-16 19:10:23+00:00,800.0,53.0,50.81,54.1,7.75,17.127071,1.0,239.0,0.11199313308715819,True,REGULAR,USD,put,2027-03-19,0.5041095890410959,754.0499877929688,52.455,0.06272042703269468,1.0609376207823071
SPY270319P00805000,2026-09-11 13:37:44+00:00,805.0,48.18,54.6,57.71,0.0,0.0,3.0,515.0,0.10967382034301759,True,REGULAR,USD,put,2027-03-19,0.5041095890410959,754.0499877929688,56.155,0.05538242364882912,1.0675684809121966
SPY270319P00810000,2026-09-15 19:37:36+00:00,810.0,57.53,58.25,61.57,0.0,0.0,1.0,39.0,0.10798011169433594,True,REGULAR,USD,put,2027-03-19,0.5041095890410959,754.0499877929688,59.91,0.055416458020363886,1.074199341042086
SPY270319P00815000,2026-09-11 13:47:54+00:00,815.0,55.53,61.91,65.69,0.0,0.0,54.0,36.0,0.10723243850708009,True,REGULAR,USD,put,2027-03-19,0.5041095890410959,754.0499877929688,63.8,0.05924764890282134,1.0808302011719755
SPY270319P00820000,2026-09-11 17:50:56+00:00,820.0,58.28,66.73,70.06,0.0,0.0,11.0,67.0,0.10764442169189453,True,REGULAR,USD,put,2027-03-19,0.5041095890410959,754.0499877929688,68.39500000000001,0.04868776957379922,1.0874610613018647
SPY270319P00825000,2026-09-16 19:39:03+00:00,825.0,75.0,71.14,74.68,4.9800034,7.112259,2.0,16.0,0.10959752716064453,True,REGULAR,USD,put,2027-03-19,0.5041095890410959,754.0499877929688,72.91,0.04855301056096566,1.0940919214317542
SPY270319P00830000,2026-09-16 19:49:20+00:00,830.0,78.12,75.65,79.19,13.300003,20.518362,2.0,4.0,0.11011632080078124,True,REGULAR,USD,put,2027-03-19,0.5041095890410959,754.0499877929688,77.42,0.04572461896150855,1.1007227815616436
SPY270319P00835000,2026-09-16 19:39:16+00:00,835.0,84.47,80.54,84.35,14.389999,20.533676,11.0,5.0,0.11649443084716798,True,REGULAR,USD,put,2027-03-19,0.5041095890410959,754.0499877929688,82.445,0.046212626599551075,1.107353641691533
SPY270319P00840000,2026-09-14 15:44:59+00:00,840.0,79.55,85.49,89.3,0.0,0.0,1.0,2.0,0.12078210769653322,True,REGULAR,USD,put,2027-03-19,0.5041095890410959,754.0499877929688,87.395,0.04359517134847534,1.1139845018214225
SPY270319P00845000,2026-08-18 16:00:03+00:00,845.0,77.95,90.48,94.29,0.0,0.0,2.0,1.0,0.12537495727539064,True,REGULAR,USD,put,2027-03-19,0.5041095890410959,754.0499877929688,92.385,0.0412404611138172,1.120615361951312
SPY270319P00850000,2026-08-20 17:09:44+00:00,850.0,85.0,95.45,99.5,0.0,0.0,5.0,9.0,0.132119274597168,True,REGULAR,USD,put,2027-03-19,0.5041095890410959,754.0499877929688,97.475,0.04154911515773273,1.1272462220812014
SPY270319P00860000,2026-09-08 14:09:55+00:00,860.0,94.4,105.45,109.5,0.0,0.0,1.0,1.0,0.14125919784545898,True,REGULAR,USD,put,2027-03-19,0.5041095890410959,754.0499877929688,107.475,0.0376831821353803,1.14050794234098
SPY270319P00865000,2026-09-08 19:59:23+00:00,865.0,100.3,110.44,114.49,0.0,0.0,3.0,4.0,0.14562316787719726,True,REGULAR,USD,put,2027-03-19,0.5041095890410959,754.0499877929688,112.465,0.0360112034855288,1.1471388024708695
SPY270319P00875000,2026-09-01 13:49:42+00:00,875.0,113.14,120.46,124.49,0.0,0.0,1.0,1.0,0.15436636657714847,True,REGULAR,USD,put,2027-03-19,0.5041095890410959,754.0499877929688,122.475,0.03290467442335172,1.1604005227306484
SPY270319P00885000,2026-07-14 19:29:39+00:00,885.0,132.76,119.61,123.07,0.0,0.0,1.0,0.0,1.0000000000000003e-05,True,REGULAR,USD,put,2027-03-19,0.5041095890410959,754.0499877929688,121.34,0.028514916762815177,1.1736622429904273
SPY270319P00900000,2026-08-17 19:13:38+00:00,900.0,127.0,145.52,149.48,0.0,0.0,4.0,4.0,0.17520966400146482,True,REGULAR,USD,put,2027-03-19,0.5041095890410959,754.0499877929688,147.5,0.026847457627118505,1.1935548233800954
SPY270319P00905000,2026-09-01 13:50:36+00:00,905.0,142.94,150.53,154.47,0.0,0.0,1.0,1.0,0.17914639221191403,True,REGULAR,USD,put,2027-03-19,0.5041095890410959,754.0499877929688,152.5,0.025836065573770477,1.200185683509985
SPY270319P00910000,2026-07-20 19:53:41+00:00,910.0,167.61,144.61,148.07,0.0,0.0,1.0,0.0,1.0000000000000003e-05,True,REGULAR,USD,put,2027-03-19,0.5041095890410959,754.0499877929688,146.34,0.023643569769030884,1.2068165436398743
SPY270319P00915000,2026-06-26 19:59:56+00:00,915.0,185.0,149.61,153.07,0.0,0.0,1.0,0.0,1.0000000000000003e-05,True,REGULAR,USD,put,2027-03-19,0.5041095890410959,754.0499877929688,151.34,0.02286242896788674,1.2134474037697638
SPY270319P01000000,2026-07-16 15:00:04+00:00,1000.0,245.8,234.61,238.07,0.0,0.0,1.0,0.0,1.0000000000000003e-05,True,REGULAR,USD,put,2027-03-19,0.5041095890410959,754.0499877929688,236.34,0.014639925531014553,1.326172025977884
SPY270617C00050000,2026-06-24 19:07:43+00:00,50.0,681.91,711.5,716.0,0.0,0.0,6.0,5.0,2.2215620632934567,True,REGULAR,USD,call,2027-06-17,0.7506849315068493,754.0499877929688,713.75,0.006304728546409807,0.0663086012988942
SPY270617C00060000,2026-08-19 18:22:12+00:00,60.0,709.46,691.99,696.18,0.0,0.0,5.0,5.0,0.914063359375,True,REGULAR,USD,call,2027-06-17,0.7506849315068493,754.0499877929688,694.085,0.006036724608657356,0.07957032155867304
SPY270617C00085000,2026-06-25 13:56:17+00:00,85.0,647.0,676.5,681.41,0.0,0.0,1.0,1.0,1.723206950378418,True,REGULAR,USD,call,2027-06-17,0.7506849315068493,754.0499877929688,678.9549999999999,0.007231701659167351,0.11272462220812013
SPY270617C00110000,2026-06-25 13:57:10+00:00,110.0,622.0,651.5,656.49,0.0,0.0,1.0,1.0,1.503603556213379,True,REGULAR,USD,call,2027-06-17,0.7506849315068493,754.0499877929688,653.995,0.007630027752505767,0.14587892285756723
SPY270617C00195000,2026-07-10 13:40:17+00:00,195.0,561.26,568.54,573.5,0.0,0.0,100.0,100.0,1.1023909626770023,True,REGULAR,USD,call,2027-06-17,0.7506849315068493,754.0499877929688,571.02,0.0086862106406081,0.2586035450656874
SPY270617C00200000,2026-09-16 13:46:10+00:00,200.0,561.57,554.49,558.49,15.590027,2.855421,34.0,125.0,0.7841818457031251,True,REGULAR,USD,call,2027-06-17,0.7506849315068493,754.0499877929688,556.49,0.007187909935488508,0.2652344051955768
SPY270617C00205000,2026-09-01 13:30:01+00:00,205.0,560.0,549.68,553.5,0.0,0.0,1.0,2.0,0.7753928710937501,True,REGULAR,USD,call,2027-06-17,0.7506849315068493,754.0499877929688,551.5899999999999,0.006925433746079607,0.2718652653254662
SPY270617C00250000,2026-09-16 17:03:28+00:00,250.0,513.73,506.52,510.5,-6.1000366,-1.1734675,1.0,9.0,0.7337673107910156,True,REGULAR,USD,call,2027-06-17,0.7506849315068493,754.0499877929688,508.51,0.007826788067098028,0.331543006494471
SPY270617C00280000,2026-08-28 17:14:28+00:00,280.0,495.0,477.78,481.5,0.0,0.0,2.0,3.0,0.6946441668701173,True,REGULAR,USD,call,2027-06-17,0.7506849315068493,754.0499877929688,479.64,0.007755816862647042,0.3713281672738075
SPY270617C00300000,2026-07-31 15:46:10+00:00,300.0,450.05,474.24,477.98,0.0,0.0,1.0,63.0,0.919846382598877,True,REGULAR,USD,call,2027-06-17,0.7506849315068493,754.0499877929688,476.11,0.007855327550356029,0.39785160779336515
SPY270617C00305000,2026-06-22 18:47:41+00:00,305.0,451.04,441.5,445.99,0.0,0.0,2.0,9.0,1.0000000000000003e-05,True,REGULAR,USD,call,2027-06-17,0.7506849315068493,754.0499877929688,443.745,0.010118423869564748,0.4044824679232546
SPY270617C00310000,2026-09-15 16:37:50+00:00,310.0,454.21,449.09,453.0,0.0,0.0,1.0,50.0,0.6607394766235352,True,REGULAR,USD,call,2027-06-17,0.7506849315068493,754.0499877929688,451.04499999999996,0.008668758106175714,0.411113328053144
SPY270617C00315000,2026-08-07 19:16:09+00:00,315.0,466.13,444.31,448.0,0.0,0.0,14.0,11.0,0.6524082611083986,True,REGULAR,USD,call,2027-06-17,0.7506849315068493,754.0499877929688,446.155,0.008270668265513101,0.41774418818303344
SPY270617C00330000,2026-08-19 19:58:36+00:00,330.0,447.13,429.97,434.0,0.0,0.0,1.0,0.0,0.637271693725586,True,REGULAR,USD,call,2027-06-17,0.7506849315068493,754.0499877929688,431.985,0.009329027628274067,0.4376367685727017
SPY270617C00340000,2026-07-24 19:49:37+00:00,340.0,409.2,430.0,434.5,0.0,0.0,7.0,6.0,0.7662071719360352,True,REGULAR,USD,call,2027-06-17,0.7506849315068493,754.0499877929688,432.25,0.010410641989589358,0.4508984888324805
SPY270617C00345000,2026-05-14 16:44:41+00:00,345.0,414.76,417.01,420.71,0.0,0.0,1.0,3.0,0.63867548828125,True,REGULAR,USD,call,2027-06-17,0.7506849315068493,754.0499877929688,418.86,0.008833500453612158,0.45752934896236996
SPY270617C00350000,2026-07-16 19:12:01+00:00,350.0,411.51,420.5,425.0,0.0,0.0,2.0,12.0,0.7486902572631836,True,REGULAR,USD,call,2027-06-17,0.7506849315068493,754.0499877929688,422.75,0.010644589000591367,0.46416020909225936
SPY270617C00360000,2026-08-25 19:56:43+00:00,360.0,417.5,401.36,405.41,0.0,0.0,1.0,47.0,0.6012613116455079,True,REGULAR,USD,call,2027-06-17,0.7506849315068493,754.0499877929688,403.385,0.010040036193710751,0.4774219293520382
SPY270617C00365000,2026-07-10 18:05:26+00:00,365.0,401.98,406.02,411.0,0.0,0.0,5.0,6.0,0.7231167825317383,True,REGULAR,USD,call,2027-06-17,0.7506849315068493,754.0499877929688,408.51,0.01219064404788137,0.48405278948192765
SPY270617C00370000,2026-08-05 18:07:10+00:00,370.0,413.02,407.31,411.0,0.0,0.0,2.0,5.0,0.7720817469787598,True,REGULAR,USD,call,2027-06-17,0.7506849315068493,754.0499877929688,409.155,0.009018587088022872,0.49068364961181704
SPY270617C00375000,2026-09-04 18:35:15+00:00,375.0,404.66,387.07,391.0,0.0,0.0,1.0,35.0,0.5824321542358398,True,REGULAR,USD,call,2027-06-17,0.7506849315068493,754.0499877929688,389.03499999999997,0.010101918850489049,0.4973145097417065
SPY270617C00380000,2026-08-27 13:33:25+00:00,380.0,399.31,382.31,386.37,0.0,0.0,1.0,11.0,0.577427321472168,True,REGULAR,USD,call,2027-06-17,0.7506849315068493,754.0499877929688,384.34000000000003,0.01056356351147422,0.5039453698715959
SPY270617C00390000,2026-08-04 14:20:52+00:00,390.0,387.37,388.23,391.97,0.0,0.0,1.0,16.0,0.7349880017089843,True,REGULAR,USD,call,2027-06-17,0.7506849315068493,754.0499877929688,390.1,0.009587285311458624,0.5172070901313748
SPY270617C00400000,2026-09-14 19:48:18+00:00,400.0,372.39,363.29,367.37,0.0,0.0,2.0,50.0,0.5540205731201173,True,REGULAR,USD,call,2027-06-17,0.7506849315068493,754.0499877929688,365.33000000000004,0.011167985109353143,0.5304688103911536
SPY270617C00405000,2026-08-05 18:05:47+00:00,405.0,380.25,373.94,377.68,0.0,0.0,1.0,2.0,0.7081175428771973,True,REGULAR,USD,call,2027-06-17,0.7506849315068493,754.0499877929688,375.81,0.009951837364625765,0.537099670521043
SPY270617C00410000,2026-09-10 20:10:00+00:00,410.0,359.55,353.8,357.88,0.0,0.0,5.0,24.0,0.542469785308838,True,REGULAR,USD,call,2027-06-17,0.7506849315068493,754.0499877929688,355.84000000000003,0.011465827338129451,0.5437305306509324
SPY270617C00415000,2026-09-11 13:53:34+00:00,415.0,361.83,349.05,353.0,0.0,0.0,1.0,1.0,0.5358322784423828,True,REGULAR,USD,call,2027-06-17,0.7506849315068493,754.0499877929688,351.025,0.011252759774944773,0.5503613907808218
SPY270617C00420000,2026-09-15 17:35:58+00:00,420.0,349.12,344.31,348.4,0.0,0.0,1.0,68.0,0.5309495147705079,True,REGULAR,USD,call,2027-06-17,0.7506849315068493,754.0499877929688,346.355,0.011808693392617328,0.5569922509107113
SPY270617C00425000,2026-09-15 14:27:07+00:00,425.0,344.08,339.57,343.5,0.0,0.0,1.0,22.0,0.5242814906311035,True,REGULAR,USD,call,2027-06-17,0.7506849315068493,754.0499877929688,341.53499999999997,0.011506873380473471,0.5636231110406007
SPY270617C00430000,2026-07-17 15:36:49+00:00,430.0,331.5,344.5,349.37,0.0,0.0,1.0,51.0,0.6204261590576172,True,REGULAR,USD,call,2027-06-17,0.7506849315068493,754.0499877929688,346.935,0.014037211581420165,0.57025397117049
SPY270617C00440000,2026-09-14 19:55:17+00:00,440.0,334.18,325.37,329.47,0.0,0.0,1.0,33.0,0.5082446636962892,True,REGULAR,USD,call,2027-06-17,0.7506849315068493,754.0499877929688,327.42,0.012522142813511767,0.5835156914302689
SPY270617C00445000,2026-07-21 17:42:55+00:00,445.0,320.96,330.22,335.0,0.0,0.0,2.0,21.0,0.5969583761596681,True,REGULAR,USD,call,2027-06-17,0.7506849315068493,754.0499877929688,332.61,0.014371185472475189,0.5901465515601584
SPY270617C00450000,2026-09-11 15:40:16+00:00,450.0,329.59,315.92,320.0,0.0,0.0,1.0,81.0,0.5176134664916993,True,REGULAR,USD,call,2027-06-17,0.7506849315068493,754.0499877929688,317.96000000000004,0.01283180274248328,0.5967774116900477
SPY270617C00455000,2026-08-21 14:49:54+00:00,455.0,324.53,311.19,315.31,0.0,0.0,37.0,39.0,0.5119372537231445,True,REGULAR,USD,call,2027-06-17,0.7506849315068493,754.0499877929688,313.25,0.013152434158020764,0.6034082718199372
SPY270617C00460000,2026-08-21 18:43:33+00:00,460.0,320.3,306.48,310.5,0.0,0.0,4.0,41.0,0.5051013845825195,True,REGULAR,USD,call,2027-06-17,0.7506849315068493,754.0499877929688,308.49,0.013031216571039521,0.6100391319498266
SPY270617C00465000,2026-05-06 14:10:25+00:00,465.0,285.93,291.82,295.71,0.0,0.0,1.0,10.0,0.3878235046386719,True,REGULAR,USD,call,2027-06-17,0.7506849315068493,754.0499877929688,293.765,0.013241877010535587,0.6166699920797161
SPY270617C00470000,2026-09-15 13:48:12+00:00,470.0,304.31,297.06,301.0,0.0,0.0,25.0,40.0,0.4926198199462891,True,REGULAR,USD,call,2027-06-17,0.7506849315068493,754.0499877929688,299.03,0.01317593552486372,0.6233008522096054
SPY270617C00475000,2026-09-15 13:48:12+00:00,475.0,299.58,292.35,296.4,0.0,0.0,25.0,39.0,0.4877370562744141,True,REGULAR,USD,call,2027-06-17,0.7506849315068493,754.0499877929688,294.375,0.013757961783439337,0.6299317123394949
SPY270617C00480000,2026-08-21 13:30:13+00:00,480.0,301.94,287.65,291.7,0.0,0.0,1.0,30.0,0.48195403305053713,True,REGULAR,USD,call,2027-06-17,0.7506849315068493,754.0499877929688,289.67499999999995,0.01398118581168555,0.6365625724693843
SPY270617C00485000,2026-08-25 19:14:03+00:00,485.0,296.5,282.96,287.0,0.0,0.0,2.0,147.0,0.47615575119018555,True,REGULAR,USD,call,2027-06-17,0.7506849315068493,754.0499877929688,284.98,0.014176433433925259,0.6431934325992738
SPY270617C00490000,2026-06-25 20:05:09+00:00,490.0,268.83,288.0,292.96,0.0,0.0,4.0,20.0,0.5354889591217042,True,REGULAR,USD,call,2027-06-17,0.7506849315068493,754.0499877929688,290.48,0.01707518589920125,0.6498242927291631
SPY270617C00495000,2026-08-31 13:42:50+00:00,495.0,288.03,273.58,277.5,0.0,0.0,6.0,27.0,0.46370470382690426,True,REGULAR,USD,call,2027-06-17,0.7506849315068493,754.0499877929688,275.53999999999996,0.014226609566669145,0.6564551528590525
SPY270617C00500000,2026-09-02 16:02:28+00:00,500.0,282.55,268.9,272.94,0.0,0.0,2.0,169.0,0.45905081970214845,True,REGULAR,USD,call,2027-06-17,0.7506849315068493,754.0499877929688,270.91999999999996,0.01491215118854282,0.663086012988942
SPY270617C00505000,2026-06-25 20:05:26+00:00,505.0,255.04,274.0,278.97,0.0,0.0,6.0,3.0,0.5156756196594239,True,REGULAR,USD,call,2027-06-17,0.7506849315068493,754.0499877929688,276.485,0.01797565871566279,0.6697168731188313
SPY270617C00510000,2026-07-23 15:32:03+00:00,510.0,249.31,269.5,274.33,0.0,0.0,6.0,66.0,0.5097705273437501,True,REGULAR,USD,call,2027-06-17,0.7506849315068493,754.0499877929688,271.91499999999996,0.01776290384862911,0.6763477332487208
SPY270617C00515000,2026-07-30 18:53:46+00:00,515.0,247.44,270.02,273.67,0.0,0.0,8.0,21.0,0.5345505529785157,True,REGULAR,USD,call,2027-06-17,0.7506849315068493,754.0499877929688,271.845,0.013426768930824675,0.6829785933786102
SPY270617C00520000,2026-09-08 20:03:02+00:00,520.0,263.13,250.24,254.31,0.0,0.0,1.0,14.0,0.4370020899963379,True,REGULAR,USD,call,2027-06-17,0.7506849315068493,754.0499877929688,252.275,0.016133187989297366,0.6896094535084997
SPY270617C00525000,2026-09-16 19:32:41+00:00,525.0,244.98,245.59,249.5,-6.419998,-2.5536985,2.0,12.0,0.43031880722045907,True,REGULAR,USD,call,2027-06-17,0.7506849315068493,754.0499877929688,247.54500000000002,0.015795107960168843,0.696240313638389
SPY270617C00530000,2026-09-10 15:00:57+00:00,530.0,247.53,240.96,245.0,0.0,0.0,1.0,83.0,0.42592431991577157,True,REGULAR,USD,call,2027-06-17,0.7506849315068493,754.0499877929688,242.98000000000002,0.016626882871018156,0.7028711737682785
SPY270617C00535000,2026-09-14 18:00:42+00:00,535.0,245.86,236.33,240.5,0.0,0.0,3.0,21.0,0.4214687980651856,True,REGULAR,USD,call,2027-06-17,0.7506849315068493,754.0499877929688,238.41500000000002,0.01749051024474126,0.7095020338981679
SPY270617C00540000,2026-09-15 16:57:32+00:00,540.0,237.05,231.7,235.88,0.0,0.0,4.0,72.0,0.4161053873443603,True,REGULAR,USD,call,2027-06-17,0.7506849315068493,754.0499877929688,233.79,0.01787929338295054,0.7161328940280574
SPY270617C00545000,2026-09-08 14:51:49+00:00,545.0,241.37,227.08,231.0,0.0,0.0,2.0,362.0,0.40891094024658203,True,REGULAR,USD,call,2027-06-17,0.7506849315068493,754.0499877929688,229.04000000000002,0.017114914425427816,0.7227637541579467
SPY270617C00550000,2026-09-15 14:36:11+00:00,550.0,227.5,222.48,226.5,0.0,0.0,1.0,924.0,0.4043486079406738,True,REGULAR,USD,call,2027-06-17,0.7506849315068493,754.0499877929688,224.49,0.01790725644794873,0.7293946142878361
SPY270617C00555000,2026-09-16 20:06:41+00:00,555.0,221.48,217.88,222.0,-10.650009,-4.5879507,1.0,412.0,0.3997252410888672,True,REGULAR,USD,call,2027-06-17,0.7506849315068493,754.0499877929688,219.94,0.018732381558606914,0.7360254744177256
SPY270617C00560000,2026-09-08 14:51:49+00:00,560.0,227.52,213.3,217.49,0.0,0.0,68.0,121.0,0.3949950637817383,True,REGULAR,USD,call,2027-06-17,0.7506849315068493,754.0499877929688,215.395,0.019452633533740327,0.742656334547615
SPY270617C00565000,2026-09-08 14:51:47+00:00,565.0,223.0,208.73,212.92,0.0,0.0,2.0,16.0,0.38981475669860843,True,REGULAR,USD,call,2027-06-17,0.7506849315068493,754.0499877929688,210.825,0.019874303332147507,0.7492871946775044
SPY270617C00570000,2026-09-08 14:51:47+00:00,570.0,218.41,204.17,208.36,0.0,0.0,2.0,57.0,0.3846649668884277,True,REGULAR,USD,call,2027-06-17,0.7506849315068493,754.0499877929688,206.265,0.02031367415703113,0.7559180548073938
SPY270617C00575000,2026-09-08 14:51:47+00:00,575.0,213.74,199.62,203.81,0.0,0.0,10.0,57.0,0.379538065032959,True,REGULAR,USD,call,2027-06-17,0.7506849315068493,754.0499877929688,201.715,0.020771881119401123,0.7625489149372833
SPY270617C00580000,2026-09-09 14:18:57+00:00,580.0,205.23,195.09,199.25,0.0,0.0,5.0,269.0,0.3743043527221679,True,REGULAR,USD,call,2027-06-17,0.7506849315068493,754.0499877929688,197.17000000000002,0.021098544403306774,0.7691797750671727
SPY270617C00585000,2026-09-10 14:10:38+00:00,585.0,195.5,190.56,194.5,0.0,0.0,1.0,117.0,0.3678804667663575,True,REGULAR,USD,call,2027-06-17,0.7506849315068493,754.0499877929688,192.53,0.020464343219238547,0.7758106351970621
SPY270617C00590000,2026-09-08 14:51:47+00:00,590.0,200.08,186.06,190.0,0.0,0.0,2.0,80.0,0.36293666854858403,True,REGULAR,USD,call,2027-06-17,0.7506849315068493,754.0499877929688,188.03,0.020954103068659243,0.7824414953269515
SPY270617C00595000,2026-09-08 14:51:46+00:00,595.0,195.66,181.57,185.5,0.0,0.0,48.0,57.0,0.357954723739624,True,REGULAR,USD,call,2027-06-17,0.7506849315068493,754.0499877929688,183.535,0.021412809545863224,0.789072355456841
SPY270617C00600000,2026-09-16 19:36:13+00:00,600.0,177.0,177.07,181.26,-6.169998,-3.3684545,5.0,478.0,0.35440709075927723,True,REGULAR,USD,call,2027-06-17,0.7506849315068493,754.0499877929688,179.165,0.0233862640582703,0.7957032155867303
SPY270617C00605000,2026-09-15 18:16:47+00:00,605.0,177.34,172.61,176.8,0.0,0.0,2.0,28.0,0.34951669776916505,True,REGULAR,USD,call,2027-06-17,0.7506849315068493,754.0499877929688,174.705,0.0239832861108726,0.8023340757166197
SPY270617C00610000,2026-09-16 19:04:44+00:00,610.0,170.25,168.17,172.36,-2.550003,-1.4756962,2.0,204.0,0.3446797100067138,True,REGULAR,USD,call,2027-06-17,0.7506849315068493,754.0499877929688,170.265,0.02460869820573827,0.8089649358465092
SPY270617C00615000,2026-09-15 14:13:54+00:00,615.0,168.99,163.75,167.94,0.0,0.0,1.0,64.0,0.3398808688354492,True,REGULAR,USD,call,2027-06-17,0.7506849315068493,754.0499877929688,165.845,0.025264554252464638,0.8155957959763986
SPY270617C00620000,2026-09-09 16:55:39+00:00,620.0,168.84,159.34,163.5,0.0,0.0,26.0,464.0,0.33492181198120113,True,REGULAR,USD,call,2027-06-17,0.7506849315068493,754.0499877929688,161.42000000000002,0.025771279890967638,0.822226656106288
SPY270617C00625000,2026-09-09 16:55:38+00:00,625.0,164.59,154.95,159.0,0.0,0.0,206.0,149.0,0.3295660305786132,True,REGULAR,USD,call,2027-06-17,0.7506849315068493,754.0499877929688,156.975,0.02580028666985196,0.8288575162361774
SPY270617C00630000,2026-09-15 18:29:19+00:00,630.0,155.49,150.58,154.78,0.0,0.0,10.0,357.0,0.32562167304992673,True,REGULAR,USD,call,2027-06-17,0.7506849315068493,754.0499877929688,152.68,0.027508514540214753,0.8354883763660669
SPY270617C00635000,2026-09-14 14:08:12+00:00,635.0,154.31,146.24,150.43,0.0,0.0,1.0,371.0,0.32091438369750974,True,REGULAR,USD,call,2027-06-17,0.7506849315068493,754.0499877929688,148.335,0.028246873630633346,0.8421192364959563
SPY270617C00640000,2026-09-16 19:08:16+00:00,640.0,144.3,141.92,146.0,-1.8999939,-1.2995855,1.0,543.0,0.31571881797790513,True,REGULAR,USD,call,2027-06-17,0.7506849315068493,754.0499877929688,143.95999999999998,0.028341205890525238,0.8487500966258457
SPY270617C00645000,2026-09-09 14:00:55+00:00,645.0,148.18,137.63,141.82,0.0,0.0,56.0,231.0,0.3116981672668457,True,REGULAR,USD,call,2027-06-17,0.7506849315068493,754.0499877929688,139.725,0.029987475398103404,0.8553809567557351
SPY270617C00650000,2026-09-16 19:45:32+00:00,650.0,133.85,133.36,137.5,-4.069992,-2.9509804,1.0,1128.0,0.30688406745910646,True,REGULAR,USD,call,2027-06-17,0.7506849315068493,754.0499877929688,135.43,0.03056929779221728,0.8620118168856246
SPY270617C00655000,2026-09-08 14:51:42+00:00,655.0,142.68,129.12,133.31,0.0,0.0,34.0,357.0,0.30261164924621586,True,REGULAR,USD,call,2027-06-17,0.7506849315068493,754.0499877929688,131.215,0.03193232481042562,0.868642677015514
SPY270617C00660000,2026-09-16 18:50:00+00:00,660.0,129.5,124.9,129.0,-4.0,-2.9962547,27.0,467.0,0.2976678510284423,True,REGULAR,USD,call,2027-06-17,0.7506849315068493,754.0499877929688,126.95,0.032296179598266986,0.8752735371454033
SPY270617C00665000,2026-09-15 18:28:28+00:00,665.0,125.34,120.71,124.9,0.0,0.0,6.0,119.0,0.2936090537261963,True,REGULAR,USD,call,2027-06-17,0.7506849315068493,754.0499877929688,122.805,0.03411913195716796,0.8819043972752928
SPY270617C00670000,2026-09-16 18:10:18+00:00,670.0,123.19,116.55,120.75,1.9100037,1.5748711,1.0,544.0,0.28920693710327144,True,REGULAR,USD,call,2027-06-17,0.7506849315068493,754.0499877929688,118.65,0.035398230088495596,0.8885352574051822
SPY270617C00675000,2026-09-16 19:21:12+00:00,675.0,111.72,112.42,116.5,-5.409996,-4.618797,1.0,423.0,0.2842402509307861,True,REGULAR,USD,call,2027-06-17,0.7506849315068493,754.0499877929688,114.46000000000001,0.035645640398392436,0.8951661175350717
SPY270617C00680000,2026-09-16 18:46:16+00:00,680.0,114.0,108.33,112.5,1.2900009,1.144531,3.0,1827.0,0.2802882640838622,True,REGULAR,USD,call,2027-06-17,0.7506849315068493,754.0499877929688,110.41499999999999,0.03776660779785357,0.901796977664961
SPY270617C00685000,2026-09-16 19:15:00+00:00,685.0,103.94,104.27,108.47,-4.3499985,-4.01699,2.0,621.0,0.2760692510986328,True,REGULAR,USD,call,2027-06-17,0.7506849315068493,754.0499877929688,106.37,0.039484817147692045,0.9084278377948505
SPY270617C00690000,2026-09-16 18:32:33+00:00,690.0,105.36,100.24,104.44,-5.4300003,-4.9011645,6.0,739.0,0.2717205397033691,True,REGULAR,USD,call,2027-06-17,0.7506849315068493,754.0499877929688,102.34,0.041039671682626566,0.9150586979247399
SPY270617C00695000,2026-09-04 13:38:10+00:00,695.0,113.36,96.25,100.45,0.0,0.0,4.0,262.0,0.26740997489929197,True,REGULAR,USD,call,2027-06-17,0.7506849315068493,754.0499877929688,98.35,0.0427046263345196,0.9216895580546293
SPY270617C00700000,2026-09-16 19:40:31+00:00,700.0,93.0,92.3,96.5,-3.6900024,-3.8163226,17.0,2799.0,0.2631299273681641,True,REGULAR,USD,call,2027-06-17,0.7506849315068493,754.0499877929688,94.4,0.04449152542372884,0.9283204181845187
SPY270617C00705000,2026-09-14 15:21:32+00:00,705.0,94.56,88.4,92.5,0.0,0.0,3.0,533.0,0.2584913018798829,True,REGULAR,USD,call,2027-06-17,0.7506849315068493,754.0499877929688,90.45,0.045328911000552724,0.9349512783144082
SPY270617C00710000,2026-09-10 14:16:54+00:00,710.0,91.1,84.54,88.75,0.0,0.0,2.0,402.0,0.25475293594360354,True,REGULAR,USD,call,2027-06-17,0.7506849315068493,754.0499877929688,86.64500000000001,0.04858907034450913,0.9415821384442976
SPY270617C00715000,2026-09-14 18:14:46+00:00,715.0,89.17,80.73,84.93,0.0,0.0,20.0,406.0,0.2505491815948486,True,REGULAR,USD,call,2027-06-17,0.7506849315068493,754.0499877929688,82.83000000000001,0.0507062658457081,0.948212998574187
SPY270617C00720000,2026-09-16 19:17:00+00:00,720.0,78.3,76.96,81.16,-3.8600006,-4.6981506,2.0,843.0,0.2463912031555176,True,REGULAR,USD,call,2027-06-17,0.7506849315068493,754.0499877929688,79.06,0.05312420946116877,0.9548438587040764
SPY270617C00725000,2026-09-16 18:57:19+00:00,725.0,75.73,73.24,77.45,-2.2999954,-2.9475784,3.0,1444.0,0.24229425926208495,True,REGULAR,USD,call,2027-06-17,0.7506849315068493,754.0499877929688,75.345,0.05587630234255767,0.9614747188339658
SPY270617C00730000,2026-09-16 19:43:05+00:00,730.0,69.92,69.59,73.79,-8.080002,-10.358976,6.0,1249.0,0.2382125740051269,True,REGULAR,USD,call,2027-06-17,0.7506849315068493,754.0499877929688,71.69,0.05858557678895247,0.9681055789638553
SPY270617C00735000,2026-09-16 19:17:27+00:00,735.0,66.5,65.99,70.2,-9.830002,-12.878294,266.0,777.0,0.2342148112487793,True,REGULAR,USD,call,2027-06-17,0.7506849315068493,754.0499877929688,68.095,0.06182539099787074,0.9747364390937446
SPY270617C00740000,2026-09-16 18:39:30+00:00,740.0,67.05,63.06,66.66,0.41000366,0.6152516,211.0,909.0,0.23020941917419432,True,REGULAR,USD,call,2027-06-17,0.7506849315068493,754.0499877929688,64.86,0.05550416281221083,0.9813672992236341
SPY270617C00745000,2026-09-16 19:41:37+00:00,745.0,59.98,58.98,63.19,-7.2700005,-10.81041,7.0,1497.0,0.2262726909637451,True,REGULAR,USD,call,2027-06-17,0.7506849315068493,754.0499877929688,61.084999999999994,0.06892035687975774,0.9879981593535235
SPY270617C00750000,2026-09-16 19:52:45+00:00,750.0,57.3,57.4,58.41,-2.25,-3.7783375,214.0,1727.0,0.21704121589660644,True,REGULAR,USD,call,2027-06-17,0.7506849315068493,754.0499877929688,57.905,0.017442362490285777,0.994629019483413
SPY270617C00755000,2026-09-16 19:59:26+00:00,755.0,54.4,54.22,54.61,-2.0900002,-3.69977,277.0,1611.0,0.21140314971923824,False,REGULAR,USD,call,2027-06-17,0.7506849315068493,754.0499877929688,54.415,0.007167141413213279,1.0012598796133023
SPY270617C00760000,2026-09-16 20:02:13+00:00,760.0,51.0,50.36,51.25,-1.8899994,-3.5734532,48.0,3210.0,0.20721465400695796,False,REGULAR,USD,call,2027-06-17,0.7506849315068493,754.0499877929688,50.805,0.017517960830626917,1.0078907397431918
SPY270617C00765000,2026-09-16 19:30:21+00:00,765.0,46.38,47.76,48.23,-3.2799988,-6.604911,6.0,2301.0,0.20406374557495116,False,REGULAR,USD,call,2027-06-17,0.7506849315068493,754.0499877929688,47.995,0.009792686738201873,1.0145215998730812
SPY270617C00770000,2026-09-16 20:07:33+00:00,770.0,44.78,44.8,44.97,-1.8700027,-4.00858,39.0,1677.0,0.1997150341796875,False,REGULAR,USD,call,2027-06-17,0.7506849315068493,754.0499877929688,44.885,0.003787456834131708,1.0211524600029707
SPY270617C00775000,2026-09-16 19:51:51+00:00,775.0,41.6,41.82,42.0,-1.9000015,-4.36782,23.0,2003.0,0.19619028915405273,False,REGULAR,USD,call,2027-06-17,0.7506849315068493,754.0499877929688,41.91,0.004294917680744446,1.0277833201328601
SPY270617C00780000,2026-09-16 20:05:59+00:00,780.0,39.04,38.94,39.09,-2.1299973,-5.1736636,145.0,3404.0,0.1925892509460449,False,REGULAR,USD,call,2027-06-17,0.7506849315068493,754.0499877929688,39.015,0.0038446751249520874,1.0344141802627496
SPY270617C00785000,2026-09-16 19:26:11+00:00,785.0,34.09,36.16,36.34,-3.619999,-9.599573,51.0,3340.0,0.18928575614929202,False,REGULAR,USD,call,2027-06-17,0.7506849315068493,754.0499877929688,36.25,0.004965517241379499,1.0410450403926388
SPY270617C00790000,2026-09-16 19:59:42+00:00,790.0,33.6,33.49,33.67,-1.3300018,-3.8076205,42.0,2327.0,0.18596700271606442,False,REGULAR,USD,call,2027-06-17,0.7506849315068493,754.0499877929688,33.58,0.005360333531864197,1.0476759005225282
SPY270617C00795000,2026-09-16 19:05:21+00:00,795.0,31.02,30.94,31.11,-1.1300011,-3.5147777,42.0,3669.0,0.18273217178344725,False,REGULAR,USD,call,2027-06-17,0.7506849315068493,754.0499877929688,31.025,0.005479452054794462,1.0543067606524177
SPY270617C00800000,2026-09-16 20:07:51+00:00,800.0,28.57,28.52,28.67,-1.8299999,-6.019737,135.0,16834.0,0.17961940994262693,False,REGULAR,USD,call,2027-06-17,0.7506849315068493,754.0499877929688,28.595,0.005245672320335798,1.0609376207823071
SPY270617C00805000,2026-09-16 18:28:22+00:00,805.0,28.25,26.18,26.36,0.7199993,2.6153262,10.0,2360.0,0.17665923446655274,False,REGULAR,USD,call,2027-06-17,0.7506849315068493,754.0499877929688,26.27,0.006851922344880081,1.0675684809121966
SPY270617C00810000,2026-09-16 19:13:40+00:00,810.0,22.81,24.01,24.13,-2.4300003,-9.627577,13.0,3245.0,0.1736380244445801,False,REGULAR,USD,call,2027-06-17,0.7506849315068493,754.0499877929688,24.07,0.004985459077689964,1.074199341042086
SPY270617C00815000,2026-09-16 19:58:52+00:00,815.0,21.96,21.92,22.08,-1.25,-5.3856096,3.0,2697.0,0.17096776306152345,False,REGULAR,USD,call,2027-06-17,0.7506849315068493,754.0499877929688,22.0,0.0072727272727271175,1.0808302011719755
SPY270617C00820000,2026-09-16 19:42:48+00:00,820.0,19.24,20.01,20.14,-1.9300003,-9.116676,30.0,2969.0,0.16835853622436525,False,REGULAR,USD,call,2027-06-17,0.7506849315068493,754.0499877929688,20.075000000000003,0.0064757160647571105,1.0874610613018647
SPY270617C00825000,2026-09-16 19:51:58+00:00,825.0,18.0,18.2,18.33,-1.2800007,-6.639007,62.0,3406.0,0.16590952507019047,False,REGULAR,USD,call,2027-06-17,0.7506849315068493,754.0499877929688,18.265,0.007117437722419874,1.0940919214317542
SPY270617C00830000,2026-09-16 19:56:36+00:00,830.0,16.49,16.51,16.66,-1.0300007,-5.878999,27.0,2666.0,0.1636665055084229,False,REGULAR,USD,call,2027-06-17,0.7506849315068493,754.0499877929688,16.585,0.009044317154054782,1.1007227815616436
SPY270617C00835000,2026-09-16 19:34:54+00:00,835.0,14.51,14.96,15.07,-1.46,-9.142141,3.0,2261.0,0.1613700807189941,False,REGULAR,USD,call,2027-06-17,0.7506849315068493,754.0499877929688,15.015,0.007326007326007288,1.107353641691533
SPY270617C00840000,2026-09-16 19:50:33+00:00,840.0,13.41,13.53,13.66,-1.0,-6.9396253,24.0,4909.0,0.15949326843261719,False,REGULAR,USD,call,2027-06-17,0.7506849315068493,754.0499877929688,13.594999999999999,0.009562339095255667,1.1139845018214225
SPY270617C00845000,2026-09-16 15:51:35+00:00,845.0,14.02,12.23,12.32,0.9200001,7.022901,11.0,3987.0,0.1575477922821045,False,REGULAR,USD,call,2027-06-17,0.7506849315068493,754.0499877929688,12.275,0.007331975560081454,1.120615361951312
SPY270617C00850000,2026-09-16 20:13:16+00:00,850.0,11.1,11.03,11.11,-0.96000004,-7.960199,289.0,4556.0,0.15583119567871095,False,REGULAR,USD,call,2027-06-17,0.7506849315068493,754.0499877929688,11.07,0.007226738934056014,1.1272462220812014
SPY270617C00855000,2026-09-16 19:59:33+00:00,855.0,9.94,9.93,10.0,-0.52000046,-4.9713235,7.0,4142.0,0.15422903884887695,False,REGULAR,USD,call,2027-06-17,0.7506849315068493,754.0499877929688,9.965,0.007024586051179156,1.1338770822110908
SPY270617C00860000,2026-09-16 19:48:58+00:00,860.0,8.77,8.92,9.0,-0.7399998,-7.78128,51.0,5886.0,0.15281761497497562,False,REGULAR,USD,call,2027-06-17,0.7506849315068493,754.0499877929688,8.96,0.008928571428571435,1.14050794234098
SPY270617C00865000,2026-09-16 20:04:31+00:00,865.0,8.05,8.01,8.08,-0.5999994,-6.93641,77.0,12687.0,0.15145959632873537,False,REGULAR,USD,call,2027-06-17,0.7506849315068493,754.0499877929688,8.045,0.008701056556867655,1.1471388024708695
SPY270617C00870000,2026-09-15 15:47:16+00:00,870.0,7.82,7.18,7.22,0.0,0.0,2.0,3174.0,0.15004817245483398,False,REGULAR,USD,call,2027-06-17,0.7506849315068493,754.0499877929688,7.199999999999999,0.005555555555555561,1.153769662600759
SPY270617C00875000,2026-09-16 19:44:30+00:00,875.0,6.11,6.42,6.46,-1.2799997,-17.3207,1.0,1900.0,0.14885799880981443,False,REGULAR,USD,call,2027-06-17,0.7506849315068493,754.0499877929688,6.4399999999999995,0.006211180124223608,1.1604005227306484
SPY270617C00880000,2026-09-16 19:25:32+00:00,880.0,5.23,5.74,5.78,-0.9499998,-15.372167,23.0,5957.0,0.14782041152954106,False,REGULAR,USD,call,2027-06-17,0.7506849315068493,754.0499877929688,5.76,0.006944444444444451,1.1670313828605379
SPY270617C00885000,2026-09-16 19:13:36+00:00,885.0,4.8,5.12,5.16,-1.0999999,-18.644066,4.0,9636.0,0.1468133415222168,False,REGULAR,USD,call,2027-06-17,0.7506849315068493,754.0499877929688,5.140000000000001,0.007782101167315181,1.1736622429904273
SPY270617C00890000,2026-09-16 19:18:44+00:00,890.0,4.2,4.56,4.61,-2.1000004,-33.333336,1.0,10878.0,0.14597411651611325,False,REGULAR,USD,call,2027-06-17,0.7506849315068493,754.0499877929688,4.585,0.010905125408942357,1.1802931031203168
SPY270617C00895000,2026-09-16 19:53:48+00:00,895.0,4.03,4.06,4.11,-0.40999985,-9.234231,50.0,15113.0,0.14515015014648439,False,REGULAR,USD,call,2027-06-17,0.7506849315068493,754.0499877929688,4.085,0.012239902080783528,1.186923963250206
SPY270617C00900000,2026-09-16 20:10:12+00:00,900.0,3.62,3.61,3.65,-0.44000006,-10.8374405,792.0,10754.0,0.14428040786743163,False,REGULAR,USD,call,2027-06-17,0.7506849315068493,754.0499877929688,3.63,0.011019283746556485,1.1935548233800954
SPY270617C00905000,2026-09-16 20:12:46+00:00,905.0,3.23,3.2,3.25,-0.26,-7.4498568,6.0,7066.0,0.14362428649902342,False,REGULAR,USD,call,2027-06-17,0.7506849315068493,754.0499877929688,3.225,0.015503875968992192,1.200185683509985
SPY270617C00910000,2026-09-16 18:43:22+00:00,910.0,3.27,2.86,2.87,-0.30999994,-8.659217,1.0,3035.0,0.1427698028564453,False,REGULAR,USD,call,2027-06-17,0.7506849315068493,754.0499877929688,2.865,0.0034904013961606388,1.2068165436398743
SPY270617C00915000,2026-09-15 13:55:12+00:00,915.0,2.98,2.53,2.55,0.0,0.0,2.0,5342.0,0.14218997467041017,False,REGULAR,USD,call,2027-06-17,0.7506849315068493,754.0499877929688,2.54,0.007874015748031503,1.2134474037697638
SPY270617C00920000,2026-09-14 15:36:56+00:00,920.0,2.77,2.25,2.26,0.0,0.0,42.0,4945.0,0.1416254051208496,False,REGULAR,USD,call,2027-06-17,0.7506849315068493,754.0499877929688,2.255,0.0044345898004433644,1.2200782638996532
SPY270617C00925000,2026-09-15 18:09:04+00:00,925.0,2.15,1.99,2.01,0.0,0.0,4.0,3646.0,0.1412134219360352,False,REGULAR,USD,call,2027-06-17,0.7506849315068493,754.0499877929688,2.0,0.009999999999999898,1.2267091240295427
SPY270617C00930000,2026-09-15 18:15:26+00:00,930.0,1.91,1.76,1.78,0.0,0.0,5.0,2995.0,0.14075566284179689,False,REGULAR,USD,call,2027-06-17,0.7506849315068493,754.0499877929688,1.77,0.011299435028248598,1.2333399841594321
SPY270617C00935000,2026-09-16 19:44:13+00:00,935.0,1.48,1.56,1.58,-0.19999993,-11.9047575,87.0,1313.0,0.14041997283935548,False,REGULAR,USD,call,2027-06-17,0.7506849315068493,754.0499877929688,1.57,0.012738853503184724,1.2399708442893214
SPY270617C00940000,2026-09-16 18:53:56+00:00,940.0,1.42,1.39,1.4,-0.05000007,-3.4013653,1.0,1554.0,0.14008428283691404,False,REGULAR,USD,call,2027-06-17,0.7506849315068493,754.0499877929688,1.395,0.007168458781362013,1.2466017044192108
SPY270617C00945000,2026-09-16 19:39:52+00:00,945.0,1.18,1.23,1.24,-0.1400001,-10.606068,1.0,3283.0,0.1397791101074219,False,REGULAR,USD,call,2027-06-17,0.7506849315068493,754.0499877929688,1.2349999999999999,0.008097165991902843,1.2532325645491003
SPY270617C00950000,2026-09-15 18:14:13+00:00,950.0,1.17,1.09,1.11,0.0,0.0,8.0,2123.0,0.13974859283447266,False,REGULAR,USD,call,2027-06-17,0.7506849315068493,754.0499877929688,1.1,0.018181818181818195,1.2598634246789897
SPY270617C00955000,2026-09-15 18:16:24+00:00,955.0,1.03,0.97,0.98,0.0,0.0,21.0,1450.0,0.1394434201049805,False,REGULAR,USD,call,2027-06-17,0.7506849315068493,754.0499877929688,0.975,0.010256410256410265,1.2664942848088792
SPY270617C00960000,2026-09-15 18:11:44+00:00,960.0,0.92,0.86,0.88,0.0,0.0,17.0,867.0,0.13953497192382813,False,REGULAR,USD,call,2027-06-17,0.7506849315068493,754.0499877929688,0.87,0.022988505747126457,1.2731251449387686
SPY270617C00965000,2026-09-15 18:27:00+00:00,965.0,0.8,0.77,0.78,0.0,0.0,9.0,398.0,0.13938238555908206,False,REGULAR,USD,call,2027-06-17,0.7506849315068493,754.0499877929688,0.775,0.012903225806451623,1.279756005068658
SPY270617C00970000,2026-09-15 18:13:41+00:00,970.0,0.73,0.69,0.7,0.0,0.0,10.0,3747.0,0.13953497192382813,False,REGULAR,USD,call,2027-06-17,0.7506849315068493,754.0499877929688,0.695,0.014388489208633108,1.2863868651985475
SPY270617C00975000,2026-09-15 18:11:44+00:00,975.0,0.65,0.62,0.63,0.0,0.0,20.0,1265.0,0.13971807556152344,False,REGULAR,USD,call,2027-06-17,0.7506849315068493,754.0499877929688,0.625,0.016000000000000014,1.2930177253284367
SPY270617C00980000,2026-09-15 13:29:59+00:00,980.0,0.7,0.56,0.57,0.0,0.0,1.0,1547.0,0.14002324829101562,False,REGULAR,USD,call,2027-06-17,0.7506849315068493,754.0499877929688,0.565,0.017699115044247607,1.2996485854583262
SPY270617C00985000,2026-09-16 16:32:12+00:00,985.0,0.59,0.5,0.51,0.07999998,15.686271,5.0,529.0,0.1401453173828125,False,REGULAR,USD,call,2027-06-17,0.7506849315068493,754.0499877929688,0.505,0.01980198019801982,1.3062794455882156
SPY270617C00990000,2026-09-16 19:21:43+00:00,990.0,0.41,0.46,0.47,-0.06999999,-14.583332,10.0,3338.0,0.14075566284179689,False,REGULAR,USD,call,2027-06-17,0.7506849315068493,754.0499877929688,0.46499999999999997,0.021505376344085923,1.312910305718105
SPY270617C00995000,2026-09-15 17:14:01+00:00,995.0,0.43,0.42,0.43,0.0,0.0,130.0,598.0,0.14130497375488282,False,REGULAR,USD,call,2027-06-17,0.7506849315068493,754.0499877929688,0.425,0.023529411764705903,1.3195411658479945
SPY270617C01000000,2026-09-16 19:30:49+00:00,1000.0,0.36,0.38,0.39,-0.03999999,-9.999997,22.0,4372.0,0.141610146484375,False,REGULAR,USD,call,2027-06-17,0.7506849315068493,754.0499877929688,0.385,0.025974025974025997,1.326172025977884
SPY270617C01005000,2026-09-15 17:14:07+00:00,1005.0,0.36,0.35,0.36,0.0,0.0,130.0,773.0,0.14234256103515625,False,REGULAR,USD,call,2027-06-17,0.7506849315068493,754.0499877929688,0.355,0.028169014084507067,1.3328028861077734
SPY270617C01010000,2026-09-15 16:43:21+00:00,1010.0,0.33,0.32,0.33,0.0,0.0,2.0,1327.0,0.14283083740234376,False,REGULAR,USD,call,2027-06-17,0.7506849315068493,754.0499877929688,0.325,0.030769230769230795,1.3394337462376626
SPY270617C01015000,2026-09-15 16:32:39+00:00,1015.0,0.31,0.3,0.31,0.0,0.0,1.0,487.0,0.14380739013671873,False,REGULAR,USD,call,2027-06-17,0.7506849315068493,754.0499877929688,0.305,0.03278688524590167,1.346064606367552
SPY270617C01020000,2026-09-10 15:52:50+00:00,1020.0,0.35,0.27,0.28,0.0,0.0,1.0,810.0,0.14405152832031248,False,REGULAR,USD,call,2027-06-17,0.7506849315068493,754.0499877929688,0.275,0.03636363636363639,1.3526954664974415
SPY270617C01025000,2026-09-16 19:17:24+00:00,1025.0,0.23,0.25,0.26,-0.26999998,-53.999996,5.0,84.0,0.14478394287109375,False,REGULAR,USD,call,2027-06-17,0.7506849315068493,754.0499877929688,0.255,0.03921568627450984,1.359326326627331
SPY270617C01030000,2026-09-15 14:03:26+00:00,1030.0,0.28,0.23,0.25,0.0,0.0,1.0,498.0,0.14612670288085935,False,REGULAR,USD,call,2027-06-17,0.7506849315068493,754.0499877929688,0.24,0.0833333333333333,1.3659571867572204
SPY270617C01035000,2026-09-01 15:49:38+00:00,1035.0,0.33,0.22,0.23,0.0,0.0,2.0,107.0,0.14661497924804687,False,REGULAR,USD,call,2027-06-17,0.7506849315068493,754.0499877929688,0.225,0.04444444444444448,1.37258804688711
SPY270617C01040000,2026-09-01 17:43:01+00:00,1040.0,0.29,0.2,0.22,0.0,0.0,4.0,216.0,0.14783567016601565,False,REGULAR,USD,call,2027-06-17,0.7506849315068493,754.0499877929688,0.21000000000000002,0.09523809523809518,1.3792189070169993
SPY270617C01050000,2026-09-16 19:29:14+00:00,1050.0,0.18,0.18,0.19,0.0,0.0,1.0,162.0,0.14917843017578125,False,REGULAR,USD,call,2027-06-17,0.7506849315068493,754.0499877929688,0.185,0.054054054054054106,1.392480627276778
SPY270617C01060000,2026-09-01 16:15:13+00:00,1060.0,0.23,0.16,0.17,0.0,0.0,4.0,431.0,0.1511315356445313,False,REGULAR,USD,call,2027-06-17,0.7506849315068493,754.0499877929688,0.165,0.060606060606060656,1.405742347536557
SPY270617C01070000,2026-09-01 16:15:16+00:00,1070.0,0.2,0.14,0.15,0.0,0.0,4.0,796.0,0.15259636474609378,False,REGULAR,USD,call,2027-06-17,0.7506849315068493,754.0499877929688,0.14500000000000002,0.06896551724137917,1.4190040677963358
SPY270617C01080000,2026-09-16 20:06:31+00:00,1080.0,0.14,0.12,0.13,-0.010000005,-6.6666694,13.0,85.0,0.1538170556640625,False,REGULAR,USD,call,2027-06-17,0.7506849315068493,754.0499877929688,0.125,0.08000000000000007,1.4322657880561147
SPY270617C01090000,2026-09-16 19:16:32+00:00,1090.0,0.11,0.11,0.12,-0.019999996,-15.384612,7.0,1386.0,0.15601429931640626,False,REGULAR,USD,call,2027-06-17,0.7506849315068493,754.0499877929688,0.11499999999999999,0.0869565217391304,1.4455275083158934
SPY270617C01100000,2026-09-08 13:29:59+00:00,1100.0,0.18,0.1,0.11,0.0,0.0,4.0,4995.0,0.15821154296875,False,REGULAR,USD,call,2027-06-17,0.7506849315068493,754.0499877929688,0.10500000000000001,0.09523809523809518,1.4587892285756723
SPY270617C01110000,2026-09-03 19:00:34+00:00,1110.0,0.16,0.09,0.1,0.0,0.0,3.0,128.0,0.15992051025390625,False,REGULAR,USD,call,2027-06-17,0.7506849315068493,754.0499877929688,0.095,0.10526315789473693,1.4720509488354512
SPY270617C01120000,2026-09-10 13:54:44+00:00,1120.0,0.11,0.08,0.09,0.0,0.0,6.0,3802.0,0.16162947753906248,False,REGULAR,USD,call,2027-06-17,0.7506849315068493,754.0499877929688,0.08499999999999999,0.11764705882352937,1.48531266909523
SPY270617C01130000,2026-09-16 19:49:27+00:00,1130.0,0.08,0.07,0.08,0.0,0.0,8.0,1437.0,0.16309430664062502,False,REGULAR,USD,call,2027-06-17,0.7506849315068493,754.0499877929688,0.07500000000000001,0.13333333333333325,1.4985743893550088
SPY270617C01140000,2026-09-14 14:01:43+00:00,1140.0,0.08,0.07,0.08,0.0,0.0,5.0,147.0,0.16602396484375004,False,REGULAR,USD,call,2027-06-17,0.7506849315068493,754.0499877929688,0.07500000000000001,0.13333333333333325,1.5118361096147876
SPY270617C01150000,2026-09-08 15:20:36+00:00,1150.0,0.1,0.06,0.07,0.0,0.0,337.0,446.0,0.16724465576171876,False,REGULAR,USD,call,2027-06-17,0.7506849315068493,754.0499877929688,0.065,0.15384615384615397,1.5250978298745665
SPY270617C01160000,2026-09-08 13:30:03+00:00,1160.0,0.09,0.05,0.07,0.0,0.0,1.0,75.0,0.17041845214843754,False,REGULAR,USD,call,2027-06-17,0.7506849315068493,754.0499877929688,0.060000000000000005,0.33333333333333337,1.5383595501343454
SPY270617C01170000,2026-06-25 14:56:04+00:00,1170.0,0.19,0.08,0.09,0.0,0.0,1.0,1088.0,0.1772543212890625,False,REGULAR,USD,call,2027-06-17,0.7506849315068493,754.0499877929688,0.08499999999999999,0.11764705882352937,1.5516212703941241
SPY270617C01180000,2026-08-20 15:28:45+00:00,1180.0,0.08,0.05,0.06,0.0,0.0,1.0,138.0,0.17383638671875,False,REGULAR,USD,call,2027-06-17,0.7506849315068493,754.0499877929688,0.055,0.18181818181818174,1.564882990653903
SPY270617C01190000,2026-08-03 15:35:59+00:00,1190.0,0.1,0.07,0.09,0.0,0.0,2.0,40.0,0.18360191406249998,False,REGULAR,USD,call,2027-06-17,0.7506849315068493,754.0499877929688,0.08,0.24999999999999986,1.578144710913682
SPY270617C01210000,2026-08-05 15:19:52+00:00,1210.0,0.13,0.06,0.08,0.0,0.0,86.0,766.0,0.187508125,False,REGULAR,USD,call,2027-06-17,0.7506849315068493,754.0499877929688,0.07,0.28571428571428575,1.6046681514332395
SPY270617C01220000,2026-08-03 15:42:17+00:00,1220.0,0.08,0.05,0.07,0.0,0.0,95.0,142.0,0.18799640136718748,False,REGULAR,USD,call,2027-06-17,0.7506849315068493,754.0499877929688,0.060000000000000005,0.33333333333333337,1.6179298716930184
SPY270617C01240000,2026-07-06 17:27:27+00:00,1240.0,0.1,0.04,0.06,0.0,0.0,2.0,18.0,0.1909260595703125,False,REGULAR,USD,call,2027-06-17,0.7506849315068493,754.0499877929688,0.05,0.3999999999999999,1.644453312212576
SPY270617P00095000,2026-05-11 13:45:19+00:00,95.0,0.11,0.08,0.1,0.0,0.0,10.0,26.0,0.8183611914062499,False,REGULAR,USD,put,2027-06-17,0.7506849315068493,754.0499877929688,0.09,0.22222222222222227,0.12598634246789897
SPY270617P00100000,2026-08-21 15:38:45+00:00,100.0,0.07,0.05,0.06,0.0,0.0,10.0,8676.0,0.76367423828125,False,REGULAR,USD,put,2027-06-17,0.7506849315068493,754.0499877929688,0.055,0.18181818181818174,0.1326172025977884
SPY270617P00105000,2026-08-12 15:50:05+00:00,105.0,0.08,0.06,0.07,0.0,0.0,812.0,812.0,0.75586181640625,False,REGULAR,USD,put,2027-06-17,0.7506849315068493,754.0499877929688,0.065,0.15384615384615397,0.1392480627276778
SPY270617P00110000,2026-08-14 14:16:42+00:00,110.0,0.09,0.07,0.08,0.0,0.0,10.0,726.0,0.7480493945312501,False,REGULAR,USD,put,2027-06-17,0.7506849315068493,754.0499877929688,0.07500000000000001,0.13333333333333325,0.14587892285756723
SPY270617P00115000,2026-08-11 19:51:25+00:00,115.0,0.1,0.08,0.09,0.0,0.0,5.0,20.0,0.7382838671874999,False,REGULAR,USD,put,2027-06-17,0.7506849315068493,754.0499877929688,0.08499999999999999,0.11764705882352937,0.15250978298745665
SPY270617P00120000,2026-08-27 14:59:59+00:00,120.0,0.1,0.08,0.1,0.0,0.0,56.0,2964.0,0.7246121289062499,False,REGULAR,USD,put,2027-06-17,0.7506849315068493,754.0499877929688,0.09,0.22222222222222227,0.15914064311734608
SPY270617P00125000,2026-09-10 14:37:24+00:00,125.0,0.1,0.09,0.11,0.0,0.0,10.0,57.0,0.7158231542968749,False,REGULAR,USD,put,2027-06-17,0.7506849315068493,754.0499877929688,0.1,0.20000000000000004,0.1657715032472355
SPY270617P00130000,2026-09-14 18:58:13+00:00,130.0,0.1,0.1,0.12,0.0,0.0,10.0,2253.0,0.7070341796875,False,REGULAR,USD,put,2027-06-17,0.7506849315068493,754.0499877929688,0.11,0.18181818181818174,0.17240236337712492
SPY270617P00135000,2026-09-15 17:26:18+00:00,135.0,0.12,0.12,0.13,0.0,0.0,30.0,564.0,0.700198310546875,False,REGULAR,USD,put,2027-06-17,0.7506849315068493,754.0499877929688,0.125,0.08000000000000007,0.17903322350701434
SPY270617P00140000,2026-08-31 13:53:34+00:00,140.0,0.13,0.13,0.14,0.0,0.0,27.0,1063.0,0.6904327832031252,False,REGULAR,USD,put,2027-06-17,0.7506849315068493,754.0499877929688,0.135,0.07407407407407414,0.18566408363690376
SPY270617P00145000,2026-09-01 13:30:09+00:00,145.0,0.15,0.14,0.15,0.0,0.0,5.0,2548.0,0.6806672558593752,False,REGULAR,USD,put,2027-06-17,0.7506849315068493,754.0499877929688,0.14500000000000002,0.06896551724137917,0.19229494376679318
SPY270617P00150000,2026-09-11 16:14:45+00:00,150.0,0.15,0.15,0.16,0.0,0.0,910.0,4256.0,0.6709017285156251,False,REGULAR,USD,put,2027-06-17,0.7506849315068493,754.0499877929688,0.155,0.06451612903225812,0.19892580389668257
SPY270617P00155000,2026-09-10 13:32:21+00:00,155.0,0.18,0.16,0.18,0.0,0.0,10.0,48.0,0.6640658593750002,False,REGULAR,USD,put,2027-06-17,0.7506849315068493,754.0499877929688,0.16999999999999998,0.11764705882352937,0.205556664026572
SPY270617P00160000,2026-08-17 15:45:33+00:00,160.0,0.23,0.18,0.19,0.0,0.0,50.0,1699.0,0.6562534375000001,False,REGULAR,USD,put,2027-06-17,0.7506849315068493,754.0499877929688,0.185,0.054054054054054106,0.21218752415646142
SPY270617P00165000,2026-09-01 15:38:04+00:00,165.0,0.21,0.19,0.2,0.0,0.0,1.0,265.0,0.64648791015625,False,REGULAR,USD,put,2027-06-17,0.7506849315068493,754.0499877929688,0.195,0.05128205128205133,0.21881838428635084
SPY270617P00170000,2026-08-06 15:49:00+00:00,170.0,0.28,0.21,0.22,0.0,0.0,2.0,442.0,0.64062859375,False,REGULAR,USD,put,2027-06-17,0.7506849315068493,754.0499877929688,0.215,0.046511627906976785,0.22544924441624026
SPY270617P00175000,2026-04-17 19:54:11+00:00,175.0,0.61,0.43,0.45,0.0,0.0,8.0,29.0,0.6796907031250001,False,REGULAR,USD,put,2027-06-17,0.7506849315068493,754.0499877929688,0.44,0.0454545454545455,0.23208010454612968
SPY270617P00180000,2026-08-19 16:57:38+00:00,180.0,0.31,0.24,0.25,0.0,0.0,3063.0,8689.0,0.6250037500000001,False,REGULAR,USD,put,2027-06-17,0.7506849315068493,754.0499877929688,0.245,0.04081632653061228,0.2387109646760191
SPY270617P00185000,2026-09-09 14:13:28+00:00,185.0,0.27,0.26,0.27,0.0,0.0,1.0,139.0,0.6186561572265626,False,REGULAR,USD,put,2027-06-17,0.7506849315068493,754.0499877929688,0.265,0.03773584905660381,0.24534182480590852
SPY270617P00190000,2026-09-03 15:24:59+00:00,190.0,0.26,0.28,0.29,0.0,0.0,2.0,217.0,0.6118202880859377,False,REGULAR,USD,put,2027-06-17,0.7506849315068493,754.0499877929688,0.28500000000000003,0.035087719298245446,0.25197268493579794
SPY270617P00195000,2026-09-16 19:24:13+00:00,195.0,0.32,0.3,0.31,0.01999998,6.66666,20.0,537.0,0.6049844189453126,False,REGULAR,USD,put,2027-06-17,0.7506849315068493,754.0499877929688,0.305,0.03278688524590167,0.2586035450656874
SPY270617P00200000,2026-09-16 19:12:27+00:00,200.0,0.33,0.32,0.33,0.0,0.0,34.0,3282.0,0.5981485498046876,False,REGULAR,USD,put,2027-06-17,0.7506849315068493,754.0499877929688,0.325,0.030769230769230795,0.2652344051955768
SPY270617P00205000,2026-09-11 14:09:40+00:00,205.0,0.34,0.34,0.35,0.0,0.0,50.0,627.0,0.5913126806640626,False,REGULAR,USD,put,2027-06-17,0.7506849315068493,754.0499877929688,0.345,0.02898550724637668,0.2718652653254662
SPY270617P00210000,2026-09-16 17:53:18+00:00,210.0,0.35,0.36,0.37,-0.01000002,-2.7777834,7.0,736.0,0.5844768115234374,False,REGULAR,USD,put,2027-06-17,0.7506849315068493,754.0499877929688,0.365,0.02739726027397263,0.2784961254553556
SPY270617P00215000,2026-08-13 14:57:41+00:00,215.0,0.45,0.39,0.4,0.0,0.0,1.0,321.0,0.5795940478515625,False,REGULAR,USD,put,2027-06-17,0.7506849315068493,754.0499877929688,0.395,0.025316455696202552,0.285126985585245
SPY270617P00220000,2026-08-18 19:27:08+00:00,220.0,0.51,0.41,0.42,0.0,0.0,10.0,1474.0,0.5725140405273439,False,REGULAR,USD,put,2027-06-17,0.7506849315068493,754.0499877929688,0.415,0.024096385542168697,0.29175784571513447
SPY270617P00225000,2026-08-21 15:21:37+00:00,225.0,0.52,0.44,0.45,0.0,0.0,10.0,3006.0,0.5668988623046876,False,REGULAR,USD,put,2027-06-17,0.7506849315068493,754.0499877929688,0.445,0.02247191011235957,0.29838870584502386
SPY270617P00230000,2026-09-14 17:06:03+00:00,230.0,0.45,0.46,0.47,0.0,0.0,1.0,1842.0,0.5600629931640625,False,REGULAR,USD,put,2027-06-17,0.7506849315068493,754.0499877929688,0.46499999999999997,0.021505376344085923,0.3050195659749133
SPY270617P00235000,2026-09-15 17:09:08+00:00,235.0,0.48,0.49,0.5,0.0,0.0,10.0,750.0,0.5544478149414063,False,REGULAR,USD,put,2027-06-17,0.7506849315068493,754.0499877929688,0.495,0.02020202020202022,0.3116504261048027
SPY270617P00240000,2026-09-11 14:09:09+00:00,240.0,0.5,0.52,0.53,0.0,0.0,50.0,331.0,0.5488326367187502,False,REGULAR,USD,put,2027-06-17,0.7506849315068493,754.0499877929688,0.525,0.019047619047619063,0.31828128623469215
SPY270617P00245000,2026-07-14 15:12:47+00:00,245.0,0.83,0.63,0.64,0.0,0.0,1.0,389.0,0.5522505712890625,False,REGULAR,USD,put,2027-06-17,0.7506849315068493,754.0499877929688,0.635,0.015748031496063006,0.32491214636458154
SPY270617P00250000,2026-09-16 19:29:03+00:00,250.0,0.61,0.57,0.58,0.030000031,5.172419,50.0,8580.0,0.5361374511718751,False,REGULAR,USD,put,2027-06-17,0.7506849315068493,754.0499877929688,0.575,0.017391304347826105,0.331543006494471
SPY270617P00255000,2026-09-04 15:35:50+00:00,255.0,0.55,0.6,0.61,0.0,0.0,70.0,398.0,0.5302781347656251,False,REGULAR,USD,put,2027-06-17,0.7506849315068493,754.0499877929688,0.605,0.016528925619834725,0.3381738666243604
SPY270617P00260000,2026-08-28 14:53:56+00:00,260.0,0.65,0.64,0.65,0.0,0.0,1.0,225.0,0.5256395092773438,False,REGULAR,USD,put,2027-06-17,0.7506849315068493,754.0499877929688,0.645,0.015503875968992262,0.34480472675424984
SPY270617P00265000,2026-08-25 13:37:23+00:00,265.0,0.74,0.67,0.68,0.0,0.0,1.0,14.0,0.5196581237792968,False,REGULAR,USD,put,2027-06-17,0.7506849315068493,754.0499877929688,0.675,0.014814814814814828,0.35143558688413923
SPY270617P00270000,2026-08-28 13:32:57+00:00,270.0,0.71,0.7,0.71,0.0,0.0,1.0,77.0,0.5136767382812499,False,REGULAR,USD,put,2027-06-17,0.7506849315068493,754.0499877929688,0.705,0.014184397163120581,0.3580664470140287
SPY270617P00275000,2026-09-15 13:34:28+00:00,275.0,0.72,0.73,0.75,0.0,0.0,1.0,60.0,0.5083056982421875,False,REGULAR,USD,put,2027-06-17,0.7506849315068493,754.0499877929688,0.74,0.027027027027027053,0.36469730714391807
SPY270617P00280000,2026-07-24 16:53:55+00:00,280.0,1.22,0.87,0.88,0.0,0.0,1.0,58.0,0.5109912182617188,False,REGULAR,USD,put,2027-06-17,0.7506849315068493,754.0499877929688,0.875,0.011428571428571439,0.3713281672738075
SPY270617P00285000,2026-08-31 13:51:36+00:00,285.0,0.82,0.81,0.82,0.0,0.0,3.0,31.0,0.49805189453125004,False,REGULAR,USD,put,2027-06-17,0.7506849315068493,754.0499877929688,0.815,0.012269938650306624,0.3779590274036969
SPY270617P00290000,2026-09-01 14:42:46+00:00,290.0,0.83,0.84,0.85,0.0,0.0,2.0,48.0,0.49219257812500006,False,REGULAR,USD,put,2027-06-17,0.7506849315068493,754.0499877929688,0.845,0.011834319526627229,0.38458988753358636
SPY270617P00295000,2026-09-15 17:24:38+00:00,295.0,0.84,0.88,0.89,-0.04000002,-4.545457,1.0,246.0,0.48694360717773444,False,REGULAR,USD,put,2027-06-17,0.7506849315068493,754.0499877929688,0.885,0.011299435028248598,0.39122074766347575
SPY270617P00300000,2026-09-16 19:15:01+00:00,300.0,0.96,0.92,0.93,0.049999952,5.4945,6.0,4764.0,0.48169463623046876,False,REGULAR,USD,put,2027-06-17,0.7506849315068493,754.0499877929688,0.925,0.01081081081081082,0.39785160779336515
SPY270617P00305000,2026-09-08 14:25:04+00:00,305.0,0.89,0.96,0.97,0.0,0.0,2.0,84.0,0.4764456652832031,False,REGULAR,USD,put,2027-06-17,0.7506849315068493,754.0499877929688,0.965,0.010362694300518144,0.4044824679232546
SPY270617P00310000,2026-09-01 19:22:15+00:00,310.0,1.01,1.01,1.02,0.0,0.0,1.0,38.0,0.4718070397949219,False,REGULAR,USD,put,2027-06-17,0.7506849315068493,754.0499877929688,1.0150000000000001,0.00985221674876848,0.411113328053144
SPY270617P00315000,2026-09-16 18:53:25+00:00,315.0,1.05,1.05,1.06,-0.19000006,-15.322585,1.0,25.0,0.4664359997558594,False,REGULAR,USD,put,2027-06-17,0.7506849315068493,754.0499877929688,1.0550000000000002,0.009478672985781998,0.41774418818303344
SPY270617P00320000,2026-09-16 18:56:05+00:00,320.0,1.1,1.09,1.1,0.01999998,1.85185,11.0,265.0,0.46106495971679695,False,REGULAR,USD,put,2027-06-17,0.7506849315068493,754.0499877929688,1.0950000000000002,0.009132420091324207,0.42437504831292283
SPY270617P00325000,2026-09-16 18:52:13+00:00,325.0,1.14,1.14,1.15,0.00999999,0.8849549,40.0,265.0,0.4563042651367188,False,REGULAR,USD,put,2027-06-17,0.7506849315068493,754.0499877929688,1.145,0.00873362445414848,0.4310059084428123
SPY270617P00330000,2026-09-16 18:59:27+00:00,330.0,1.2,1.19,1.2,0.03000009,2.5641105,17.0,172.0,0.4514825360107422,False,REGULAR,USD,put,2027-06-17,0.7506849315068493,754.0499877929688,1.1949999999999998,0.008368200836820092,0.4376367685727017
SPY270617P00335000,2026-09-11 19:44:44+00:00,335.0,1.17,1.24,1.25,0.0,0.0,6.0,79.0,0.4466608068847656,False,REGULAR,USD,put,2027-06-17,0.7506849315068493,754.0499877929688,1.245,0.008032128514056231,0.4442676287025911
SPY270617P00340000,2026-09-03 19:53:30+00:00,340.0,1.18,1.29,1.3,0.0,0.0,10.0,2905.0,0.44171700866699215,False,REGULAR,USD,put,2027-06-17,0.7506849315068493,754.0499877929688,1.295,0.007722007722007729,0.4508984888324805
SPY270617P00345000,2026-09-16 17:44:37+00:00,345.0,1.29,1.34,1.35,-0.00999999,-0.76923007,16.0,32.0,0.43677321044921874,False,REGULAR,USD,put,2027-06-17,0.7506849315068493,754.0499877929688,1.3450000000000002,0.007434944237918221,0.45752934896236996
SPY270617P00350000,2026-09-16 19:10:09+00:00,350.0,1.42,1.39,1.4,0.059999943,4.4117603,92.0,577.0,0.43182941223144533,False,REGULAR,USD,put,2027-06-17,0.7506849315068493,754.0499877929688,1.395,0.007168458781362013,0.46416020909225936
SPY270617P00355000,2026-09-16 18:52:09+00:00,355.0,1.43,1.45,1.46,-0.05000007,-3.3783832,6.0,359.0,0.42731285583496104,False,REGULAR,USD,put,2027-06-17,0.7506849315068493,754.0499877929688,1.455,0.006872852233676982,0.4707910692221488
SPY270617P00360000,2026-09-03 19:53:52+00:00,360.0,1.36,1.51,1.52,0.0,0.0,10.0,173.0,0.42273526489257807,False,REGULAR,USD,put,2027-06-17,0.7506849315068493,754.0499877929688,1.5150000000000001,0.006600660066006606,0.4774219293520382
SPY270617P00365000,2026-09-16 19:11:46+00:00,365.0,1.61,1.57,1.58,0.060000062,3.870972,325.0,419.0,0.41809663940429687,False,REGULAR,USD,put,2027-06-17,0.7506849315068493,754.0499877929688,1.5750000000000002,0.006349206349206354,0.48405278948192765
SPY270617P00370000,2026-08-26 18:59:36+00:00,370.0,1.7,1.63,1.64,0.0,0.0,2.0,177.0,0.41345801391601555,False,REGULAR,USD,put,2027-06-17,0.7506849315068493,754.0499877929688,1.6349999999999998,0.0061162079510703425,0.49068364961181704
SPY270617P00375000,2026-09-15 15:59:50+00:00,375.0,1.66,1.69,1.7,0.0,0.0,2.0,213.0,0.40881938842773435,False,REGULAR,USD,put,2027-06-17,0.7506849315068493,754.0499877929688,1.6949999999999998,0.0058997050147492685,0.4973145097417065
SPY270617P00380000,2026-09-01 13:35:47+00:00,380.0,1.75,1.75,1.76,0.0,0.0,1.0,225.0,0.40405869384765625,False,REGULAR,USD,put,2027-06-17,0.7506849315068493,754.0499877929688,1.755,0.0056980056980057035,0.5039453698715959
SPY270617P00385000,2026-09-16 15:03:38+00:00,385.0,1.74,1.82,1.83,0.09000003,5.454548,1.0,237.0,0.3997252410888672,False,REGULAR,USD,put,2027-06-17,0.7506849315068493,754.0499877929688,1.8250000000000002,0.005479452054794525,0.5105762300014853
SPY270617P00390000,2026-09-08 15:02:42+00:00,390.0,1.71,1.89,1.9,0.0,0.0,1.0,468.0,0.3952697192382813,False,REGULAR,USD,put,2027-06-17,0.7506849315068493,754.0499877929688,1.895,0.0052770448548812715,0.5172070901313748
SPY270617P00395000,2026-09-15 14:51:58+00:00,395.0,1.94,1.96,1.97,0.0,0.0,1.0,119.0,0.3908141973876953,False,REGULAR,USD,put,2027-06-17,0.7506849315068493,754.0499877929688,1.9649999999999999,0.005089058524173033,0.5238379502612641
SPY270617P00400000,2026-09-16 17:13:46+00:00,400.0,1.95,2.03,2.04,-0.029999971,-1.5151501,69.0,4374.0,0.3862976409912109,False,REGULAR,USD,put,2027-06-17,0.7506849315068493,754.0499877929688,2.035,0.0049140049140050275,0.5304688103911536
SPY270617P00405000,2026-09-14 17:06:03+00:00,405.0,2.0,2.11,2.12,0.0,0.0,1.0,66.0,0.3820862573242187,False,REGULAR,USD,put,2027-06-17,0.7506849315068493,754.0499877929688,2.115,0.004728132387706964,0.537099670521043
SPY270617P00410000,2026-09-15 19:52:20+00:00,410.0,2.13,2.19,2.2,0.0,0.0,1.0,442.0,0.37781383911132804,False,REGULAR,USD,put,2027-06-17,0.7506849315068493,754.0499877929688,2.1950000000000003,0.004555808656036551,0.5437305306509324
SPY270617P00415000,2026-09-11 15:04:56+00:00,415.0,2.16,2.27,2.28,0.0,0.0,28.0,544.0,0.37354142089843745,False,REGULAR,USD,put,2027-06-17,0.7506849315068493,754.0499877929688,2.275,0.004395604395604302,0.5503613907808218
SPY270617P00420000,2026-09-09 19:54:13+00:00,420.0,2.25,2.35,2.36,0.0,0.0,39.0,363.0,0.3691774508666992,False,REGULAR,USD,put,2027-06-17,0.7506849315068493,754.0499877929688,2.355,0.004246284501061481,0.5569922509107113
SPY270617P00425000,2026-09-16 19:05:58+00:00,425.0,2.44,2.43,2.44,0.07000017,2.953594,1.0,1041.0,0.364813480834961,False,REGULAR,USD,put,2027-06-17,0.7506849315068493,754.0499877929688,2.435,0.0041067761806980645,0.5636231110406007
SPY270617P00430000,2026-09-15 17:20:59+00:00,430.0,2.45,2.52,2.53,0.0,0.0,1.0,606.0,0.3606326144409179,False,REGULAR,USD,put,2027-06-17,0.7506849315068493,754.0499877929688,2.525,0.003960396039603876,0.57025397117049
SPY270617P00435000,2026-09-15 17:24:48+00:00,435.0,2.54,2.61,2.62,0.0,0.0,1.0,175.0,0.35642123077392573,False,REGULAR,USD,put,2027-06-17,0.7506849315068493,754.0499877929688,2.615,0.0038240917782027648,0.5768848313003795
SPY270617P00440000,2026-09-14 19:47:25+00:00,440.0,2.57,2.71,2.72,0.0,0.0,11.0,874.0,0.35242346801757807,False,REGULAR,USD,put,2027-06-17,0.7506849315068493,754.0499877929688,2.715,0.003683241252302111,0.5835156914302689
SPY270617P00445000,2026-09-16 20:06:11+00:00,445.0,2.81,2.8,2.81,0.049999952,1.8115925,61.0,1362.0,0.34812053253173825,False,REGULAR,USD,put,2027-06-17,0.7506849315068493,754.0499877929688,2.8049999999999997,0.003565062388591883,0.5901465515601584
SPY270617P00450000,2026-09-15 15:02:14+00:00,450.0,2.87,2.9,2.91,0.0,0.0,1.0,4909.0,0.34400070068359373,False,REGULAR,USD,put,2027-06-17,0.7506849315068493,754.0499877929688,2.9050000000000002,0.003442340791738461,0.5967774116900477
SPY270617P00455000,2026-09-16 18:54:18+00:00,455.0,2.99,3.01,3.02,0.059999943,2.0477796,28.0,394.0,0.34009448974609374,False,REGULAR,USD,put,2027-06-17,0.7506849315068493,754.0499877929688,3.0149999999999997,0.0033167495854063787,0.6034082718199372
SPY270617P00460000,2026-09-16 19:27:54+00:00,460.0,3.26,3.11,3.13,0.19000006,6.188927,10.0,422.0,0.3360662097167969,False,REGULAR,USD,put,2027-06-17,0.7506849315068493,754.0499877929688,3.12,0.006410256410256416,0.6100391319498266
SPY270617P00465000,2026-09-16 19:20:32+00:00,465.0,3.35,3.23,3.24,0.25,8.064516,3.0,955.0,0.3320379296875,False,REGULAR,USD,put,2027-06-17,0.7506849315068493,754.0499877929688,3.2350000000000003,0.003091190108191725,0.6166699920797161
SPY270617P00470000,2026-09-16 20:06:12+00:00,470.0,3.35,3.34,3.35,0.13999987,4.3613663,28.0,757.0,0.32794861511230466,False,REGULAR,USD,put,2027-06-17,0.7506849315068493,754.0499877929688,3.3449999999999998,0.0029895366218236864,0.6233008522096054
SPY270617P00475000,2026-09-10 18:49:55+00:00,475.0,3.51,3.46,3.48,0.0,0.0,4.0,2341.0,0.32416447326660147,False,REGULAR,USD,put,2027-06-17,0.7506849315068493,754.0499877929688,3.4699999999999998,0.005763688760806922,0.6299317123394949
SPY270617P00480000,2026-09-01 15:58:22+00:00,480.0,3.45,3.59,3.6,0.0,0.0,64.0,368.0,0.3201667105102538,False,REGULAR,USD,put,2027-06-17,0.7506849315068493,754.0499877929688,3.5949999999999998,0.002781641168289355,0.6365625724693843
SPY270617P00485000,2026-09-16 13:41:06+00:00,485.0,3.56,3.72,3.73,0.26999998,8.206686,25.0,485.0,0.31629101684570304,False,REGULAR,USD,put,2027-06-17,0.7506849315068493,754.0499877929688,3.725,0.0026845637583892044,0.6431934325992738
SPY270617P00490000,2026-09-16 19:34:54+00:00,490.0,3.92,3.85,3.87,0.17000008,4.533335,15.0,789.0,0.31250687499999996,False,REGULAR,USD,put,2027-06-17,0.7506849315068493,754.0499877929688,3.8600000000000003,0.005181347150259072,0.6498242927291631
SPY270617P00495000,2026-09-03 13:30:01+00:00,495.0,3.62,4.0,4.01,0.0,0.0,1.0,900.0,0.30869221588134765,False,REGULAR,USD,put,2027-06-17,0.7506849315068493,754.0499877929688,4.005,0.00249687890137323,0.6564551528590525
SPY270617P00500000,2026-09-16 19:25:57+00:00,500.0,4.36,4.14,4.16,0.34000015,8.457715,88.0,8716.0,0.30493859130859374,False,REGULAR,USD,put,2027-06-17,0.7506849315068493,754.0499877929688,4.15,0.0048192771084338455,0.663086012988942
SPY270617P00505000,2026-09-11 18:26:35+00:00,505.0,4.02,4.3,4.31,0.0,0.0,3.0,1704.0,0.3011544494628906,False,REGULAR,USD,put,2027-06-17,0.7506849315068493,754.0499877929688,4.305,0.00232288037166081,0.6697168731188313
SPY270617P00510000,2026-09-15 17:21:36+00:00,510.0,4.34,4.46,4.47,0.0,0.0,33.0,585.0,0.29743134216308587,False,REGULAR,USD,put,2027-06-17,0.7506849315068493,754.0499877929688,4.465,0.0022396416573347787,0.6763477332487208
SPY270617P00515000,2026-09-16 19:30:08+00:00,515.0,4.79,4.62,4.64,0.3800001,8.616783,1.0,1242.0,0.2937997866821288,False,REGULAR,USD,put,2027-06-17,0.7506849315068493,754.0499877929688,4.63,0.004319654427645697,0.6829785933786102
SPY270617P00520000,2026-09-16 19:43:35+00:00,520.0,4.87,4.8,4.81,0.40999985,9.1928215,1.0,2058.0,0.2900766793823242,False,REGULAR,USD,put,2027-06-17,0.7506849315068493,754.0499877929688,4.805,0.002081165452653442,0.6896094535084997
SPY270617P00525000,2026-09-11 19:59:31+00:00,525.0,5.02,4.98,5.0,0.3699999,7.9569864,1.0,1551.0,0.286567192993164,False,REGULAR,USD,put,2027-06-17,0.7506849315068493,754.0499877929688,4.99,0.004008016032064043,0.696240313638389
SPY270617P00530000,2026-09-16 20:06:31+00:00,530.0,5.17,5.17,5.19,0.28999996,5.942622,26.0,2167.0,0.2829661547851562,False,REGULAR,USD,put,2027-06-17,0.7506849315068493,754.0499877929688,5.18,0.0038610038610039504,0.7028711737682785
SPY270617P00535000,2026-09-16 13:48:10+00:00,535.0,5.1,5.37,5.38,-0.1500001,-2.8571446,1.0,2830.0,0.2792735647583008,False,REGULAR,USD,put,2027-06-17,0.7506849315068493,754.0499877929688,5.375,0.0018604651162790302,0.7095020338981679
SPY270617P00540000,2026-09-16 14:47:32+00:00,540.0,5.27,5.58,5.59,-0.07000017,-1.3108646,5.0,2965.0,0.2757640783691406,False,REGULAR,USD,put,2027-06-17,0.7506849315068493,754.0499877929688,5.585,0.0017905102954341606,0.7161328940280574
SPY270617P00545000,2026-09-15 13:30:00+00:00,545.0,5.53,5.79,5.81,0.0,0.0,1.0,4144.0,0.2722851092529296,False,REGULAR,USD,put,2027-06-17,0.7506849315068493,754.0499877929688,5.8,0.003448275862068892,0.7227637541579467
SPY270617P00550000,2026-09-16 16:23:15+00:00,550.0,5.7,6.02,6.04,-0.1500001,-2.5641043,3.0,4193.0,0.2688366574096679,False,REGULAR,USD,put,2027-06-17,0.7506849315068493,754.0499877929688,6.029999999999999,0.0033167495854063787,0.7293946142878361
SPY270617P00555000,2026-09-11 18:33:20+00:00,555.0,5.81,6.26,6.28,0.0,0.0,13.0,1710.0,0.2654187228393554,False,REGULAR,USD,put,2027-06-17,0.7506849315068493,754.0499877929688,6.27,0.0031897926634769477,0.7360254744177256
SPY270617P00560000,2026-09-16 19:35:54+00:00,560.0,6.69,6.51,6.52,0.40999985,6.52866,5.0,2377.0,0.26187871917724614,False,REGULAR,USD,put,2027-06-17,0.7506849315068493,754.0499877929688,6.515,0.001534919416730589,0.742656334547615
SPY270617P00565000,2026-09-16 17:47:05+00:00,565.0,6.45,6.77,6.78,-0.16000032,-2.4205797,573.0,3551.0,0.2584760432434083,False,REGULAR,USD,put,2027-06-17,0.7506849315068493,754.0499877929688,6.775,0.001476014760147701,0.7492871946775044
SPY270617P00570000,2026-09-16 16:12:34+00:00,570.0,6.64,7.04,7.06,-0.23000002,-3.3478897,30.0,2449.0,0.255164919128418,False,REGULAR,USD,put,2027-06-17,0.7506849315068493,754.0499877929688,7.05,0.002836879432624053,0.7559180548073938
SPY270617P00575000,2026-09-16 16:20:35+00:00,575.0,6.91,7.31,7.35,0.01999998,0.29027548,57.0,3254.0,0.2518537950134277,False,REGULAR,USD,put,2027-06-17,0.7506849315068493,754.0499877929688,7.33,0.0054570259208731285,0.7625489149372833
SPY270617P00580000,2026-09-14 13:49:28+00:00,580.0,7.37,7.61,7.66,0.0,0.0,10.0,2671.0,0.24860370544433597,False,REGULAR,USD,put,2027-06-17,0.7506849315068493,754.0499877929688,7.635,0.006548788474132263,0.7691797750671727
SPY270617P00585000,2026-09-14 18:24:30+00:00,585.0,7.45,7.92,7.97,0.0,0.0,23.0,2499.0,0.2452620640563965,False,REGULAR,USD,put,2027-06-17,0.7506849315068493,754.0499877929688,7.945,0.006293266205160456,0.7758106351970621
SPY270617P00590000,2026-09-16 19:50:41+00:00,590.0,8.28,8.25,8.3,0.22999954,2.8571372,10.0,2303.0,0.2419814572143555,False,REGULAR,USD,put,2027-06-17,0.7506849315068493,754.0499877929688,8.275,0.006042296072507639,0.7824414953269515
SPY270617P00595000,2026-09-16 18:47:20+00:00,595.0,8.27,8.59,8.65,0.34000063,4.2875237,4.0,1903.0,0.23874662628173826,False,REGULAR,USD,put,2027-06-17,0.7506849315068493,754.0499877929688,8.620000000000001,0.006960556844547621,0.789072355456841
SPY270617P00600000,2026-09-16 18:59:52+00:00,600.0,9.04,8.95,9.01,0.35999966,4.1474614,41.0,7177.0,0.23548127807617186,False,REGULAR,USD,put,2027-06-17,0.7506849315068493,754.0499877929688,8.98,0.006681514476614754,0.7957032155867303
SPY270617P00605000,2026-09-16 19:34:54+00:00,605.0,9.53,9.33,9.39,0.4499998,4.955945,21.0,2104.0,0.2322464471435547,False,REGULAR,USD,put,2027-06-17,0.7506849315068493,754.0499877929688,9.36,0.006410256410256464,0.8023340757166197
SPY270617P00610000,2026-09-16 18:41:32+00:00,610.0,9.33,9.73,9.78,-0.07999992,-0.85015863,6.0,2327.0,0.22896584030151368,False,REGULAR,USD,put,2027-06-17,0.7506849315068493,754.0499877929688,9.754999999999999,0.00512557662737047,0.8089649358465092
SPY270617P00615000,2026-09-16 19:34:54+00:00,615.0,10.37,10.15,10.2,0.48999977,4.9595118,18.0,2494.0,0.2257767852783203,False,REGULAR,USD,put,2027-06-17,0.7506849315068493,754.0499877929688,10.175,0.004914004914004809,0.8155957959763986
SPY270617P00620000,2026-09-15 19:17:47+00:00,620.0,10.29,10.59,10.64,0.0,0.0,11.0,3041.0,0.22260298889160152,False,REGULAR,USD,put,2027-06-17,0.7506849315068493,754.0499877929688,10.615,0.004710315591144674,0.822226656106288
SPY270617P00625000,2026-09-16 19:35:38+00:00,625.0,11.37,11.04,11.1,0.5799999,5.3753467,2.0,3512.0,0.2194444511413574,False,REGULAR,USD,put,2027-06-17,0.7506849315068493,754.0499877929688,11.07,0.0054200542005420505,0.8288575162361774
SPY270617P00630000,2026-09-16 19:34:54+00:00,630.0,11.78,11.53,11.59,0.3800001,3.3333344,5.0,2644.0,0.2163316893005371,False,REGULAR,USD,put,2027-06-17,0.7506849315068493,754.0499877929688,11.559999999999999,0.005190311418685165,0.8354883763660669
SPY270617P00635000,2026-09-10 15:46:59+00:00,635.0,11.98,12.03,12.1,0.0,0.0,4.0,2784.0,0.2132036688232422,False,REGULAR,USD,put,2027-06-17,0.7506849315068493,754.0499877929688,12.065,0.005801906340654811,0.8421192364959563
SPY270617P00640000,2026-09-15 20:11:03+00:00,640.0,12.7,12.56,12.63,0.5799999,4.785478,1.0,1212.0,0.21005276039123535,False,REGULAR,USD,put,2027-06-17,0.7506849315068493,754.0499877929688,12.595,0.005557761016276323,0.8487500966258457
SPY270617P00645000,2026-09-16 16:40:40+00:00,645.0,12.38,13.12,13.19,0.09000015,0.7323039,2.0,2476.0,0.20693236923217767,False,REGULAR,USD,put,2027-06-17,0.7506849315068493,754.0499877929688,13.155,0.005321170657544682,0.8553809567557351
SPY270617P00650000,2026-09-16 19:30:02+00:00,650.0,14.28,13.71,13.78,0.9200001,6.886228,105.0,3248.0,0.20383486602783202,False,REGULAR,USD,put,2027-06-17,0.7506849315068493,754.0499877929688,13.745000000000001,0.0050927610040013465,0.8620118168856246
SPY270617P00655000,2026-09-16 19:19:22+00:00,655.0,15.0,14.33,14.41,1.3699999,10.051356,103.0,1721.0,0.20079839736938476,False,REGULAR,USD,put,2027-06-17,0.7506849315068493,754.0499877929688,14.370000000000001,0.005567153792623526,0.868642677015514
SPY270617P00660000,2026-09-16 19:35:25+00:00,660.0,15.36,14.97,15.05,0.8299999,5.712319,2.0,4081.0,0.19763985961914063,False,REGULAR,USD,put,2027-06-17,0.7506849315068493,754.0499877929688,15.010000000000002,0.0053297801465689585,0.8752735371454033
SPY270617P00665000,2026-09-11 19:30:22+00:00,665.0,16.1,15.65,15.74,1.7600002,12.273363,1.0,2932.0,0.19458813232421873,False,REGULAR,USD,put,2027-06-17,0.7506849315068493,754.0499877929688,15.695,0.0057343102899012335,0.8819043972752928
SPY270617P00670000,2026-09-15 14:58:17+00:00,670.0,16.15,16.37,16.44,0.0,0.0,1.0,4449.0,0.1914143359375,False,REGULAR,USD,put,2027-06-17,0.7506849315068493,754.0499877929688,16.405,0.004266991770801602,0.8885352574051822
SPY270617P00675000,2026-09-14 16:49:16+00:00,675.0,15.75,17.11,17.19,0.0,0.0,11.0,3530.0,0.1883015740966797,False,REGULAR,USD,put,2027-06-17,0.7506849315068493,754.0499877929688,17.15,0.004664723032070079,0.8951661175350717
SPY270617P00680000,2026-09-16 19:21:38+00:00,680.0,18.78,17.9,17.99,1.2600002,7.191782,17.0,7312.0,0.18524984680175777,False,REGULAR,USD,put,2027-06-17,0.7506849315068493,754.0499877929688,17.945,0.005015324602953461,0.901796977664961
SPY270617P00685000,2026-09-16 19:13:03+00:00,685.0,19.03,18.72,18.8,1.6200008,9.305002,5.0,16277.0,0.18205316246032713,False,REGULAR,USD,put,2027-06-17,0.7506849315068493,754.0499877929688,18.759999999999998,0.004264392324093915,0.9084278377948505
SPY270617P00690000,2026-09-16 19:38:39+00:00,690.0,20.09,19.59,19.67,1.2199993,6.465285,5.0,2758.0,0.1789327713012695,False,REGULAR,USD,put,2027-06-17,0.7506849315068493,754.0499877929688,19.630000000000003,0.004075394803871719,0.9150586979247399
SPY270617P00695000,2026-09-16 19:19:58+00:00,695.0,21.39,20.49,20.58,1.289999,6.417906,2.0,2092.0,0.1757894921875,False,REGULAR,USD,put,2027-06-17,0.7506849315068493,754.0499877929688,20.534999999999997,0.00438276113951789,0.9216895580546293
SPY270617P00700000,2026-09-16 19:54:07+00:00,700.0,21.55,21.43,21.58,0.6899986,3.3077593,37.0,9107.0,0.17282931671142582,False,REGULAR,USD,put,2027-06-17,0.7506849315068493,754.0499877929688,21.505,0.006975122064636065,0.9283204181845187
SPY270617P00705000,2026-09-16 16:56:40+00:00,705.0,21.15,22.43,22.59,0.32999992,1.5850141,16.0,2659.0,0.16967077896118166,False,REGULAR,USD,put,2027-06-17,0.7506849315068493,754.0499877929688,22.509999999999998,0.007107952021323863,0.9349512783144082
SPY270617P00710000,2026-09-16 19:30:45+00:00,710.0,24.3,23.48,23.65,2.5299988,11.621491,2.0,14321.0,0.16648935325622563,False,REGULAR,USD,put,2027-06-17,0.7506849315068493,754.0499877929688,23.564999999999998,0.007214088690855004,0.9415821384442976
SPY270617P00715000,2026-09-16 19:45:20+00:00,715.0,25.18,24.59,24.76,2.3700008,10.390184,29.0,2206.0,0.16326978096008302,False,REGULAR,USD,put,2027-06-17,0.7506849315068493,754.0499877929688,24.675,0.0068895643363729156,0.948212998574187
SPY270617P00720000,2026-09-16 19:29:52+00:00,720.0,26.84,25.72,25.93,2.040001,8.22581,13.0,3557.0,0.16004257934570312,False,REGULAR,USD,put,2027-06-17,0.7506849315068493,754.0499877929688,25.825,0.008131655372700905,0.9548438587040764
SPY270617P00725000,2026-09-16 19:33:25+00:00,725.0,27.7,26.98,27.16,1.4000015,5.3231997,14.0,1306.0,0.15678486045837406,False,REGULAR,USD,put,2027-06-17,0.7506849315068493,754.0499877929688,27.07,0.006649427410417426,0.9614747188339658
SPY270617P00730000,2026-09-16 19:23:58+00:00,730.0,29.8,28.28,28.46,2.5,9.15751,14.0,4320.0,0.1535271415710449,False,REGULAR,USD,put,2027-06-17,0.7506849315068493,754.0499877929688,28.37,0.006344730348960159,0.9681055789638553
SPY270617P00735000,2026-09-16 17:52:22+00:00,735.0,28.01,29.67,29.81,-1.6900005,-5.6902375,214.0,2056.0,0.15016261222839358,False,REGULAR,USD,put,2027-06-17,0.7506849315068493,754.0499877929688,29.740000000000002,0.004707464694014694,0.9747364390937446
SPY270617P00740000,2026-09-16 19:19:06+00:00,740.0,32.35,31.09,31.27,1.6699982,5.4432797,241.0,2820.0,0.14691252265930174,False,REGULAR,USD,put,2027-06-17,0.7506849315068493,754.0499877929688,31.18,0.005772931366260415,0.9813672992236341
SPY270617P00745000,2026-09-16 19:41:37+00:00,745.0,33.26,32.61,32.8,1.5299988,4.8219314,19.0,1800.0,0.1435937692260742,False,REGULAR,USD,put,2027-06-17,0.7506849315068493,754.0499877929688,32.705,0.005809509249350183,0.9879981593535235
SPY270617P00750000,2026-09-16 19:29:50+00:00,750.0,35.66,34.17,34.41,2.3899994,7.183647,35.0,7737.0,0.14022923988342287,False,REGULAR,USD,put,2027-06-17,0.7506849315068493,754.0499877929688,34.29,0.006999125109361181,0.994629019483413
SPY270617P00755000,2026-09-16 19:34:49+00:00,755.0,36.76,35.86,36.13,1.9199982,5.510902,34.0,2016.0,0.13690285713195802,True,REGULAR,USD,put,2027-06-17,0.7506849315068493,754.0499877929688,35.995000000000005,0.0075010418113627755,1.0012598796133023
SPY270617P00760000,2026-09-16 19:29:50+00:00,760.0,39.21,37.65,37.94,2.4899979,6.7810397,647.0,4511.0,0.1335078105163574,True,REGULAR,USD,put,2027-06-17,0.7506849315068493,754.0499877929688,37.795,0.007672972615425298,1.0078907397431918
SPY270617P00765000,2026-09-16 19:32:54+00:00,765.0,40.79,39.63,39.87,2.2600021,5.865565,40.0,2011.0,0.13014328117370602,True,REGULAR,USD,put,2027-06-17,0.7506849315068493,754.0499877929688,39.75,0.006037735849056475,1.0145215998730812
SPY270617P00770000,2026-09-16 19:18:26+00:00,770.0,43.28,41.63,41.91,2.8199997,6.9698462,115.0,2171.0,0.12674060523986816,True,REGULAR,USD,put,2027-06-17,0.7506849315068493,754.0499877929688,41.769999999999996,0.0067033756284413226,1.0211524600029707
SPY270617P00775000,2026-09-16 16:04:37+00:00,775.0,41.01,43.79,44.08,-1.3300018,-3.141242,6.0,1861.0,0.1233379293060303,True,REGULAR,USD,put,2027-06-17,0.7506849315068493,754.0499877929688,43.935,0.006600660066006581,1.0277833201328601
SPY270617P00780000,2026-09-16 16:33:56+00:00,780.0,43.41,46.08,46.37,-1.2700005,-2.842436,10.0,1974.0,0.11985896018981931,True,REGULAR,USD,put,2027-06-17,0.7506849315068493,754.0499877929688,46.224999999999994,0.00627366143861545,1.0344141802627496
SPY270617P00785000,2026-09-16 16:04:31+00:00,785.0,45.42,48.51,48.8,-1.4100037,-3.010898,7.0,1120.0,0.1163571031188965,True,REGULAR,USD,put,2027-06-17,0.7506849315068493,754.0499877929688,48.655,0.005960332956530657,1.0410450403926388
SPY270617P00790000,2026-09-16 15:14:50+00:00,790.0,47.62,51.09,51.36,-1.6800003,-3.4077086,2.0,1080.0,0.11274843559265135,True,REGULAR,USD,put,2027-06-17,0.7506849315068493,754.0499877929688,51.225,0.005270863836017492,1.0476759005225282
SPY270617P00795000,2026-09-16 15:14:50+00:00,795.0,50.16,52.38,55.52,-1.1599998,-2.260327,2.0,1206.0,0.11535766242980958,True,REGULAR,USD,put,2027-06-17,0.7506849315068493,754.0499877929688,53.95,0.0582020389249305,1.0543067606524177
SPY270617P00800000,2026-09-16 19:40:46+00:00,800.0,58.08,55.2,59.11,3.0900002,5.619203,64.0,6849.0,0.11511352424621582,True,REGULAR,USD,put,2027-06-17,0.7506849315068493,754.0499877929688,57.155,0.0684104627766599,1.0609376207823071
SPY270617P00805000,2026-09-15 14:05:11+00:00,805.0,57.01,58.0,62.21,0.0,0.0,1.0,2368.0,0.11210757286071776,True,REGULAR,USD,put,2027-06-17,0.7506849315068493,754.0499877929688,60.105000000000004,0.07004408951002414,1.0675684809121966
SPY270617P00810000,2026-09-01 19:56:43+00:00,810.0,59.79,61.6,65.51,0.0,0.0,1.0,654.0,0.10932287170410156,True,REGULAR,USD,put,2027-06-17,0.7506849315068493,754.0499877929688,63.55500000000001,0.061521516796475544,1.074199341042086
SPY270617P00815000,2026-09-10 13:50:49+00:00,815.0,65.0,65.0,69.02,0.0,0.0,1.0,1795.0,0.10682045532226564,True,REGULAR,USD,put,2027-06-17,0.7506849315068493,754.0499877929688,67.00999999999999,0.05999104611252047,1.0808302011719755
SPY270617P00820000,2026-09-11 19:24:12+00:00,820.0,62.88,68.53,72.5,0.0,0.0,14.0,1836.0,0.10331096893310546,True,REGULAR,USD,put,2027-06-17,0.7506849315068493,754.0499877929688,70.515,0.05630007799758915,1.0874610613018647
SPY270617P00825000,2026-09-11 13:53:42+00:00,825.0,66.64,72.49,76.5,0.0,0.0,8.0,209.0,0.10193769165039063,True,REGULAR,USD,put,2027-06-17,0.7506849315068493,754.0499877929688,74.495,0.053829116048056985,1.0940919214317542
SPY270617P00830000,2026-09-04 14:26:42+00:00,830.0,65.54,76.69,80.7,0.0,0.0,15.0,560.0,0.10117475982666015,True,REGULAR,USD,put,2027-06-17,0.7506849315068493,754.0499877929688,78.695,0.050956223394116595,1.1007227815616436
SPY270617P00835000,2026-09-16 18:45:19+00:00,835.0,78.2,81.14,85.13,-1.3700027,-1.7217579,1.0,3205.0,0.10140363937377928,True,REGULAR,USD,put,2027-06-17,0.7506849315068493,754.0499877929688,83.13499999999999,0.047994226258495164,1.107353641691533
SPY270617P00840000,2026-09-14 14:17:18+00:00,840.0,82.18,85.76,89.96,0.0,0.0,1.0,3271.0,0.10421122848510739,True,REGULAR,USD,put,2027-06-17,0.7506849315068493,754.0499877929688,87.86,0.04780332346915535,1.1139845018214225
SPY270617P00845000,2026-09-08 17:15:04+00:00,845.0,80.74,90.52,94.71,0.0,0.0,2.0,2721.0,0.10625588577270509,True,REGULAR,USD,put,2027-06-17,0.7506849315068493,754.0499877929688,92.615,0.045241051665496926,1.120615361951312
SPY270617P00850000,2026-09-10 18:27:06+00:00,850.0,93.56,95.38,99.57,0.0,0.0,7.0,2093.0,0.10900244033813475,True,REGULAR,USD,put,2027-06-17,0.7506849315068493,754.0499877929688,97.475,0.042985380866888925,1.1272462220812014
SPY270617P00855000,2026-09-14 18:11:34+00:00,855.0,93.89,100.34,104.52,0.0,0.0,26.0,922.0,0.11237459899902343,True,REGULAR,USD,put,2027-06-17,0.7506849315068493,754.0499877929688,102.43,0.04080835692668156,1.1338770822110908
SPY270617P00860000,2026-09-15 19:58:38+00:00,860.0,104.0,105.32,109.51,0.0,0.0,17.0,176.0,0.11600615447998047,True,REGULAR,USD,put,2027-06-17,0.7506849315068493,754.0499877929688,107.41499999999999,0.03900758739468428,1.14050794234098
SPY270617P00865000,2026-09-14 18:31:52+00:00,865.0,104.56,110.3,114.49,0.0,0.0,10.0,46.0,0.11950038223266601,True,REGULAR,USD,put,2027-06-17,0.7506849315068493,754.0499877929688,112.395,0.037279238400284694,1.1471388024708695
SPY270617P00870000,2026-08-17 19:59:00+00:00,870.0,97.89,115.3,119.48,0.0,0.0,4.0,1.0,0.12302512725830078,True,REGULAR,USD,put,2027-06-17,0.7506849315068493,754.0499877929688,117.39,0.03560780304966357,1.153769662600759
SPY270617P00880000,2026-09-14 14:17:18+00:00,880.0,120.98,125.3,129.49,0.0,0.0,1.0,1.0,0.13021194503784178,True,REGULAR,USD,put,2027-06-17,0.7506849315068493,754.0499877929688,127.39500000000001,0.032889830841084905,1.1670313828605379
SPY270617P00885000,2026-08-17 20:04:32+00:00,885.0,112.24,130.3,134.48,0.0,0.0,2.0,0.0,0.13359936233520509,True,REGULAR,USD,put,2027-06-17,0.7506849315068493,754.0499877929688,132.39,0.031573381675352966,1.1736622429904273
SPY270617P00900000,2026-08-06 20:05:39+00:00,900.0,130.98,145.93,149.48,0.0,0.0,1.0,0.0,0.1437768728637695,True,REGULAR,USD,put,2027-06-17,0.7506849315068493,754.0499877929688,147.70499999999998,0.024034392877695293,1.1935548233800954
SPY270917C00050000,2026-09-16 19:33:55+00:00,50.0,704.39,701.61,706.5,7.6099854,1.0921646,2.0,0.0,0.500005,True,REGULAR,USD,call,2027-09-17,1.0027397260273974,754.0499877929688,704.0550000000001,0.006945480111638986,0.0663086012988942
SPY270917C00055000,2026-07-08 13:37:53+00:00,55.0,689.94,706.5,711.32,0.0,0.0,1.0,0.0,1.8455818267822264,True,REGULAR,USD,call,2027-09-17,1.0027397260273974,754.0499877929688,708.9100000000001,0.006799170557616693,0.07293946142878362
SPY270917C00125000,2026-05-15 13:33:27+00:00,125.0,615.0,626.0,630.83,0.0,0.0,1.0,1.0,0.8693860717773438,True,REGULAR,USD,call,2027-09-17,1.0027397260273974,754.0499877929688,628.415,0.007686003675914867,0.1657715032472355
SPY270917C00135000,2026-06-08 13:34:16+00:00,135.0,608.0,619.0,623.23,0.0,0.0,2.0,4.0,0.851563984375,True,REGULAR,USD,call,2027-09-17,1.0027397260273974,754.0499877929688,621.115,0.006810333030115225,0.17903322350701434
SPY270917C00185000,2026-06-08 13:34:18+00:00,185.0,561.0,571.5,576.02,0.0,0.0,1.0,1.0,0.8061542822265625,True,REGULAR,USD,call,2027-09-17,1.0027397260273974,754.0499877929688,573.76,0.007877858337981006,0.24534182480590852
SPY270917C00200000,2026-09-11 19:45:10+00:00,200.0,567.68,554.68,559.0,0.0,0.0,2.0,1.0,0.6937896832275392,True,REGULAR,USD,call,2027-09-17,1.0027397260273974,754.0499877929688,556.8399999999999,0.00775806335751751,0.2652344051955768
SPY270917C00210000,2026-06-08 13:35:12+00:00,210.0,537.0,548.0,552.52,0.0,0.0,1.0,1.0,0.7782614947509765,True,REGULAR,USD,call,2027-09-17,1.0027397260273974,754.0499877929688,550.26,0.008214298695162254,0.2784961254553556
SPY270917C00240000,2026-08-05 17:59:17+00:00,240.0,537.93,532.23,537.0,0.0,0.0,1.0,0.0,0.9452520123291015,True,REGULAR,USD,call,2027-09-17,1.0027397260273974,754.0499877929688,534.615,0.008922308577200382,0.31828128623469215
SPY270917C00245000,2026-08-05 18:00:19+00:00,245.0,533.18,527.5,532.0,0.0,0.0,1.0,1.0,0.9314582049560547,True,REGULAR,USD,call,2027-09-17,1.0027397260273974,754.0499877929688,529.75,0.008494572911750826,0.32491214636458154
SPY270917C00260000,2026-09-16 19:06:38+00:00,260.0,500.64,498.05,502.5,-2.6599731,-0.5285065,1.0,1.0,0.6564365411376953,True,REGULAR,USD,call,2027-09-17,1.0027397260273974,754.0499877929688,500.275,0.008895107690770053,0.34480472675424984
SPY270917C00300000,2026-09-11 18:16:11+00:00,300.0,474.0,460.4,465.0,0.0,0.0,23.0,23.0,0.6194190890502932,True,REGULAR,USD,call,2027-09-17,1.0027397260273974,754.0499877929688,462.7,0.009941646855413924,0.39785160779336515
SPY270917C00345000,2026-06-26 16:32:20+00:00,345.0,405.43,428.12,432.5,0.0,0.0,2.0,0.0,0.6840699317932131,True,REGULAR,USD,call,2027-09-17,1.0027397260273974,754.0499877929688,430.31,0.010178708373033384,0.45752934896236996
SPY270917C00350000,2026-06-29 16:52:15+00:00,350.0,404.7,423.5,428.0,0.0,0.0,2.0,0.0,0.6778749253845215,True,REGULAR,USD,call,2027-09-17,1.0027397260273974,754.0499877929688,425.75,0.010569583088667059,0.46416020909225936
SPY270917C00375000,2026-08-13 17:09:36+00:00,375.0,415.86,390.1,394.5,0.0,0.0,1.0,0.0,0.5425613371276856,True,REGULAR,USD,call,2027-09-17,1.0027397260273974,754.0499877929688,392.3,0.011215906194239044,0.4973145097417065
SPY270917C00380000,2026-09-04 18:40:13+00:00,380.0,403.6,385.43,390.0,0.0,0.0,1.0,1.0,0.538487281188965,True,REGULAR,USD,call,2027-09-17,1.0027397260273974,754.0499877929688,387.71500000000003,0.011787008498510484,0.5039453698715959
SPY270917C00385000,2026-08-28 19:40:02+00:00,385.0,399.0,380.76,385.5,0.0,0.0,15.0,79.0,0.5343674493408204,True,REGULAR,USD,call,2027-09-17,1.0027397260273974,754.0499877929688,383.13,0.012371779813640302,0.5105762300014853
SPY270917C00390000,2026-07-27 13:38:04+00:00,390.0,372.5,391.0,395.5,0.0,0.0,1.0,0.0,0.661532925720215,True,REGULAR,USD,call,2027-09-17,1.0027397260273974,754.0499877929688,393.25,0.01144310235219326,0.5172070901313748
SPY270917C00395000,2026-09-10 14:20:35+00:00,395.0,377.25,371.43,376.0,0.0,0.0,2.0,2.0,0.5234575242614745,True,REGULAR,USD,call,2027-09-17,1.0027397260273974,754.0499877929688,373.71500000000003,0.012228569899522344,0.5238379502612641
SPY270917C00400000,2026-09-16 19:11:48+00:00,400.0,366.99,366.78,371.5,-10.51001,-2.7841086,1.0,11.0,0.5193224337768555,True,REGULAR,USD,call,2027-09-17,1.0027397260273974,754.0499877929688,369.14,0.01278647667551614,0.5304688103911536
SPY270917C00440000,2026-09-04 16:27:36+00:00,440.0,347.59,329.63,334.5,0.0,0.0,1.0,1.0,0.5006611213684082,True,REGULAR,USD,call,2027-09-17,1.0027397260273974,754.0499877929688,332.065,0.014665803381868021,0.5835156914302689
SPY270917C00445000,2026-08-05 19:31:28+00:00,445.0,346.62,339.66,344.5,0.0,0.0,1.0,2.0,0.5837596556091307,True,REGULAR,USD,call,2027-09-17,1.0027397260273974,754.0499877929688,342.08000000000004,0.014148737137511618,0.5901465515601584
SPY270917C00450000,2026-09-14 14:53:36+00:00,450.0,327.0,320.38,325.0,0.0,0.0,2.0,49.0,0.4883321430969239,True,REGULAR,USD,call,2027-09-17,1.0027397260273974,754.0499877929688,322.69,0.014317146487340806,0.5967774116900477
SPY270917C00460000,2026-08-21 16:39:35+00:00,460.0,328.5,311.15,316.0,0.0,0.0,21.0,22.0,0.47984834121704095,True,REGULAR,USD,call,2027-09-17,1.0027397260273974,754.0499877929688,313.575,0.015466794227856248,0.6100391319498266
SPY270917C00475000,2026-07-30 15:35:17+00:00,475.0,287.99,311.86,316.5,0.0,0.0,2.0,4.0,0.54356840713501,True,REGULAR,USD,call,2027-09-17,1.0027397260273974,754.0499877929688,314.18,0.014768603984976722,0.6299317123394949
SPY270917C00480000,2026-09-15 16:18:03+00:00,480.0,297.51,292.75,297.5,0.0,0.0,2.0,0.0,0.45898978515625005,True,REGULAR,USD,call,2027-09-17,1.0027397260273974,754.0499877929688,295.125,0.01609487505294367,0.6365625724693843
SPY270917C00485000,2026-09-09 13:30:01+00:00,485.0,299.31,288.17,293.0,0.0,0.0,1.0,4.0,0.4546105564880371,True,REGULAR,USD,call,2027-09-17,1.0027397260273974,754.0499877929688,290.58500000000004,0.0166216425486518,0.6431934325992738
SPY270917C00490000,2026-06-22 18:45:42+00:00,490.0,284.39,274.0,278.84,0.0,0.0,2.0,2.0,0.3804535832214356,True,REGULAR,USD,call,2027-09-17,1.0027397260273974,754.0499877929688,276.41999999999996,0.0175095868605744,0.6498242927291631
SPY270917C00495000,2026-08-20 13:43:41+00:00,495.0,295.46,279.02,283.5,0.0,0.0,6.0,0.0,0.4424799404907227,True,REGULAR,USD,call,2027-09-17,1.0027397260273974,754.0499877929688,281.26,0.015928322548531673,0.6564551528590525
SPY270917C00500000,2026-09-10 18:30:22+00:00,500.0,280.23,274.46,279.0,0.0,0.0,2.0,48.0,0.4380778238677979,True,REGULAR,USD,call,2027-09-17,1.0027397260273974,754.0499877929688,276.73,0.01640588299064077,0.663086012988942
SPY270917C00505000,2026-09-14 19:44:56+00:00,505.0,279.59,269.91,274.5,0.0,0.0,1.0,9.0,0.4336375606536865,True,REGULAR,USD,call,2027-09-17,1.0027397260273974,754.0499877929688,272.20500000000004,0.016862291287816075,0.6697168731188313
SPY270917C00510000,2026-08-28 13:30:00+00:00,510.0,285.18,265.36,270.0,0.0,0.0,1.0,10.0,0.429166780166626,True,REGULAR,USD,call,2027-09-17,1.0027397260273974,754.0499877929688,267.68,0.01733413030484155,0.6763477332487208
SPY270917C00515000,2026-09-11 18:09:55+00:00,515.0,274.1,260.82,265.5,0.0,0.0,40.0,18.0,0.4246731117248535,True,REGULAR,USD,call,2027-09-17,1.0027397260273974,754.0499877929688,263.15999999999997,0.017783857729138194,0.6829785933786102
SPY270917C00520000,2026-09-10 18:42:38+00:00,520.0,262.16,256.3,261.0,0.0,0.0,1.0,5.0,0.4201412966918946,True,REGULAR,USD,call,2027-09-17,1.0027397260273974,754.0499877929688,258.65,0.018171273922288764,0.6896094535084997
SPY270917C00525000,2026-09-16 19:08:10+00:00,525.0,254.03,251.78,256.5,-7.2099915,-2.759911,1.0,18.0,0.41557896438598635,True,REGULAR,USD,call,2027-09-17,1.0027397260273974,754.0499877929688,254.14,0.01857244038718816,0.696240313638389
SPY270917C00530000,2026-07-07 15:57:26+00:00,530.0,248.65,257.51,262.5,0.0,0.0,1.0,6.0,0.46972423591613777,True,REGULAR,USD,call,2027-09-17,1.0027397260273974,754.0499877929688,260.005,0.0191919386165651,0.7028711737682785
SPY270917C00535000,2026-09-11 18:10:49+00:00,535.0,256.58,242.77,247.5,0.0,0.0,2.0,5.0,0.4063780065917969,True,REGULAR,USD,call,2027-09-17,1.0027397260273974,754.0499877929688,245.135,0.019295490240071756,0.7095020338981679
SPY270917C00540000,2026-09-11 15:14:02+00:00,540.0,250.48,238.28,243.0,0.0,0.0,1.0,15.0,0.4017393811035156,True,REGULAR,USD,call,2027-09-17,1.0027397260273974,754.0499877929688,240.64,0.019614361702127655,0.7161328940280574
SPY270917C00545000,2026-09-11 15:58:19+00:00,545.0,248.51,233.8,238.5,0.0,0.0,1.0,6.0,0.39707023834228516,True,REGULAR,USD,call,2027-09-17,1.0027397260273974,754.0499877929688,236.15,0.019902604276942574,0.7227637541579467
SPY270917C00550000,2026-09-15 15:10:34+00:00,550.0,233.97,229.33,234.0,0.0,0.0,8.0,27.0,0.3923782076263427,True,REGULAR,USD,call,2027-09-17,1.0027397260273974,754.0499877929688,231.66500000000002,0.020158418405887755,0.7293946142878361
SPY270917C00555000,2026-08-05 19:39:06+00:00,555.0,247.0,238.92,243.5,0.0,0.0,10.0,4.0,0.45972219970703126,True,REGULAR,USD,call,2027-09-17,1.0027397260273974,754.0499877929688,241.20999999999998,0.018987604162348216,0.7360254744177256
SPY270917C00560000,2026-09-10 13:30:02+00:00,560.0,226.48,220.43,225.0,0.0,0.0,2.0,16.0,0.38291022369384764,True,REGULAR,USD,call,2027-09-17,1.0027397260273974,754.0499877929688,222.715,0.020519498013155796,0.742656334547615
SPY270917C00565000,2026-08-28 13:30:00+00:00,565.0,235.74,216.0,220.5,0.0,0.0,1.0,7.0,0.3781342704772949,True,REGULAR,USD,call,2027-09-17,1.0027397260273974,754.0499877929688,218.25,0.020618556701030927,0.7492871946775044
SPY270917C00570000,2026-08-25 19:25:19+00:00,570.0,225.81,211.58,216.0,0.0,0.0,1.0,11.0,0.3733430586242676,True,REGULAR,USD,call,2027-09-17,1.0027397260273974,754.0499877929688,213.79000000000002,0.02067449366200471,0.7559180548073938
SPY270917C00575000,2026-09-15 16:14:14+00:00,575.0,211.6,207.18,212.0,0.0,0.0,3.0,23.0,0.37103900451660154,True,REGULAR,USD,call,2027-09-17,1.0027397260273974,754.0499877929688,209.59,0.022997280404599422,0.7625489149372833
SPY270917C00580000,2026-08-27 19:51:19+00:00,580.0,221.0,202.79,207.5,0.0,0.0,1.0,8.0,0.36614861152648925,True,REGULAR,USD,call,2027-09-17,1.0027397260273974,754.0499877929688,205.14499999999998,0.02295937020156479,0.7691797750671727
SPY270917C00585000,2026-09-03 15:37:53+00:00,585.0,217.45,198.42,203.0,0.0,0.0,3.0,5.0,0.3612277012634277,True,REGULAR,USD,call,2027-09-17,1.0027397260273974,754.0499877929688,200.70999999999998,0.02281899257635401,0.7758106351970621
SPY270917C00590000,2026-09-15 13:53:23+00:00,590.0,200.52,194.06,198.5,0.0,0.0,1.0,16.0,0.3562839030456542,True,REGULAR,USD,call,2027-09-17,1.0027397260273974,754.0499877929688,196.28,0.022620745873242296,0.7824414953269515
SPY270917C00595000,2026-09-16 18:09:13+00:00,595.0,197.71,189.72,194.5,-17.25,-8.024749,31.0,28.0,0.35368993484497063,True,REGULAR,USD,call,2027-09-17,1.0027397260273974,754.0499877929688,192.11,0.024881578262453807,0.789072355456841
SPY270917C00600000,2026-09-16 18:54:17+00:00,600.0,188.88,185.39,190.0,-5.619995,-2.8894577,3.0,189.0,0.3486545848083496,True,REGULAR,USD,call,2027-09-17,1.0027397260273974,754.0499877929688,187.695,0.02456112309864415,0.7957032155867303
SPY270917C00605000,2026-09-16 15:21:56+00:00,605.0,188.65,181.09,185.5,2.5599976,1.3756771,3.0,409.0,0.34359634681701656,True,REGULAR,USD,call,2027-09-17,1.0027397260273974,754.0499877929688,183.29500000000002,0.0240595760931831,0.8023340757166197
SPY270917C00610000,2026-09-15 15:50:30+00:00,610.0,181.84,176.8,181.5,0.0,0.0,2.0,138.0,0.34078112838745117,True,REGULAR,USD,call,2027-09-17,1.0027397260273974,754.0499877929688,179.15,0.026234998604521286,0.8089649358465092
SPY270917C00615000,2026-08-28 13:30:00+00:00,615.0,192.08,172.54,177.0,0.0,0.0,1.0,27.0,0.33563133857727057,True,REGULAR,USD,call,2027-09-17,1.0027397260273974,754.0499877929688,174.76999999999998,0.025519253876523477,0.8155957959763986
SPY270917C00620000,2026-09-16 19:27:17+00:00,620.0,166.97,168.29,173.0,-7.169998,-4.117376,3.0,71.0,0.33266353378295904,True,REGULAR,USD,call,2027-09-17,1.0027397260273974,754.0499877929688,170.64499999999998,0.027601160303554213,0.822226656106288
SPY270917C00625000,2026-09-10 18:18:51+00:00,625.0,169.84,164.06,168.5,0.0,0.0,1.0,24.0,0.32742219215393065,True,REGULAR,USD,call,2027-09-17,1.0027397260273974,754.0499877929688,166.28,0.026701948520567703,0.8288575162361774
SPY270917C00630000,2026-09-10 18:18:51+00:00,630.0,165.57,159.86,164.5,0.0,0.0,3.0,50.0,0.32429417167663566,True,REGULAR,USD,call,2027-09-17,1.0027397260273974,754.0499877929688,162.18,0.028610186212849834,0.8354883763660669
SPY270917C00635000,2026-09-16 14:40:54+00:00,635.0,162.39,155.68,160.5,-2.6100006,-1.5818186,3.0,609.0,0.3210822286987304,True,REGULAR,USD,call,2027-09-17,1.0027397260273974,754.0499877929688,158.09,0.03048896198368014,0.8421192364959563
SPY270917C00640000,2026-09-08 14:01:40+00:00,640.0,165.48,151.53,156.0,0.0,0.0,1.0,190.0,0.315688300704956,True,REGULAR,USD,call,2027-09-17,1.0027397260273974,754.0499877929688,153.765,0.02907033460150229,0.8487500966258457
SPY270917C00645000,2026-09-16 19:39:53+00:00,645.0,148.27,147.4,152.0,-5.2299957,-3.4071634,23.0,35.0,0.3123237713623046,True,REGULAR,USD,call,2027-09-17,1.0027397260273974,754.0499877929688,149.7,0.030728122912491614,0.8553809567557351
SPY270917C00650000,2026-09-16 19:57:31+00:00,650.0,145.6,143.29,148.0,-7.299988,-4.7743545,13.0,260.0,0.3088676902008056,True,REGULAR,USD,call,2027-09-17,1.0027397260273974,754.0499877929688,145.64499999999998,0.032338906244635986,0.8620118168856246
SPY270917C00655000,2026-09-16 19:24:27+00:00,655.0,138.47,139.21,144.0,-14.559998,-9.514473,1.0,430.0,0.305320057220459,True,REGULAR,USD,call,2027-09-17,1.0027397260273974,754.0499877929688,141.60500000000002,0.03382648917764197,0.868642677015514
SPY270917C00660000,2026-09-16 18:19:20+00:00,660.0,141.75,135.16,140.0,1.6699982,1.1921746,1.0,52.0,0.30168850173950196,True,REGULAR,USD,call,2027-09-17,1.0027397260273974,754.0499877929688,137.57999999999998,0.03517953190870769,0.8752735371454033
SPY270917C00665000,2026-09-16 19:54:39+00:00,665.0,133.43,131.14,135.5,-11.01001,-7.622549,1.0,166.0,0.2960122889709473,True,REGULAR,USD,call,2027-09-17,1.0027397260273974,754.0499877929688,133.32,0.03270327032703281,0.8819043972752928
SPY270917C00670000,2026-09-16 19:41:59+00:00,670.0,127.81,127.15,131.5,-5.150009,-3.873352,23.0,192.0,0.29222814712524403,True,REGULAR,USD,call,2027-09-17,1.0027397260273974,754.0499877929688,129.325,0.033636187898704775,0.8885352574051822
SPY270917C00675000,2026-09-16 17:17:13+00:00,675.0,129.65,123.19,128.0,-2.350006,-1.7803077,1.0,134.0,0.29025978302001954,True,REGULAR,USD,call,2027-09-17,1.0027397260273974,754.0499877929688,125.595,0.03829770293403402,0.8951661175350717
SPY270917C00680000,2026-09-16 19:11:48+00:00,680.0,120.15,119.25,124.0,-4.1100006,-3.3075814,6.0,1464.0,0.28626964958190915,True,REGULAR,USD,call,2027-09-17,1.0027397260273974,754.0499877929688,121.625,0.03905447070914697,0.901796977664961
SPY270917C00685000,2026-09-16 18:53:37+00:00,685.0,119.0,115.35,120.0,-1.0999985,-0.91590214,1.0,179.0,0.28219559364318847,True,REGULAR,USD,call,2027-09-17,1.0027397260273974,754.0499877929688,117.675,0.03951561504142771,0.9084278377948505
SPY270917C00690000,2026-09-15 18:25:02+00:00,690.0,116.45,111.49,116.0,0.0,0.0,7.0,224.0,0.27802235656738283,True,REGULAR,USD,call,2027-09-17,1.0027397260273974,754.0499877929688,113.745,0.03965009450964882,0.9150586979247399
SPY270917C00695000,2026-09-15 15:46:38+00:00,695.0,112.57,107.65,112.0,0.0,0.0,2.0,108.0,0.27376519699096674,True,REGULAR,USD,call,2027-09-17,1.0027397260273974,754.0499877929688,109.825,0.0396084680173002,0.9216895580546293
SPY270917C00700000,2026-09-16 19:42:47+00:00,700.0,105.26,103.86,108.5,-1.659996,-1.552559,7.0,250.0,0.2712093753814697,True,REGULAR,USD,call,2027-09-17,1.0027397260273974,754.0499877929688,106.18,0.04369937841401394,0.9283204181845187
SPY270917C00705000,2026-09-15 13:56:42+00:00,705.0,106.45,100.1,104.5,0.0,0.0,1.0,138.0,0.2667385948944092,True,REGULAR,USD,call,2027-09-17,1.0027397260273974,754.0499877929688,102.3,0.0430107526881721,0.9349512783144082
SPY270917C00710000,2026-09-16 19:21:21+00:00,710.0,95.71,96.37,101.0,-4.8700027,-4.8419194,5.0,636.0,0.2639386351013184,True,REGULAR,USD,call,2027-09-17,1.0027397260273974,754.0499877929688,98.685,0.046916957997669304,0.9415821384442976
SPY270917C00715000,2026-09-16 19:14:03+00:00,715.0,93.0,92.69,97.5,-6.0,-6.060606,3.0,80.0,0.26100897689819336,True,REGULAR,USD,call,2027-09-17,1.0027397260273974,754.0499877929688,95.095,0.050580997949419025,0.948212998574187
SPY270917C00720000,2026-09-16 19:21:55+00:00,720.0,89.11,89.04,93.5,-4.300003,-4.6033645,1.0,170.0,0.25620250640869147,True,REGULAR,USD,call,2027-09-17,1.0027397260273974,754.0499877929688,91.27000000000001,0.048866001972170406,0.9548438587040764
SPY270917C00725000,2026-09-15 19:11:31+00:00,725.0,90.0,85.44,90.0,0.0,0.0,3.0,65.0,0.2530134513854981,True,REGULAR,USD,call,2027-09-17,1.0027397260273974,754.0499877929688,87.72,0.051983584131326976,0.9614747188339658
SPY270917C00730000,2026-09-16 19:27:45+00:00,730.0,81.85,81.88,86.5,-5.279999,-6.0599093,1.0,154.0,0.24968706863403317,True,REGULAR,USD,call,2027-09-17,1.0027397260273974,754.0499877929688,84.19,0.05487587599477378,0.9681055789638553
SPY270917C00735000,2026-09-15 17:00:05+00:00,735.0,83.0,78.37,83.0,-0.13999939,-0.16838993,1.0,207.0,0.24621954349517822,True,REGULAR,USD,call,2027-09-17,1.0027397260273974,754.0499877929688,80.685,0.057383652475676956,0.9747364390937446
SPY270917C00740000,2026-09-15 15:41:52+00:00,740.0,79.58,74.9,79.5,0.0,0.0,18.0,365.0,0.2426070613098144,True,REGULAR,USD,call,2027-09-17,1.0027397260273974,754.0499877929688,77.2,0.0595854922279792,0.9813672992236341
SPY270917C00745000,2026-09-16 19:52:42+00:00,745.0,72.95,71.49,76.0,-2.6800003,-3.543568,6.0,253.0,0.23885343673706055,True,REGULAR,USD,call,2027-09-17,1.0027397260273974,754.0499877929688,73.745,0.06115668858905695,0.9879981593535235
SPY270917C00750000,2026-09-16 19:45:01+00:00,750.0,69.35,68.5,73.0,-3.0600052,-4.2259426,14.0,610.0,0.23662567581176758,True,REGULAR,USD,call,2027-09-17,1.0027397260273974,754.0499877929688,70.75,0.0636042402826855,0.994629019483413
SPY270917C00755000,2026-09-16 20:00:32+00:00,755.0,67.25,64.83,69.5,-1.800003,-2.606811,122.0,373.0,0.23255543453216554,False,REGULAR,USD,call,2027-09-17,1.0027397260273974,754.0499877929688,67.16499999999999,0.06953026129680641,1.0012598796133023
SPY270917C00760000,2026-09-16 19:14:02+00:00,760.0,62.2,63.02,64.92,-3.1499977,-4.820195,32.0,713.0,0.22473156867980953,False,REGULAR,USD,call,2027-09-17,1.0027397260273974,754.0499877929688,63.97,0.029701422541816454,1.0078907397431918
SPY270917C00765000,2026-09-16 19:35:09+00:00,765.0,59.82,59.86,61.75,-2.6800003,-4.2880006,13.0,1278.0,0.22143570320129394,False,REGULAR,USD,call,2027-09-17,1.0027397260273974,754.0499877929688,60.805,0.031082970150481056,1.0145215998730812
SPY270917C00770000,2026-09-16 19:53:48+00:00,770.0,57.49,56.76,58.01,-2.329998,-3.895015,12.0,1653.0,0.2160646631622314,False,REGULAR,USD,call,2027-09-17,1.0027397260273974,754.0499877929688,57.385,0.02178269582643548,1.0211524600029707
SPY270917C00775000,2026-09-16 19:13:46+00:00,775.0,53.0,54.42,54.96,-4.0,-7.017544,128.0,954.0,0.21279931495666501,False,REGULAR,USD,call,2027-09-17,1.0027397260273974,754.0499877929688,54.69,0.00987383433900163,1.0277833201328601
SPY270917C00780000,2026-09-16 19:23:24+00:00,780.0,49.51,51.65,51.82,-6.4900017,-11.589289,4.0,394.0,0.2090304317474365,False,REGULAR,USD,call,2027-09-17,1.0027397260273974,754.0499877929688,51.735,0.0032859766115782684,1.0344141802627496
SPY270917C00785000,2026-09-16 20:01:07+00:00,785.0,48.92,48.77,48.96,-1.8100014,-3.5679114,20.0,1370.0,0.20598633377075193,False,REGULAR,USD,call,2027-09-17,1.0027397260273974,754.0499877929688,48.865,0.0038882635833418135,1.0410450403926388
SPY270917C00790000,2026-09-16 19:23:23+00:00,790.0,43.87,45.96,46.15,-4.2400017,-8.81314,2.0,1873.0,0.20288883056640622,False,REGULAR,USD,call,2027-09-17,1.0027397260273974,754.0499877929688,46.055,0.004125502117033932,1.0476759005225282
SPY270917C00795000,2026-09-16 19:23:24+00:00,795.0,41.23,43.23,43.41,-3.9799995,-8.803361,2.0,683.0,0.19980658599853518,False,REGULAR,USD,call,2027-09-17,1.0027397260273974,754.0499877929688,43.31999999999999,0.004155124653739606,1.0543067606524177
SPY270917C00800000,2026-09-16 19:58:12+00:00,800.0,40.76,40.59,40.77,-1.1400032,-2.7207713,44.0,1033.0,0.19683115188598632,False,REGULAR,USD,call,2027-09-17,1.0027397260273974,754.0499877929688,40.68000000000001,0.004424778761061939,1.0609376207823071
SPY270917C00805000,2026-09-16 19:42:07+00:00,805.0,36.78,38.04,38.21,-3.3600006,-8.370705,12.0,1401.0,0.19388623504638675,False,REGULAR,USD,call,2027-09-17,1.0027397260273974,754.0499877929688,38.125,0.004459016393442668,1.0675684809121966
SPY270917C00810000,2026-09-16 19:21:28+00:00,810.0,33.92,35.58,35.8,-3.6900024,-9.811227,15.0,1116.0,0.1912083443450928,False,REGULAR,USD,call,2027-09-17,1.0027397260273974,754.0499877929688,35.69,0.006164191650322188,1.074199341042086
SPY270917C00815000,2026-09-16 19:26:34+00:00,815.0,31.36,33.2,33.43,-3.6100006,-10.323135,46.0,1824.0,0.18841601387023924,False,REGULAR,USD,call,2027-09-17,1.0027397260273974,754.0499877929688,33.315,0.006903797088398526,1.0808302011719755
SPY270917C00820000,2026-09-16 19:53:28+00:00,820.0,30.8,30.94,31.13,-1.6199989,-4.9969125,20.0,3678.0,0.18560079544067382,False,REGULAR,USD,call,2027-09-17,1.0027397260273974,754.0499877929688,31.035,0.0061221201868857005,1.0874610613018647
SPY270917C00825000,2026-09-16 19:39:37+00:00,825.0,28.88,28.81,28.95,-1.5300007,-5.031242,10.0,314.0,0.18294579269409178,False,REGULAR,USD,call,2027-09-17,1.0027397260273974,754.0499877929688,28.88,0.0048476454293629005,1.0940919214317542
SPY270917C00830000,2026-09-16 19:25:24+00:00,830.0,25.32,26.74,26.89,-2.7600002,-9.829061,11.0,359.0,0.18043574699401857,False,REGULAR,USD,call,2027-09-17,1.0027397260273974,754.0499877929688,26.814999999999998,0.005593884020138063,1.1007227815616436
SPY270917C00835000,2026-09-16 19:54:20+00:00,835.0,24.56,24.77,24.92,-1.1300011,-4.398603,9.0,414.0,0.17797910652160645,False,REGULAR,USD,call,2027-09-17,1.0027397260273974,754.0499877929688,24.845,0.006037432078889199,1.107353641691533
SPY270917C00840000,2026-09-16 19:31:55+00:00,840.0,22.07,22.92,23.08,-1.8299999,-7.6569037,2.0,1720.0,0.17572082832336425,False,REGULAR,USD,call,2027-09-17,1.0027397260273974,754.0499877929688,23.0,0.006956521739130287,1.1139845018214225
SPY270917C00845000,2026-09-16 19:34:54+00:00,845.0,20.58,21.17,21.36,-1.3799992,-6.284149,45.0,1238.0,0.17362276580810548,False,REGULAR,USD,call,2027-09-17,1.0027397260273974,754.0499877929688,21.265,0.008934869503879507,1.120615361951312
SPY270917C00850000,2026-09-16 19:35:17+00:00,850.0,19.0,19.56,19.72,-1.8199997,-8.741593,46.0,1947.0,0.1715552205657959,False,REGULAR,USD,call,2027-09-17,1.0027397260273974,754.0499877929688,19.64,0.008146639511201636,1.1272462220812014
SPY270917C00855000,2026-09-16 19:34:54+00:00,855.0,17.47,18.02,18.17,-1.7000008,-8.868027,12.0,1579.0,0.1695410805511475,False,REGULAR,USD,call,2027-09-17,1.0027397260273974,754.0499877929688,18.095,0.008289582757667982,1.1338770822110908
SPY270917C00860000,2026-09-16 19:34:54+00:00,860.0,16.15,16.59,16.74,-1.1499996,-6.647397,3.0,1703.0,0.16773293212890628,False,REGULAR,USD,call,2027-09-17,1.0027397260273974,754.0499877929688,16.665,0.009000900090008916,1.14050794234098
SPY270917C00865000,2026-09-16 20:00:32+00:00,865.0,15.33,15.25,15.37,-0.8999996,-5.5452843,21.0,2029.0,0.16586374916076665,False,REGULAR,USD,call,2027-09-17,1.0027397260273974,754.0499877929688,15.309999999999999,0.007838014369692961,1.1471388024708695
SPY270917C00870000,2026-09-16 18:22:24+00:00,870.0,15.45,14.03,14.11,0.84000015,5.749488,10.0,2343.0,0.16417766983032228,False,REGULAR,USD,call,2027-09-17,1.0027397260273974,754.0499877929688,14.07,0.005685856432125094,1.153769662600759
SPY270917C00875000,2026-09-16 19:34:54+00:00,875.0,12.48,12.87,12.95,-0.94000053,-7.004475,5.0,2219.0,0.16264417686462404,False,REGULAR,USD,call,2027-09-17,1.0027397260273974,754.0499877929688,12.91,0.006196746707978317,1.1604005227306484
SPY270917C00880000,2026-09-16 19:50:48+00:00,880.0,11.7,11.81,11.88,-0.89000034,-7.0691047,13.0,4408.0,0.16123275299072265,False,REGULAR,USD,call,2027-09-17,1.0027397260273974,754.0499877929688,11.845,0.005909666525960345,1.1670313828605379
SPY270917C00885000,2026-09-16 19:34:54+00:00,885.0,10.46,10.81,10.88,-0.8299999,-7.351638,5.0,1590.0,0.1598671050262451,False,REGULAR,USD,call,2027-09-17,1.0027397260273974,754.0499877929688,10.845,0.006454587367450464,1.1736622429904273
SPY270917C00890000,2026-09-16 19:34:54+00:00,890.0,9.58,9.89,9.96,-1.0,-9.451796,7.0,979.0,0.15860826751708984,False,REGULAR,USD,call,2027-09-17,1.0027397260273974,754.0499877929688,9.925,0.0070528967254408345,1.1802931031203168
SPY270917C00895000,2026-09-16 19:47:10+00:00,895.0,8.8,9.04,9.11,-0.8800001,-9.09091,31.0,639.0,0.1574333525085449,False,REGULAR,USD,call,2027-09-17,1.0027397260273974,754.0499877929688,9.075,0.007713498622589563,1.186923963250206
SPY270917C00900000,2026-09-16 20:07:53+00:00,900.0,8.29,8.25,8.33,-0.71000004,-7.888889,85.0,3100.0,0.1563499893188477,False,REGULAR,USD,call,2027-09-17,1.0027397260273974,754.0499877929688,8.29,0.009650180940892652,1.1935548233800954
SPY270917C00905000,2026-09-15 16:28:58+00:00,905.0,8.14,7.54,7.6,0.0,0.0,5.0,301.0,0.15528188476562502,False,REGULAR,USD,call,2027-09-17,1.0027397260273974,754.0499877929688,7.57,0.007926023778071282,1.200185683509985
SPY270917C00910000,2026-09-15 15:46:13+00:00,910.0,7.39,6.87,6.93,0.0,0.0,3.0,208.0,0.1542748147583008,False,REGULAR,USD,call,2027-09-17,1.0027397260273974,754.0499877929688,6.9,0.008695652173912986,1.2068165436398743
SPY270917C00915000,2026-09-16 18:36:49+00:00,915.0,6.53,6.26,6.32,-0.1699996,-2.5373075,1.0,592.0,0.15337455520629883,False,REGULAR,USD,call,2027-09-17,1.0027397260273974,754.0499877929688,6.29,0.009538950715421383,1.2134474037697638
SPY270917C00920000,2026-09-15 16:15:42+00:00,920.0,6.11,5.7,5.75,0.0,0.0,6.0,169.0,0.15245903701782232,False,REGULAR,USD,call,2027-09-17,1.0027397260273974,754.0499877929688,5.725,0.008733624454148442,1.2200782638996532
SPY270917C00925000,2026-09-16 19:57:22+00:00,925.0,5.2,5.18,5.24,-0.39000034,-6.9767504,9.0,553.0,0.15169610519409182,False,REGULAR,USD,call,2027-09-17,1.0027397260273974,754.0499877929688,5.21,0.01151631477927073,1.2267091240295427
SPY270917C00930000,2026-09-16 19:30:57+00:00,930.0,4.46,4.71,4.76,-0.52,-10.441767,13.0,1114.0,0.15088739746093754,False,REGULAR,USD,call,2027-09-17,1.0027397260273974,754.0499877929688,4.734999999999999,0.010559662090813058,1.2333399841594321
SPY270917C00935000,2026-09-16 19:44:45+00:00,935.0,4.05,4.28,4.33,-0.48999977,-10.792947,3.0,156.0,0.15020075881958012,False,REGULAR,USD,call,2027-09-17,1.0027397260273974,754.0499877929688,4.305,0.011614401858304257,1.2399708442893214
SPY270917C00940000,2026-09-16 19:41:34+00:00,940.0,3.77,3.88,3.94,-0.42999983,-10.238092,12.0,2403.0,0.14957515472412108,False,REGULAR,USD,call,2027-09-17,1.0027397260273974,754.0499877929688,3.91,0.015345268542199501,1.2466017044192108
SPY270917C00945000,2026-09-16 20:12:30+00:00,945.0,3.51,3.53,3.58,-0.30999994,-8.115182,3.0,1135.0,0.14898006790161133,False,REGULAR,USD,call,2027-09-17,1.0027397260273974,754.0499877929688,3.5549999999999997,0.014064697609001482,1.2532325645491003
SPY270917C00950000,2026-09-16 19:05:47+00:00,950.0,3.15,3.22,3.23,-0.3499999,-9.999998,3.0,2012.0,0.14820187744140628,False,REGULAR,USD,call,2027-09-17,1.0027397260273974,754.0499877929688,3.225,0.003100775193798383,1.2598634246789897
SPY270917C00955000,2026-09-16 19:30:17+00:00,955.0,2.69,2.92,2.94,-0.40999985,-13.225801,3.0,1056.0,0.1477593769836426,False,REGULAR,USD,call,2027-09-17,1.0027397260273974,754.0499877929688,2.9299999999999997,0.006825938566552908,1.2664942848088792
SPY270917C00960000,2026-09-16 19:41:48+00:00,960.0,2.54,2.65,2.67,-0.36000013,-12.413798,20.0,1017.0,0.14730161788940432,False,REGULAR,USD,call,2027-09-17,1.0027397260273974,754.0499877929688,2.66,0.0075187969924812095,1.2731251449387686
SPY270917C00965000,2026-09-15 15:28:00+00:00,965.0,2.63,2.41,2.43,0.0,0.0,7.0,2327.0,0.14695066925048827,False,REGULAR,USD,call,2027-09-17,1.0027397260273974,754.0499877929688,2.42,0.008264462809917363,1.279756005068658
SPY270917C00970000,2026-09-16 20:10:40+00:00,970.0,2.2,2.19,2.2,-0.089999914,-3.9301274,288.0,2186.0,0.14646239288330076,False,REGULAR,USD,call,2027-09-17,1.0027397260273974,754.0499877929688,2.1950000000000003,0.004555808656036551,1.2863868651985475
SPY270917C00975000,2026-09-15 17:12:07+00:00,975.0,2.2,1.99,2.01,0.09000015,4.2654104,1.0,2204.0,0.14629454788208007,False,REGULAR,USD,call,2027-09-17,1.0027397260273974,754.0499877929688,2.0,0.009999999999999898,1.2930177253284367
SPY270917C00980000,2026-09-15 18:24:55+00:00,980.0,1.9,1.81,1.82,0.0,0.0,11.0,3274.0,0.1459130819702148,False,REGULAR,USD,call,2027-09-17,1.0027397260273974,754.0499877929688,1.815,0.005509641873278242,1.2996485854583262
SPY270917C00985000,2026-09-16 19:44:35+00:00,985.0,1.56,1.65,1.66,-0.21000004,-11.864409,16.0,6103.0,0.1457299783325195,False,REGULAR,USD,call,2027-09-17,1.0027397260273974,754.0499877929688,1.6549999999999998,0.006042296072507559,1.3062794455882156
SPY270917C00990000,2026-09-16 20:09:00+00:00,990.0,1.51,1.5,1.52,-0.31000006,-17.03297,2.0,4788.0,0.1456994610595703,False,REGULAR,USD,call,2027-09-17,1.0027397260273974,754.0499877929688,1.51,0.013245033112582794,1.312910305718105
SPY270917C00995000,2026-09-16 18:36:57+00:00,995.0,1.42,1.37,1.38,-0.18000007,-11.250005,2.0,3092.0,0.14545532287597657,False,REGULAR,USD,call,2027-09-17,1.0027397260273974,754.0499877929688,1.375,0.0072727272727271175,1.3195411658479945
SPY270917C01000000,2026-09-16 19:08:33+00:00,1000.0,1.21,1.25,1.27,-0.14999998,-11.02941,10.0,3773.0,0.1455468746948242,False,REGULAR,USD,call,2027-09-17,1.0027397260273974,754.0499877929688,1.26,0.015873015873015886,1.326172025977884
SPY270917C01005000,2026-09-11 14:37:29+00:00,1005.0,1.57,1.14,1.16,0.0,0.0,4.0,3465.0,0.1454858401489258,False,REGULAR,USD,call,2027-09-17,1.0027397260273974,754.0499877929688,1.15,0.017391304347826105,1.3328028861077734
SPY270917C01010000,2026-09-16 16:01:42+00:00,1010.0,1.21,1.05,1.06,-0.089999914,-6.9230704,1.0,4828.0,0.14545532287597657,False,REGULAR,USD,call,2027-09-17,1.0027397260273974,754.0499877929688,1.0550000000000002,0.009478672985781998,1.3394337462376626
SPY270917C01015000,2026-09-14 14:08:42+00:00,1015.0,1.19,0.96,0.97,0.0,0.0,1.0,2123.0,0.14545532287597657,False,REGULAR,USD,call,2027-09-17,1.0027397260273974,754.0499877929688,0.965,0.010362694300518144,1.346064606367552
SPY270917C01020000,2026-09-04 20:04:41+00:00,1020.0,1.47,0.88,0.9,0.0,0.0,3.0,4418.0,0.14576049560546872,False,REGULAR,USD,call,2027-09-17,1.0027397260273974,754.0499877929688,0.89,0.02247191011235957,1.3526954664974415
SPY270917C01025000,2026-09-09 15:51:18+00:00,1025.0,1.17,0.81,0.82,0.0,0.0,2.0,1294.0,0.1456994610595703,False,REGULAR,USD,call,2027-09-17,1.0027397260273974,754.0499877929688,0.815,0.012269938650306624,1.359326326627331
SPY270917C01030000,2026-09-04 20:04:46+00:00,1030.0,1.25,0.75,0.76,0.0,0.0,4.0,1324.0,0.14600463378906248,False,REGULAR,USD,call,2027-09-17,1.0027397260273974,754.0499877929688,0.755,0.013245033112582794,1.3659571867572204
SPY270917C01035000,2026-09-09 15:51:25+00:00,1035.0,0.99,0.69,0.71,0.0,0.0,2.0,292.0,0.14643187561035154,False,REGULAR,USD,call,2027-09-17,1.0027397260273974,754.0499877929688,0.7,0.0285714285714286,1.37258804688711
SPY270917C01040000,2026-09-09 13:56:27+00:00,1040.0,0.94,0.64,0.66,0.0,0.0,1.0,615.0,0.1467980828857422,False,REGULAR,USD,call,2027-09-17,1.0027397260273974,754.0499877929688,0.65,0.030769230769230795,1.3792189070169993
SPY270917C01045000,2026-09-11 19:30:52+00:00,1045.0,0.79,0.6,0.61,0.0,0.0,1.0,515.0,0.14704222106933595,False,REGULAR,USD,call,2027-09-17,1.0027397260273974,754.0499877929688,0.605,0.016528925619834725,1.3858497671468888
SPY270917C01050000,2026-09-15 13:54:25+00:00,1050.0,0.63,0.56,0.57,0.0,0.0,8.0,610.0,0.147469462890625,False,REGULAR,USD,call,2027-09-17,1.0027397260273974,754.0499877929688,0.565,0.017699115044247607,1.392480627276778
SPY270917C01055000,2026-09-16 19:55:12+00:00,1055.0,0.52,0.52,0.53,-0.030000031,-5.4545507,3.0,894.0,0.14783567016601565,False,REGULAR,USD,call,2027-09-17,1.0027397260273974,754.0499877929688,0.525,0.019047619047619063,1.3991114874066675
SPY270917C01060000,2026-09-16 19:58:11+00:00,1060.0,0.5,0.49,0.5,-0.13999999,-21.874998,2.0,1355.0,0.148446015625,False,REGULAR,USD,call,2027-09-17,1.0027397260273974,754.0499877929688,0.495,0.02020202020202022,1.405742347536557
SPY270917C01065000,2026-09-10 20:07:12+00:00,1065.0,0.56,0.46,0.47,0.0,0.0,8.0,210.0,0.14905636108398437,False,REGULAR,USD,call,2027-09-17,1.0027397260273974,754.0499877929688,0.46499999999999997,0.021505376344085923,1.4123732076664464
SPY270917C01070000,2026-09-14 19:58:34+00:00,1070.0,0.52,0.43,0.44,0.0,0.0,2.0,905.0,0.14948360290527346,False,REGULAR,USD,call,2027-09-17,1.0027397260273974,754.0499877929688,0.435,0.022988505747126457,1.4190040677963358
SPY270917C01075000,2026-09-14 15:11:37+00:00,1075.0,0.46,0.41,0.42,0.0,0.0,40.0,164.0,0.15027705200195315,False,REGULAR,USD,call,2027-09-17,1.0027397260273974,754.0499877929688,0.415,0.024096385542168697,1.4256349279262253
SPY270917C01080000,2026-08-28 15:05:30+00:00,1080.0,0.82,0.38,0.4,0.0,0.0,14.0,204.0,0.15100946655273442,False,REGULAR,USD,call,2027-09-17,1.0027397260273974,754.0499877929688,0.39,0.05128205128205133,1.4322657880561147
SPY270917C01085000,2026-09-11 19:29:48+00:00,1085.0,0.45,0.36,0.37,0.0,0.0,1.0,44.0,0.15125360473632815,False,REGULAR,USD,call,2027-09-17,1.0027397260273974,754.0499877929688,0.365,0.02739726027397263,1.438896648186004
SPY270917C01090000,2026-08-28 15:05:46+00:00,1090.0,0.72,0.34,0.36,0.0,0.0,677.0,2684.0,0.15235222656250003,False,REGULAR,USD,call,2027-09-17,1.0027397260273974,754.0499877929688,0.35,0.05714285714285704,1.4455275083158934
SPY270917C01100000,2026-09-15 16:43:04+00:00,1100.0,0.33,0.31,0.32,0.0,0.0,20.0,1006.0,0.1534508483886719,False,REGULAR,USD,call,2027-09-17,1.0027397260273974,754.0499877929688,0.315,0.03174603174603177,1.4587892285756723
SPY270917C01110000,2026-09-14 14:07:49+00:00,1110.0,0.34,0.28,0.29,0.0,0.0,1.0,5041.0,0.1549156774902344,False,REGULAR,USD,call,2027-09-17,1.0027397260273974,754.0499877929688,0.28500000000000003,0.035087719298245446,1.4720509488354512
SPY270917C01120000,2026-08-26 17:46:06+00:00,1120.0,0.4,0.25,0.27,0.0,0.0,1.0,389.0,0.15662464477539065,False,REGULAR,USD,call,2027-09-17,1.0027397260273974,754.0499877929688,0.26,0.07692307692307698,1.48531266909523
SPY270917C01130000,2026-08-14 20:00:22+00:00,1130.0,0.6,0.23,0.24,0.0,0.0,1.0,16.0,0.15760119750976562,False,REGULAR,USD,call,2027-09-17,1.0027397260273974,754.0499877929688,0.235,0.042553191489361625,1.4985743893550088
SPY270917C01140000,2026-08-28 18:47:00+00:00,1140.0,0.35,0.21,0.22,0.0,0.0,1.0,160.0,0.15906602661132813,False,REGULAR,USD,call,2027-09-17,1.0027397260273974,754.0499877929688,0.215,0.046511627906976785,1.5118361096147876
SPY270917C01150000,2026-09-15 16:43:17+00:00,1150.0,0.21,0.19,0.21,0.0,0.0,20.0,724.0,0.161141201171875,False,REGULAR,USD,call,2027-09-17,1.0027397260273974,754.0499877929688,0.2,0.09999999999999995,1.5250978298745665
SPY270917C01160000,2026-08-03 13:31:48+00:00,1160.0,0.32,0.26,0.28,0.0,0.0,3.0,202.0,0.16931983032226564,False,REGULAR,USD,call,2027-09-17,1.0027397260273974,754.0499877929688,0.27,0.07407407407407414,1.5383595501343454
SPY270917C01170000,2026-09-14 15:21:41+00:00,1170.0,0.18,0.16,0.17,0.0,0.0,1.0,6.0,0.16333844482421878,False,REGULAR,USD,call,2027-09-17,1.0027397260273974,754.0499877929688,0.165,0.060606060606060656,1.5516212703941241
SPY270917C01180000,2026-09-10 17:03:30+00:00,1180.0,0.19,0.15,0.16,0.0,0.0,6.0,203.0,0.165047412109375,False,REGULAR,USD,call,2027-09-17,1.0027397260273974,754.0499877929688,0.155,0.06451612903225812,1.564882990653903
SPY270917C01190000,2026-09-03 15:11:42+00:00,1190.0,0.21,0.14,0.15,0.0,0.0,100.0,101.0,0.1667563793945313,False,REGULAR,USD,call,2027-09-17,1.0027397260273974,754.0499877929688,0.14500000000000002,0.06896551724137917,1.578144710913682
SPY270917C01200000,2026-09-11 18:48:51+00:00,1200.0,0.16,0.13,0.14,0.0,0.0,1.0,44.0,0.1682212084960938,False,REGULAR,USD,call,2027-09-17,1.0027397260273974,754.0499877929688,0.135,0.07407407407407414,1.5914064311734606
SPY270917C01210000,2026-09-02 13:58:37+00:00,1210.0,0.17,0.12,0.13,0.0,0.0,1.0,81.0,0.16968603759765627,False,REGULAR,USD,call,2027-09-17,1.0027397260273974,754.0499877929688,0.125,0.08000000000000007,1.6046681514332395
SPY270917C01220000,2026-08-17 16:17:11+00:00,1220.0,0.25,0.11,0.12,0.0,0.0,3.0,5.0,0.17090672851562502,False,REGULAR,USD,call,2027-09-17,1.0027397260273974,754.0499877929688,0.11499999999999999,0.0869565217391304,1.6179298716930184
SPY270917C01230000,2026-09-03 13:39:56+00:00,1230.0,0.14,0.1,0.11,0.0,0.0,4.0,96.0,0.17212741943359378,False,REGULAR,USD,call,2027-09-17,1.0027397260273974,754.0499877929688,0.10500000000000001,0.09523809523809518,1.6311915919527973
SPY270917C01240000,2026-09-15 16:42:18+00:00,1240.0,0.1,0.09,0.1,0.0,0.0,20.0,23.0,0.17285983398437502,False,REGULAR,USD,call,2027-09-17,1.0027397260273974,754.0499877929688,0.095,0.10526315789473693,1.644453312212576
SPY270917C01250000,2026-08-21 16:20:31+00:00,1250.0,0.16,0.08,0.1,0.0,0.0,1.0,3.0,0.17554535400390625,False,REGULAR,USD,call,2027-09-17,1.0027397260273974,754.0499877929688,0.09,0.22222222222222227,1.6577150324723549
SPY270917C01270000,2026-07-16 19:53:44+00:00,1270.0,0.2,0.11,0.13,0.0,0.0,5.0,26.0,0.1848226049804687,False,REGULAR,USD,call,2027-09-17,1.0027397260273974,754.0499877929688,0.12,0.1666666666666667,1.6842384729919126
SPY270917C01280000,2026-08-31 17:32:53+00:00,1280.0,0.1,0.07,0.08,0.0,0.0,100.0,122.0,0.17920742675781248,False,REGULAR,USD,call,2027-09-17,1.0027397260273974,754.0499877929688,0.07500000000000001,0.13333333333333325,1.6975001932516913
SPY270917C01300000,2026-09-15 18:27:40+00:00,1300.0,0.07,0.06,0.07,0.010000002,16.66667,22.0,306.0,0.18164880859375,False,REGULAR,USD,call,2027-09-17,1.0027397260273974,754.0499877929688,0.065,0.15384615384615397,1.7240236337712491
SPY270917C01310000,2026-08-18 19:18:59+00:00,1310.0,0.11,0.06,0.07,0.0,0.0,2.0,44.0,0.1840901904296875,False,REGULAR,USD,call,2027-09-17,1.0027397260273974,754.0499877929688,0.065,0.15384615384615397,1.737285354031028
SPY270917C01320000,2026-09-15 16:42:32+00:00,1320.0,0.07,0.05,0.07,0.0,0.0,20.0,21.0,0.1860432958984375,False,REGULAR,USD,call,2027-09-17,1.0027397260273974,754.0499877929688,0.060000000000000005,0.33333333333333337,1.7505470742908067
SPY270917C01330000,2026-09-15 16:41:16+00:00,1330.0,0.05,0.05,0.06,0.0,0.0,20.0,21.0,0.1860432958984375,False,REGULAR,USD,call,2027-09-17,1.0027397260273974,754.0499877929688,0.055,0.18181818181818174,1.7638087945505856
SPY270917C01350000,2026-09-15 15:50:30+00:00,1350.0,0.05,0.04,0.06,0.0,0.0,2.0,3.0,0.19043778320312502,False,REGULAR,USD,call,2027-09-17,1.0027397260273974,754.0499877929688,0.05,0.3999999999999999,1.7903322350701434
SPY270917C01360000,2026-07-31 14:49:43+00:00,1360.0,0.09,0.06,0.08,0.0,0.0,2.0,6.0,0.19727365234375,False,REGULAR,USD,call,2027-09-17,1.0027397260273974,754.0499877929688,0.07,0.28571428571428575,1.803593955329922
SPY270917P00080000,2026-09-11 17:39:48+00:00,80.0,0.04,0.05,0.06,0.0,0.0,2.0,4.0,0.73437765625,False,REGULAR,USD,put,2027-09-17,1.0027397260273974,754.0499877929688,0.055,0.18181818181818174,0.10609376207823071
SPY270917P00090000,2026-09-16 19:07:30+00:00,90.0,0.07,0.06,0.07,0.0,0.0,16.0,27.0,0.7050810742187501,False,REGULAR,USD,put,2027-09-17,1.0027397260273974,754.0499877929688,0.065,0.15384615384615397,0.11935548233800955
SPY270917P00105000,2026-08-31 18:17:23+00:00,105.0,0.1,0.09,0.1,0.0,0.0,10.0,30.0,0.676761044921875,False,REGULAR,USD,put,2027-09-17,1.0027397260273974,754.0499877929688,0.095,0.10526315789473693,0.1392480627276778
SPY270917P00110000,2026-09-15 19:34:37+00:00,110.0,0.1,0.1,0.12,0.0,0.0,10.0,27.0,0.6699251757812501,False,REGULAR,USD,put,2027-09-17,1.0027397260273974,754.0499877929688,0.11,0.18181818181818174,0.14587892285756723
SPY270917P00120000,2026-08-26 18:32:56+00:00,120.0,0.15,0.13,0.14,0.0,0.0,10.0,40.0,0.6513706738281251,False,REGULAR,USD,put,2027-09-17,1.0027397260273974,754.0499877929688,0.135,0.07407407407407414,0.15914064311734608
SPY270917P00125000,2026-08-18 19:50:36+00:00,125.0,0.19,0.14,0.15,0.0,0.0,10.0,30.0,0.641605146484375,False,REGULAR,USD,put,2027-09-17,1.0027397260273974,754.0499877929688,0.14500000000000002,0.06896551724137917,0.1657715032472355
SPY270917P00130000,2026-08-20 18:23:01+00:00,130.0,0.2,0.16,0.17,0.0,0.0,10.0,170.0,0.6357458300781251,False,REGULAR,USD,put,2027-09-17,1.0027397260273974,754.0499877929688,0.165,0.060606060606060656,0.17240236337712492
SPY270917P00135000,2026-08-27 13:30:00+00:00,135.0,0.21,0.17,0.19,0.0,0.0,5.0,110.0,0.6274451318359376,False,REGULAR,USD,put,2027-09-17,1.0027397260273974,754.0499877929688,0.18,0.11111111111111106,0.17903322350701434
SPY270917P00140000,2026-08-27 13:30:00+00:00,140.0,0.23,0.19,0.2,0.0,0.0,6.0,103.0,0.6191444335937502,False,REGULAR,USD,put,2027-09-17,1.0027397260273974,754.0499877929688,0.195,0.05128205128205133,0.18566408363690376
SPY270917P00145000,2026-08-27 13:30:00+00:00,145.0,0.25,0.21,0.22,0.0,0.0,10.0,80.0,0.6127968408203126,False,REGULAR,USD,put,2027-09-17,1.0027397260273974,754.0499877929688,0.215,0.046511627906976785,0.19229494376679318
SPY270917P00150000,2026-09-10 14:26:43+00:00,150.0,0.23,0.23,0.24,0.0,0.0,10.0,31.0,0.6054726953125001,False,REGULAR,USD,put,2027-09-17,1.0027397260273974,754.0499877929688,0.235,0.042553191489361625,0.19892580389668257
SPY270917P00160000,2026-09-16 19:28:40+00:00,160.0,0.28,0.27,0.28,-0.00999999,-3.4482727,3.0,26.0,0.5918009570312501,False,REGULAR,USD,put,2027-09-17,1.0027397260273974,754.0499877929688,0.275,0.03636363636363639,0.21218752415646142
SPY270917P00165000,2026-06-10 13:53:10+00:00,165.0,0.54,0.43,0.45,0.0,0.0,2.0,4.0,0.6113320117187502,False,REGULAR,USD,put,2027-09-17,1.0027397260273974,754.0499877929688,0.44,0.0454545454545455,0.21881838428635084
SPY270917P00170000,2026-08-11 18:13:47+00:00,170.0,0.39,0.32,0.33,0.0,0.0,6.0,13.0,0.5793499096679688,False,REGULAR,USD,put,2027-09-17,1.0027397260273974,754.0499877929688,0.325,0.030769230769230795,0.22544924441624026
SPY270917P00175000,2026-09-14 18:21:39+00:00,175.0,0.33,0.34,0.35,0.0,0.0,1.0,1.0,0.5722699023437501,False,REGULAR,USD,put,2027-09-17,1.0027397260273974,754.0499877929688,0.345,0.02898550724637668,0.23208010454612968
SPY270917P00180000,2026-09-01 19:36:05+00:00,180.0,0.38,0.37,0.38,0.0,0.0,6.0,21.0,0.5666547241210937,False,REGULAR,USD,put,2027-09-17,1.0027397260273974,754.0499877929688,0.375,0.02666666666666669,0.2387109646760191
SPY270917P00190000,2026-09-14 17:28:16+00:00,190.0,0.41,0.42,0.44,0.0,0.0,8.0,76.0,0.5544478149414063,False,REGULAR,USD,put,2027-09-17,1.0027397260273974,754.0499877929688,0.43,0.046511627906976785,0.25197268493579794
SPY270917P00200000,2026-09-16 14:18:22+00:00,200.0,0.48,0.49,0.5,0.00999999,2.1276577,71.0,1160.0,0.5434615966796876,False,REGULAR,USD,put,2027-09-17,1.0027397260273974,754.0499877929688,0.495,0.02020202020202022,0.2652344051955768
SPY270917P00205000,2026-09-11 17:26:45+00:00,205.0,0.49,0.52,0.53,0.0,0.0,200.0,220.0,0.5373581420898439,False,REGULAR,USD,put,2027-09-17,1.0027397260273974,754.0499877929688,0.525,0.019047619047619063,0.2718652653254662
SPY270917P00210000,2026-09-16 19:57:39+00:00,210.0,0.55,0.55,0.56,-0.47999996,-46.60194,3.0,0.0,0.5313767565917968,False,REGULAR,USD,put,2027-09-17,1.0027397260273974,754.0499877929688,0.555,0.018018018018018032,0.2784961254553556
SPY270917P00215000,2026-08-20 19:50:22+00:00,215.0,0.72,0.58,0.6,0.0,0.0,10.0,10.0,0.5258836474609375,False,REGULAR,USD,put,2027-09-17,1.0027397260273974,754.0499877929688,0.59,0.0338983050847458,0.285126985585245
SPY270917P00220000,2026-09-11 17:25:40+00:00,220.0,0.59,0.62,0.63,0.0,0.0,200.0,404.0,0.5202684692382812,False,REGULAR,USD,put,2027-09-17,1.0027397260273974,754.0499877929688,0.625,0.016000000000000014,0.29175784571513447
SPY270917P00225000,2026-07-29 19:50:31+00:00,225.0,1.04,0.62,0.63,0.0,0.0,21.0,31.0,0.5112353564453125,False,REGULAR,USD,put,2027-09-17,1.0027397260273974,754.0499877929688,0.625,0.016000000000000014,0.29838870584502386
SPY270917P00230000,2026-08-27 18:19:55+00:00,230.0,0.72,0.69,0.7,0.0,0.0,2.0,10.0,0.5091601818847658,False,REGULAR,USD,put,2027-09-17,1.0027397260273974,754.0499877929688,0.695,0.014388489208633108,0.3050195659749133
SPY270917P00240000,2026-07-23 19:05:48+00:00,240.0,1.21,0.88,0.89,0.0,0.0,133.0,70.0,0.5075732836914062,False,REGULAR,USD,put,2027-09-17,1.0027397260273974,754.0499877929688,0.885,0.011299435028248598,0.31828128623469215
SPY270917P00245000,2026-08-11 18:42:35+00:00,245.0,0.96,0.81,0.82,0.0,0.0,1.0,2.0,0.4939015454101563,False,REGULAR,USD,put,2027-09-17,1.0027397260273974,754.0499877929688,0.815,0.012269938650306624,0.32491214636458154
SPY270917P00250000,2026-09-16 17:23:37+00:00,250.0,0.83,0.85,0.86,0.00999999,1.219511,83.0,1056.0,0.4885305053710938,False,REGULAR,USD,put,2027-09-17,1.0027397260273974,754.0499877929688,0.855,0.01169590643274855,0.331543006494471
SPY270917P00255000,2026-08-12 16:43:10+00:00,255.0,1.03,0.9,0.91,0.0,0.0,2.0,3.0,0.48389187988281257,False,REGULAR,USD,put,2027-09-17,1.0027397260273974,754.0499877929688,0.905,0.011049723756906087,0.3381738666243604
SPY270917P00260000,2026-09-03 15:25:29+00:00,260.0,0.87,0.94,0.95,0.0,0.0,1.0,135.0,0.47852083984375,False,REGULAR,USD,put,2027-09-17,1.0027397260273974,754.0499877929688,0.945,0.010582010582010592,0.34480472675424984
SPY270917P00265000,2026-09-10 13:44:46+00:00,265.0,1.01,0.98,1.0,0.0,0.0,1.0,13.0,0.47376014526367194,False,REGULAR,USD,put,2027-09-17,1.0027397260273974,754.0499877929688,0.99,0.02020202020202022,0.35143558688413923
SPY270917P00270000,2026-09-15 13:58:05+00:00,270.0,1.0,1.03,1.04,0.0,0.0,1.0,6.0,0.4683891052246094,False,REGULAR,USD,put,2027-09-17,1.0027397260273974,754.0499877929688,1.0350000000000001,0.009661835748792277,0.3580664470140287
SPY270917P00275000,2026-09-04 14:21:56+00:00,275.0,1.0,1.08,1.09,0.0,0.0,1.0,19.0,0.4635063415527344,False,REGULAR,USD,put,2027-09-17,1.0027397260273974,754.0499877929688,1.085,0.00921658986175116,0.36469730714391807
SPY270917P00280000,2026-09-04 16:34:32+00:00,280.0,1.02,1.13,1.14,0.0,0.0,3.0,5.0,0.45868461242675784,False,REGULAR,USD,put,2027-09-17,1.0027397260273974,754.0499877929688,1.1349999999999998,0.008810572687224679,0.3713281672738075
SPY270917P00285000,2026-09-11 14:16:15+00:00,285.0,1.15,1.18,1.19,0.0,0.0,4.0,3.0,0.45386288330078123,False,REGULAR,USD,put,2027-09-17,1.0027397260273974,754.0499877929688,1.185,0.008438818565400852,0.3779590274036969
SPY270917P00290000,2026-09-14 17:54:17+00:00,290.0,1.19,1.23,1.24,0.0,0.0,3.0,7.0,0.4489190850830078,False,REGULAR,USD,put,2027-09-17,1.0027397260273974,754.0499877929688,1.2349999999999999,0.008097165991902843,0.38458988753358636
SPY270917P00295000,2026-08-25 13:36:13+00:00,295.0,1.42,1.29,1.3,0.0,0.0,1.0,3.0,0.44446356323242187,False,REGULAR,USD,put,2027-09-17,1.0027397260273974,754.0499877929688,1.295,0.007722007722007729,0.39122074766347575
SPY270917P00300000,2026-09-04 20:02:17+00:00,300.0,1.25,1.34,1.35,0.0,0.0,1.0,429.0,0.43958079956054685,False,REGULAR,USD,put,2027-09-17,1.0027397260273974,754.0499877929688,1.3450000000000002,0.007434944237918221,0.39785160779336515
SPY270917P00305000,2026-09-16 15:32:11+00:00,305.0,1.35,1.4,1.41,0.00999999,0.7462679,2.0,160.0,0.43506424316406256,False,REGULAR,USD,put,2027-09-17,1.0027397260273974,754.0499877929688,1.4049999999999998,0.007117437722419936,0.4044824679232546
SPY270917P00310000,2026-09-16 15:37:14+00:00,310.0,1.4,1.46,1.47,-0.00999999,-0.7092192,2.0,76.0,0.43054768676757815,False,REGULAR,USD,put,2027-09-17,1.0027397260273974,754.0499877929688,1.4649999999999999,0.006825938566552908,0.411113328053144
SPY270917P00320000,2026-09-14 13:31:01+00:00,320.0,1.59,1.58,1.59,0.0,0.0,1.0,75.0,0.421453539428711,False,REGULAR,USD,put,2027-09-17,1.0027397260273974,754.0499877929688,1.585,0.006309148264984233,0.42437504831292283
SPY270917P00325000,2026-09-14 19:55:00+00:00,325.0,1.59,1.64,1.65,0.0,0.0,80.0,112.0,0.41687594848632803,False,REGULAR,USD,put,2027-09-17,1.0027397260273974,754.0499877929688,1.645,0.0060790273556231055,0.4310059084428123
SPY270917P00330000,2026-09-02 15:01:13+00:00,330.0,1.68,1.71,1.72,0.0,0.0,1.0,28.0,0.41260353027343744,False,REGULAR,USD,put,2027-09-17,1.0027397260273974,754.0499877929688,1.7149999999999999,0.0058309037900874695,0.4376367685727017
SPY270917P00335000,2026-09-08 16:25:14+00:00,335.0,1.65,1.78,1.79,0.0,0.0,11.0,22.0,0.40833111206054684,False,REGULAR,USD,put,2027-09-17,1.0027397260273974,754.0499877929688,1.7850000000000001,0.005602240896358548,0.4442676287025911
SPY270917P00340000,2026-08-28 15:08:51+00:00,340.0,1.85,1.85,1.86,0.0,0.0,2.0,22.0,0.40405869384765625,False,REGULAR,USD,put,2027-09-17,1.0027397260273974,754.0499877929688,1.855,0.005390835579514829,0.4508984888324805
SPY270917P00345000,2026-09-08 15:01:00+00:00,345.0,1.76,1.92,1.93,0.0,0.0,1.0,10.0,0.3997252410888672,False,REGULAR,USD,put,2027-09-17,1.0027397260273974,754.0499877929688,1.9249999999999998,0.0051948051948052,0.45752934896236996
SPY270917P00350000,2026-09-16 13:30:04+00:00,350.0,1.92,1.99,2.0,0.0,0.0,8.0,365.0,0.39539178833007815,False,REGULAR,USD,put,2027-09-17,1.0027397260273974,754.0499877929688,1.995,0.005012531328320806,0.46416020909225936
SPY270917P00355000,2026-09-15 14:34:42+00:00,355.0,2.03,2.07,2.08,0.0,0.0,10.0,324.0,0.3913024737548828,False,REGULAR,USD,put,2027-09-17,1.0027397260273974,754.0499877929688,2.075,0.0048192771084338455,0.4707910692221488
SPY270917P00360000,2026-09-11 19:47:54+00:00,360.0,2.04,2.15,2.16,0.0,0.0,1.0,80.0,0.38721315917968746,False,REGULAR,USD,put,2027-09-17,1.0027397260273974,754.0499877929688,2.1550000000000002,0.004640371229698482,0.4774219293520382
SPY270917P00365000,2026-09-08 18:11:46+00:00,365.0,2.05,2.23,2.24,0.0,0.0,10.0,37.0,0.3830628100585937,False,REGULAR,USD,put,2027-09-17,1.0027397260273974,754.0499877929688,2.2350000000000003,0.004474272930648872,0.48405278948192765
SPY270917P00370000,2026-09-14 16:01:01+00:00,370.0,2.22,2.31,2.32,0.0,0.0,1.0,29.0,0.3789124609375,False,REGULAR,USD,put,2027-09-17,1.0027397260273974,754.0499877929688,2.315,0.004319654427645697,0.49068364961181704
SPY270917P00375000,2026-09-15 18:26:55+00:00,375.0,2.31,2.4,2.41,0.0,0.0,3.0,75.0,0.37494521545410153,False,REGULAR,USD,put,2027-09-17,1.0027397260273974,754.0499877929688,2.4050000000000002,0.004158004158004254,0.4973145097417065
SPY270917P00380000,2026-09-11 14:50:22+00:00,380.0,2.38,2.48,2.49,0.0,0.0,5.0,113.0,0.3707338317871094,False,REGULAR,USD,put,2027-09-17,1.0027397260273974,754.0499877929688,2.4850000000000003,0.004024144869215384,0.5039453698715959
SPY270917P00385000,2026-09-15 19:39:13+00:00,385.0,2.5,2.57,2.59,0.0,0.0,1.0,198.0,0.36701072448730465,False,REGULAR,USD,put,2027-09-17,1.0027397260273974,754.0499877929688,2.58,0.007751937984496131,0.5105762300014853
SPY270917P00390000,2026-09-15 19:11:30+00:00,390.0,2.58,2.67,2.68,0.0,0.0,3.0,61.0,0.36298244445800787,False,REGULAR,USD,put,2027-09-17,1.0027397260273974,754.0499877929688,2.675,0.0037383177570094323,0.5172070901313748
SPY270917P00395000,2026-09-01 18:03:05+00:00,395.0,2.72,2.76,2.77,0.0,0.0,1.0,61.0,0.3588931298828125,False,REGULAR,USD,put,2027-09-17,1.0027397260273974,754.0499877929688,2.7649999999999997,0.003616636528029017,0.5238379502612641
SPY270917P00400000,2026-09-16 19:43:06+00:00,400.0,2.88,2.86,2.87,0.1500001,5.4945087,1.0,737.0,0.3550479534912109,False,REGULAR,USD,put,2027-09-17,1.0027397260273974,754.0499877929688,2.865,0.0034904013961606388,0.5304688103911536
SPY270917P00405000,2026-09-01 18:01:42+00:00,405.0,2.93,2.96,2.97,0.0,0.0,1.0,28.0,0.3511417425537109,False,REGULAR,USD,put,2027-09-17,1.0027397260273974,754.0499877929688,2.965,0.003372681281618965,0.537099670521043
SPY270917P00410000,2026-09-15 14:38:12+00:00,410.0,2.99,3.07,3.08,0.0,0.0,1.0,100.0,0.3474186352539062,False,REGULAR,USD,put,2027-09-17,1.0027397260273974,754.0499877929688,3.075,0.0032520325203252783,0.5437305306509324
SPY270917P00415000,2026-09-11 17:38:38+00:00,415.0,3.0,3.18,3.19,0.0,0.0,15.0,65.0,0.3436650106811523,False,REGULAR,USD,put,2027-09-17,1.0027397260273974,754.0499877929688,3.185,0.003139717425431644,0.5503613907808218
SPY270917P00420000,2026-09-16 15:32:50+00:00,420.0,3.17,3.29,3.3,-0.049999952,-1.5527935,2.0,199.0,0.3398503515625,False,REGULAR,USD,put,2027-09-17,1.0027397260273974,754.0499877929688,3.295,0.00303490136570555,0.5569922509107113
SPY270917P00425000,2026-09-16 13:30:02+00:00,425.0,3.27,3.4,3.42,-0.099999905,-2.9673562,3.0,177.0,0.33618827880859375,False,REGULAR,USD,put,2027-09-17,1.0027397260273974,754.0499877929688,3.41,0.005865102639296193,0.5636231110406007
SPY270917P00430000,2026-08-31 18:44:32+00:00,430.0,3.51,3.52,3.54,0.0,0.0,7.0,217.0,0.3325262060546875,False,REGULAR,USD,put,2027-09-17,1.0027397260273974,754.0499877929688,3.5300000000000002,0.005665722379603404,0.57025397117049
SPY270917P00435000,2026-09-11 14:12:55+00:00,435.0,3.52,3.65,3.66,0.0,0.0,1.0,73.0,0.32877258148193356,False,REGULAR,USD,put,2027-09-17,1.0027397260273974,754.0499877929688,3.6550000000000002,0.0027359781121751654,0.5768848313003795
SPY270917P00440000,2026-09-15 19:33:42+00:00,440.0,3.66,3.78,3.79,0.0,0.0,2.0,222.0,0.3251715432739257,False,REGULAR,USD,put,2027-09-17,1.0027397260273974,754.0499877929688,3.785,0.002642007926023839,0.5835156914302689
SPY270917P00445000,2026-09-10 15:02:36+00:00,445.0,3.89,3.91,3.92,0.0,0.0,1.0,47.0,0.3215399877929687,False,REGULAR,USD,put,2027-09-17,1.0027397260273974,754.0499877929688,3.915,0.0025542784163473274,0.5901465515601584
SPY270917P00450000,2026-09-16 17:23:37+00:00,450.0,3.91,4.05,4.06,-0.01999998,-0.50890535,2.0,286.0,0.31799998413085934,False,REGULAR,USD,put,2027-09-17,1.0027397260273974,754.0499877929688,4.055,0.0024660912453760265,0.5967774116900477
SPY270917P00455000,2026-09-16 18:09:20+00:00,455.0,3.99,4.19,4.2,0.26999998,7.258064,1.0,81.0,0.3144294631958008,False,REGULAR,USD,put,2027-09-17,1.0027397260273974,754.0499877929688,4.195,0.0023837902264600207,0.6034082718199372
SPY270917P00460000,2026-09-14 16:29:57+00:00,460.0,4.14,4.34,4.35,0.0,0.0,783.0,605.0,0.31095049407958975,False,REGULAR,USD,put,2027-09-17,1.0027397260273974,754.0499877929688,4.345,0.0023014959723819993,0.6100391319498266
SPY270917P00465000,2026-09-15 16:20:20+00:00,465.0,4.38,4.49,4.51,0.0,0.0,2.0,57.0,0.3075935940551757,False,REGULAR,USD,put,2027-09-17,1.0027397260273974,754.0499877929688,4.5,0.00444444444444435,0.6166699920797161
SPY270917P00470000,2026-09-10 13:45:37+00:00,470.0,4.66,4.65,4.66,0.0,0.0,1.0,446.0,0.3040230731201171,False,REGULAR,USD,put,2027-09-17,1.0027397260273974,754.0499877929688,4.655,0.0021482277121374405,0.6233008522096054
SPY270917P00475000,2026-09-10 13:46:12+00:00,475.0,4.85,4.81,4.83,0.0,0.0,1.0,57.0,0.3006661730957031,False,REGULAR,USD,put,2027-09-17,1.0027397260273974,754.0499877929688,4.82,0.004149377593361091,0.6299317123394949
SPY270917P00480000,2026-09-15 19:18:03+00:00,480.0,4.84,4.98,5.0,0.0,0.0,1.0,948.0,0.29727875579833973,False,REGULAR,USD,put,2027-09-17,1.0027397260273974,754.0499877929688,4.99,0.004008016032064043,0.6365625724693843
SPY270917P00485000,2026-09-10 18:09:56+00:00,485.0,5.23,5.16,5.18,0.0,0.0,1.0,87.0,0.29395237304687494,False,REGULAR,USD,put,2027-09-17,1.0027397260273974,754.0499877929688,5.17,0.003868471953578254,0.6431934325992738
SPY270917P00490000,2026-09-16 19:34:55+00:00,490.0,5.42,5.35,5.36,-0.029999733,-0.55045384,3.0,105.0,0.2905649557495117,False,REGULAR,USD,put,2027-09-17,1.0027397260273974,754.0499877929688,5.355,0.0018674136321196403,0.6498242927291631
SPY270917P00495000,2026-09-14 19:34:59+00:00,495.0,5.26,5.54,5.56,0.0,0.0,3.0,207.0,0.2873606420898437,False,REGULAR,USD,put,2027-09-17,1.0027397260273974,754.0499877929688,5.55,0.003603603603603527,0.6564551528590525
SPY270917P00500000,2026-09-16 19:43:06+00:00,500.0,5.84,5.74,5.76,0.3800001,6.959709,11.0,637.0,0.28409529388427723,False,REGULAR,USD,put,2027-09-17,1.0027397260273974,754.0499877929688,5.75,0.0034782608695651434,0.663086012988942
SPY270917P00505000,2026-09-16 17:35:15+00:00,505.0,5.71,5.95,5.96,-0.07000017,-1.2110755,100.0,223.0,0.28076891113281244,False,REGULAR,USD,put,2027-09-17,1.0027397260273974,754.0499877929688,5.955,0.001679261125104918,0.6697168731188313
SPY270917P00510000,2026-09-14 14:31:11+00:00,510.0,6.08,6.16,6.18,0.0,0.0,38.0,106.0,0.2775951147460937,False,REGULAR,USD,put,2027-09-17,1.0027397260273974,754.0499877929688,6.17,0.0032414910858994447,0.6763477332487208
SPY270917P00515000,2026-09-01 20:00:06+00:00,515.0,6.38,6.39,6.4,0.0,0.0,80.0,141.0,0.27436028381347655,False,REGULAR,USD,put,2027-09-17,1.0027397260273974,754.0499877929688,6.395,0.0015637216575450626,0.6829785933786102
SPY270917P00520000,2026-09-16 19:28:40+00:00,520.0,6.89,6.62,6.64,0.40999985,6.327158,5.0,891.0,0.27127803924560545,False,REGULAR,USD,put,2027-09-17,1.0027397260273974,754.0499877929688,6.63,0.0030165912518853055,0.6896094535084997
SPY270917P00525000,2026-09-15 19:07:49+00:00,525.0,6.68,6.86,6.88,0.0,0.0,21.0,201.0,0.2681042428588867,False,REGULAR,USD,put,2027-09-17,1.0027397260273974,754.0499877929688,6.87,0.0029112081513827616,0.696240313638389
SPY270917P00530000,2026-09-16 19:26:46+00:00,530.0,7.44,7.12,7.14,0.53999996,7.8260865,1.0,1019.0,0.2650677742004394,False,REGULAR,USD,put,2027-09-17,1.0027397260273974,754.0499877929688,7.13,0.0028050490883589864,0.7028711737682785
SPY270917P00535000,2026-09-16 18:36:51+00:00,535.0,7.25,7.38,7.4,0.09000015,1.2569854,1501.0,2323.0,0.2619397537231446,False,REGULAR,USD,put,2027-09-17,1.0027397260273974,754.0499877929688,7.390000000000001,0.0027063599458728633,0.7095020338981679
SPY270917P00540000,2026-09-14 13:45:25+00:00,540.0,7.38,7.66,7.67,-0.13999987,-1.8617004,1.0,1127.0,0.2588422505187989,False,REGULAR,USD,put,2027-09-17,1.0027397260273974,754.0499877929688,7.665,0.0013046314416177152,0.7161328940280574
SPY270917P00545000,2026-09-16 14:01:13+00:00,545.0,7.55,7.94,7.96,-0.15999985,-2.0752249,250.0,353.0,0.25583629913330086,False,REGULAR,USD,put,2027-09-17,1.0027397260273974,754.0499877929688,7.95,0.002515723270440198,0.7227637541579467
SPY270917P00550000,2026-09-16 19:49:00+00:00,550.0,8.27,8.24,8.26,0.41000032,5.2162886,14.0,1153.0,0.25284560638427733,False,REGULAR,USD,put,2027-09-17,1.0027397260273974,754.0499877929688,8.25,0.0024242424242423726,0.7293946142878361
SPY270917P00555000,2026-09-15 19:18:49+00:00,555.0,8.33,8.53,8.59,0.0,0.0,56.0,3517.0,0.2500075,False,REGULAR,USD,put,2027-09-17,1.0027397260273974,754.0499877929688,8.559999999999999,0.007009345794392582,0.7360254744177256
SPY270917P00560000,2026-09-14 13:38:26+00:00,560.0,8.82,8.86,8.91,0.0,0.0,3.0,415.0,0.24700154861450196,False,REGULAR,USD,put,2027-09-17,1.0027397260273974,754.0499877929688,8.885,0.0056274620146314815,0.742656334547615
SPY270917P00565000,2026-09-16 19:34:54+00:00,565.0,9.39,9.19,9.25,0.5100002,5.7432456,2.0,441.0,0.24407189041137695,False,REGULAR,USD,put,2027-09-17,1.0027397260273974,754.0499877929688,9.219999999999999,0.006507592190889425,0.7492871946775044
SPY270917P00570000,2026-09-15 16:06:06+00:00,570.0,9.35,9.55,9.6,0.0,0.0,140.0,581.0,0.24112697357177731,False,REGULAR,USD,put,2027-09-17,1.0027397260273974,754.0499877929688,9.575,0.005221932114882396,0.7559180548073938
SPY270917P00575000,2026-09-16 19:24:30+00:00,575.0,10.35,9.91,9.97,0.62000084,6.372054,15.0,1086.0,0.23822783264160152,False,REGULAR,USD,put,2027-09-17,1.0027397260273974,754.0499877929688,9.940000000000001,0.006036217303822987,0.7625489149372833
SPY270917P00580000,2026-09-16 18:36:41+00:00,580.0,10.12,10.29,10.35,0.07999992,0.796812,1.0,1056.0,0.23531343307495117,False,REGULAR,USD,put,2027-09-17,1.0027397260273974,754.0499877929688,10.32,0.005813953488372141,0.7691797750671727
SPY270917P00585000,2026-09-15 15:39:52+00:00,585.0,10.51,10.69,10.75,0.0,0.0,6.0,614.0,0.2324448094177246,False,REGULAR,USD,put,2027-09-17,1.0027397260273974,754.0499877929688,10.719999999999999,0.005597014925373182,0.7758106351970621
SPY270917P00590000,2026-09-16 19:25:03+00:00,590.0,11.56,11.11,11.17,0.64000034,5.860809,10.0,953.0,0.22960670303344727,False,REGULAR,USD,put,2027-09-17,1.0027397260273974,754.0499877929688,11.14,0.0053859964093357715,0.7824414953269515
SPY270917P00595000,2026-09-16 19:34:54+00:00,595.0,11.75,11.54,11.61,0.39999962,3.5242257,6.0,598.0,0.2268067432403564,False,REGULAR,USD,put,2027-09-17,1.0027397260273974,754.0499877929688,11.575,0.006047516198704129,0.789072355456841
SPY270917P00600000,2026-09-16 19:24:31+00:00,600.0,12.55,12.0,12.06,0.7399998,6.2658744,24.0,4435.0,0.22396100753784176,False,REGULAR,USD,put,2027-09-17,1.0027397260273974,754.0499877929688,12.030000000000001,0.004987531172069866,0.7957032155867303
SPY270917P00605000,2026-09-16 19:34:54+00:00,605.0,12.68,12.47,12.53,0.5100002,4.1906347,10.0,748.0,0.22113053047180173,False,REGULAR,USD,put,2027-09-17,1.0027397260273974,754.0499877929688,12.5,0.004799999999999898,0.8023340757166197
SPY270917P00610000,2026-09-16 19:34:54+00:00,610.0,13.2,12.96,13.03,0.52999973,4.1831074,31.0,611.0,0.21837634658813476,False,REGULAR,USD,put,2027-09-17,1.0027397260273974,754.0499877929688,12.995000000000001,0.005386687187379646,0.8089649358465092
SPY270917P00615000,2026-09-16 19:26:01+00:00,615.0,14.15,13.47,13.55,0.90999985,6.873111,1.0,714.0,0.2156145333862305,False,REGULAR,USD,put,2027-09-17,1.0027397260273974,754.0499877929688,13.510000000000002,0.005921539600296082,0.8155957959763986
SPY270917P00620000,2026-09-16 19:34:54+00:00,620.0,14.25,14.01,14.08,0.53999996,3.9387305,2.0,1188.0,0.21280694427490232,False,REGULAR,USD,put,2027-09-17,1.0027397260273974,754.0499877929688,14.045,0.004983980064079764,0.822226656106288
SPY270917P00625000,2026-09-16 14:34:09+00:00,625.0,13.98,14.57,14.64,-0.26000023,-1.8258443,2.0,950.0,0.21004513107299805,False,REGULAR,USD,put,2027-09-17,1.0027397260273974,754.0499877929688,14.605,0.004792879150975713,0.8288575162361774
SPY270917P00630000,2026-09-15 15:39:34+00:00,630.0,14.89,15.15,15.23,0.0,0.0,2.0,555.0,0.20731383514404295,False,REGULAR,USD,put,2027-09-17,1.0027397260273974,754.0499877929688,15.190000000000001,0.0052666227781435196,0.8354883763660669
SPY270917P00635000,2026-09-16 15:33:29+00:00,635.0,14.99,15.76,15.84,-0.47000027,-3.040105,15.0,256.0,0.20457490989685054,False,REGULAR,USD,put,2027-09-17,1.0027397260273974,754.0499877929688,15.8,0.005063291139240511,0.8421192364959563
SPY270917P00640000,2026-09-16 19:34:54+00:00,640.0,16.7,16.4,16.48,0.75000095,4.7022,16.0,277.0,0.2018512432861328,False,REGULAR,USD,put,2027-09-17,1.0027397260273974,754.0499877929688,16.439999999999998,0.004866180048661913,0.8487500966258457
SPY270917P00645000,2026-09-16 14:10:38+00:00,645.0,16.29,17.06,17.14,-0.37999916,-2.279539,6.0,402.0,0.1991046887207031,False,REGULAR,USD,put,2027-09-17,1.0027397260273974,754.0499877929688,17.1,0.004678362573099523,0.8553809567557351
SPY270917P00650000,2026-09-16 19:44:33+00:00,650.0,18.09,17.75,17.84,0.69000053,3.9655204,554.0,1514.0,0.19641153938293457,False,REGULAR,USD,put,2027-09-17,1.0027397260273974,754.0499877929688,17.795,0.005057600449564476,0.8620118168856246
SPY270917P00655000,2026-09-15 19:36:19+00:00,655.0,18.04,18.47,18.56,0.0,0.0,26.0,290.0,0.19367261413574222,False,REGULAR,USD,put,2027-09-17,1.0027397260273974,754.0499877929688,18.515,0.004860923575479333,0.868642677015514
SPY270917P00660000,2026-09-16 18:57:01+00:00,660.0,19.23,19.23,19.31,0.55999947,2.9994614,2.0,5224.0,0.19094131820678711,False,REGULAR,USD,put,2027-09-17,1.0027397260273974,754.0499877929688,19.27,0.004151530877010809,0.8752735371454033
SPY270917P00665000,2026-09-16 19:19:23+00:00,665.0,20.84,20.01,20.1,1.1599998,5.894308,1.0,247.0,0.18823291023254393,False,REGULAR,USD,put,2027-09-17,1.0027397260273974,754.0499877929688,20.055,0.004487658937920711,0.8819043972752928
SPY270917P00670000,2026-09-16 19:19:39+00:00,670.0,21.68,20.82,20.92,1.4099998,6.956092,1.0,628.0,0.18550924362182614,False,REGULAR,USD,put,2027-09-17,1.0027397260273974,754.0499877929688,20.87,0.0047915668423575185,0.8885352574051822
SPY270917P00675000,2026-09-16 19:19:17+00:00,675.0,22.54,21.69,21.77,1.3400002,6.320755,1.0,3426.0,0.18276268905639648,False,REGULAR,USD,put,2027-09-17,1.0027397260273974,754.0499877929688,21.73,0.0036815462494246796,0.8951661175350717
SPY270917P00680000,2026-09-16 19:54:28+00:00,680.0,22.67,22.58,22.66,0.48999977,2.2091963,46.0,363.0,0.18002376380920412,False,REGULAR,USD,put,2027-09-17,1.0027397260273974,754.0499877929688,22.619999999999997,0.003536693191865688,0.901796977664961
SPY270917P00685000,2026-09-16 15:58:38+00:00,685.0,22.25,23.49,23.6,-0.72999954,-3.1766734,12.0,1808.0,0.17732298515319825,False,REGULAR,USD,put,2027-09-17,1.0027397260273974,754.0499877929688,23.545,0.00467190486302837,0.9084278377948505
SPY270917P00690000,2026-09-16 18:36:57+00:00,690.0,23.33,24.45,24.55,-0.6700001,-2.791667,9.0,1574.0,0.17450013740539552,False,REGULAR,USD,put,2027-09-17,1.0027397260273974,754.0499877929688,24.5,0.004081632653061282,0.9150586979247399
SPY270917P00695000,2026-09-16 19:06:59+00:00,695.0,25.45,25.48,25.57,0.44000053,1.7592984,4.0,668.0,0.17177647079467773,False,REGULAR,USD,put,2027-09-17,1.0027397260273974,754.0499877929688,25.525,0.0035259549461312384,0.9216895580546293
SPY270917P00700000,2026-09-16 19:34:34+00:00,700.0,27.07,26.5,26.66,1.039999,3.9953861,11.0,3447.0,0.16914435600280764,False,REGULAR,USD,put,2027-09-17,1.0027397260273974,754.0499877929688,26.58,0.006019563581640337,0.9283204181845187
SPY270917P00705000,2026-09-15 15:29:32+00:00,705.0,27.12,27.5,27.76,0.0,0.0,1.0,653.0,0.16635965484619147,False,REGULAR,USD,put,2027-09-17,1.0027397260273974,754.0499877929688,27.630000000000003,0.009410061527325427,0.9349512783144082
SPY270917P00710000,2026-09-16 19:14:45+00:00,710.0,29.6,28.71,28.9,1.5400009,5.4882426,2.0,1505.0,0.1635368070983887,False,REGULAR,USD,put,2027-09-17,1.0027397260273974,754.0499877929688,28.805,0.006596077069953054,0.9415821384442976
SPY270917P00715000,2026-09-16 19:34:54+00:00,715.0,30.59,29.85,30.09,1.2399998,4.224871,22.0,1385.0,0.16069107139587405,False,REGULAR,USD,put,2027-09-17,1.0027397260273974,754.0499877929688,29.97,0.008008008008007956,0.948212998574187
SPY270917P00720000,2026-09-16 19:25:30+00:00,720.0,31.66,31.16,31.34,1.4200001,4.6957674,34.0,2765.0,0.15785677967071532,False,REGULAR,USD,put,2027-09-17,1.0027397260273974,754.0499877929688,31.25,0.005759999999999991,0.9548438587040764
SPY270917P00725000,2026-09-16 18:07:18+00:00,725.0,30.7,32.46,32.63,-1.1700001,-3.6711643,4.0,6022.0,0.15495000942230225,False,REGULAR,USD,put,2027-09-17,1.0027397260273974,754.0499877929688,32.545,0.005223536641573258,0.9614747188339658
SPY270917P00730000,2026-09-16 19:34:54+00:00,730.0,34.46,33.73,33.99,1.5900002,4.8372383,6.0,1236.0,0.15206231246948243,False,REGULAR,USD,put,2027-09-17,1.0027397260273974,754.0499877929688,33.86,0.007678676904902691,0.9681055789638553
SPY270917P00735000,2026-09-16 20:10:04+00:00,735.0,35.33,35.13,35.41,0.77000046,2.2280104,48.0,1536.0,0.14915554222106933,False,REGULAR,USD,put,2027-09-17,1.0027397260273974,754.0499877929688,35.269999999999996,0.007938758151403292,0.9747364390937446
SPY270917P00740000,2026-09-16 19:34:34+00:00,740.0,37.52,36.6,36.89,1.8300018,5.127492,20.0,639.0,0.1462029960632324,False,REGULAR,USD,put,2027-09-17,1.0027397260273974,754.0499877929688,36.745000000000005,0.007892230235406153,0.9813672992236341
SPY270917P00745000,2026-09-16 18:31:06+00:00,745.0,36.63,38.15,38.45,-0.73999786,-1.9801923,13.0,269.0,0.14326570854187012,False,REGULAR,USD,put,2027-09-17,1.0027397260273974,754.0499877929688,38.3,0.007832898172323872,0.9879981593535235
SPY270917P00750000,2026-09-16 20:00:30+00:00,750.0,40.0,39.76,40.08,1.2299995,3.172555,525.0,667.0,0.14029027442932127,False,REGULAR,USD,put,2027-09-17,1.0027397260273974,754.0499877929688,39.92,0.008016032064128263,0.994629019483413
SPY270917P00755000,2026-09-16 19:34:54+00:00,755.0,42.43,41.47,41.79,2.0100021,4.972791,103.0,882.0,0.1372995816802979,True,REGULAR,USD,put,2027-09-17,1.0027397260273974,754.0499877929688,41.629999999999995,0.007686764352630322,1.0012598796133023
SPY270917P00760000,2026-09-16 19:24:12+00:00,760.0,45.18,43.24,43.58,3.040001,7.214051,22.0,923.0,0.1342783716583252,True,REGULAR,USD,put,2027-09-17,1.0027397260273974,754.0499877929688,43.41,0.007832296705828065,1.0078907397431918
SPY270917P00765000,2026-09-16 20:04:35+00:00,765.0,45.24,45.12,45.47,1.2800026,2.9117439,11.0,1443.0,0.13126479095458982,True,REGULAR,USD,put,2027-09-17,1.0027397260273974,754.0499877929688,45.295,0.007727122198918234,1.0145215998730812
SPY270917P00770000,2026-09-16 19:23:24+00:00,770.0,49.17,47.06,47.45,2.949997,6.3825116,17.0,5532.0,0.12821306365966795,True,REGULAR,USD,put,2027-09-17,1.0027397260273974,754.0499877929688,47.255,0.008253094910591483,1.0211524600029707
SPY270917P00775000,2026-09-16 18:48:52+00:00,775.0,51.33,49.14,49.53,3.2200012,6.6929975,85.0,1347.0,0.1251384484100342,True,REGULAR,USD,put,2027-09-17,1.0027397260273974,754.0499877929688,49.335,0.00790513833992096,1.0277833201328601
SPY270917P00780000,2026-09-16 19:23:23+00:00,780.0,53.59,51.31,51.71,3.6800003,7.3732724,1.0,913.0,0.12201042793273928,True,REGULAR,USD,put,2027-09-17,1.0027397260273974,754.0499877929688,51.510000000000005,0.007765482430595973,1.0344141802627496
SPY270917P00785000,2026-09-15 15:31:30+00:00,785.0,52.57,53.61,54.02,0.0,0.0,1.0,1581.0,0.11891292472839354,True,REGULAR,USD,put,2027-09-17,1.0027397260273974,754.0499877929688,53.815,0.007618693672767885,1.0410450403926388
SPY270917P00790000,2026-09-14 13:42:47+00:00,790.0,54.4,56.0,56.42,0.0,0.0,1.0,741.0,0.11568572311401368,True,REGULAR,USD,put,2027-09-17,1.0027397260273974,754.0499877929688,56.21,0.007471980074719831,1.0476759005225282
SPY270917P00795000,2026-09-04 18:31:31+00:00,795.0,51.43,58.54,58.97,0.0,0.0,1.0,1092.0,0.1125042974090576,True,REGULAR,USD,put,2027-09-17,1.0027397260273974,754.0499877929688,58.754999999999995,0.007318526082886558,1.0543067606524177
SPY270917P00800000,2026-09-16 19:47:08+00:00,800.0,62.34,61.28,61.63,2.7000008,4.527164,11.0,3094.0,0.10920080261230468,True,REGULAR,USD,put,2027-09-17,1.0027397260273974,754.0499877929688,61.455,0.00569522414775041,1.0609376207823071
SPY270917P00805000,2026-09-16 19:08:08+00:00,805.0,64.41,64.01,64.44,2.460003,3.970949,14.0,4901.0,0.10588967849731445,True,REGULAR,USD,put,2027-09-17,1.0027397260273974,754.0499877929688,64.225,0.006695212144803311,1.0675684809121966
SPY270917P00810000,2026-09-15 20:12:41+00:00,810.0,64.79,65.0,69.68,0.0,0.0,1.0,204.0,0.1116727017211914,True,REGULAR,USD,put,2027-09-17,1.0027397260273974,754.0499877929688,67.34,0.0694980694980696,1.074199341042086
SPY270917P00815000,2026-09-16 19:25:35+00:00,815.0,73.25,68.0,72.79,6.75,10.150376,1.0,3442.0,0.1087430435180664,True,REGULAR,USD,put,2027-09-17,1.0027397260273974,754.0499877929688,70.39500000000001,0.06804460544072741,1.0808302011719755
SPY270917P00820000,2026-09-16 19:42:52+00:00,820.0,75.25,71.16,76.0,4.199997,5.9113255,1.0,5607.0,0.10561502304077147,True,REGULAR,USD,put,2027-09-17,1.0027397260273974,754.0499877929688,73.58,0.06577874422397395,1.0874610613018647
SPY270917P00825000,2026-09-16 19:25:35+00:00,825.0,80.25,74.64,79.5,8.68,12.127987,1.0,2555.0,0.10311260665893554,True,REGULAR,USD,put,2027-09-17,1.0027397260273974,754.0499877929688,77.07,0.06305955624756715,1.0940919214317542
SPY270917P00830000,2026-09-11 15:51:08+00:00,830.0,72.76,78.5,83.26,0.0,0.0,4.0,2175.0,0.10122053573608397,True,REGULAR,USD,put,2027-09-17,1.0027397260273974,754.0499877929688,80.88,0.05885262116716129,1.1007227815616436
SPY270917P00835000,2026-09-01 19:09:24+00:00,835.0,80.14,82.24,87.0,0.0,0.0,4.0,439.0,0.09858079162597656,True,REGULAR,USD,put,2027-09-17,1.0027397260273974,754.0499877929688,84.62,0.05625147719215321,1.107353641691533
SPY270917P00840000,2026-09-16 13:52:17+00:00,840.0,83.2,86.5,91.28,-2.8300018,-3.2895525,1.0,1934.0,0.09827561889648437,True,REGULAR,USD,put,2027-09-17,1.0027397260273974,754.0499877929688,88.89,0.05377432782090225,1.1139845018214225
SPY270917P00845000,2026-09-09 19:11:12+00:00,845.0,86.05,90.76,95.5,0.0,0.0,14.0,6878.0,0.09716936775207521,True,REGULAR,USD,put,2027-09-17,1.0027397260273974,754.0499877929688,93.13,0.050896596155911036,1.120615361951312
SPY270917P00850000,2026-09-16 19:33:43+00:00,850.0,97.5,95.5,100.24,2.0,2.094241,1.0,11976.0,0.0989469989013672,True,REGULAR,USD,put,2027-09-17,1.0027397260273974,754.0499877929688,97.87,0.04843159292939608,1.1272462220812014
SPY270917P00855000,2026-09-09 19:18:24+00:00,855.0,94.11,100.14,105.0,0.0,0.0,587.0,1542.0,0.10070174209594726,True,REGULAR,USD,put,2027-09-17,1.0027397260273974,754.0499877929688,102.57,0.04738227551915765,1.1338770822110908
SPY270917P00860000,2026-09-09 19:22:33+00:00,860.0,98.59,105.05,109.95,0.0,0.0,522.0,299.0,0.10364665893554686,True,REGULAR,USD,put,2027-09-17,1.0027397260273974,754.0499877929688,107.5,0.04558139534883726,1.14050794234098
SPY270917P00865000,2026-09-09 14:15:41+00:00,865.0,102.6,110.02,114.92,0.0,0.0,1.0,14.0,0.10666786895751953,True,REGULAR,USD,put,2027-09-17,1.0027397260273974,754.0499877929688,112.47,0.04356717346848053,1.1471388024708695
SPY270917P00870000,2026-08-21 16:13:40+00:00,870.0,104.84,115.01,119.91,0.0,0.0,2.0,9.0,0.10978063079833984,True,REGULAR,USD,put,2027-09-17,1.0027397260273974,754.0499877929688,117.46000000000001,0.04171632896305118,1.153769662600759
SPY270917P00875000,2026-09-11 18:03:51+00:00,875.0,110.05,120.0,124.9,0.0,0.0,6.0,4.0,0.11284761672973634,True,REGULAR,USD,put,2027-09-17,1.0027397260273974,754.0499877929688,122.45,0.040016333197223405,1.1604005227306484
SPY270917P00880000,2026-08-17 13:32:22+00:00,880.0,105.51,125.0,129.9,0.0,0.0,2.0,9.0,0.11594511993408202,True,REGULAR,USD,put,2027-09-17,1.0027397260273974,754.0499877929688,127.45,0.0384464495880738,1.1670313828605379
SPY270917P00885000,2026-08-26 13:30:16+00:00,885.0,119.57,130.0,134.9,0.0,0.0,2.0,0.0,0.1190121058654785,True,REGULAR,USD,put,2027-09-17,1.0027397260273974,754.0499877929688,132.45,0.036995092487731265,1.1736622429904273
SPY270917P00890000,2026-08-28 13:30:10+00:00,890.0,134.29,135.0,139.89,14.789993,12.376563,1.0,1.0,0.12195702270507813,True,REGULAR,USD,put,2027-09-17,1.0027397260273974,754.0499877929688,137.445,0.03557786751064052,1.1802931031203168
SPY270917P00900000,2026-09-03 18:08:05+00:00,900.0,126.9,145.0,149.88,0.0,0.0,1.0,17.0,0.12781633911132811,True,REGULAR,USD,put,2027-09-17,1.0027397260273974,754.0499877929688,147.44,0.03309820944112857,1.1935548233800954
SPY270917P00910000,2026-08-31 18:21:57+00:00,910.0,142.68,155.0,159.87,0.0,0.0,10.0,10.0,0.13355358642578125,True,REGULAR,USD,put,2027-09-17,1.0027397260273974,754.0499877929688,157.435,0.030933401086162573,1.2068165436398743
SPY270917P00960000,2026-06-26 19:59:56+00:00,960.0,231.0,194.0,198.76,0.0,0.0,1.0,0.0,1.0000000000000003e-05,True,REGULAR,USD,put,2027-09-17,1.0027397260273974,754.0499877929688,196.38,0.02423872084733675,1.2731251449387686
